id,record_type,title,category,subcategory,kind,canon_status,description,game_adaptation,chapter_refs,source_ids,entity_ids,artwork_ids,level_ids,tags,notes,local_path,status,file_exists,sha256,file_bytes,width,height,target_minutes,data_json
C01,entity,Maskull,characters,named-character,,novel_fact,"The Earth traveller follows successive people and philosophies across Tormance. His apparent independence repeatedly fails; he kills several people under altered moral perceptions. At the end Krag identifies him with Nightspore, and Maskull dies as Nightspore reappears.",Reference silhouette and moral journey; the campaign’s established playable character is retained.,"[{""label"": ""Chapter 1. THE SÉANCE"", ""book"": """", ""chapter"": 1, ""title"": ""THE SÉANCE"", ""source_id"": ""S01"", ""url"": ""https://www.gutenberg.org/cache/epub/1329/pg1329-images.html#link2HCH0001"", ""note"": """"}, {""label"": ""Chapter 6. JOIWIND"", ""book"": """", ""chapter"": 6, ""title"": ""JOIWIND"", ""source_id"": ""S01"", ""url"": ""https://www.gutenberg.org/cache/epub/1329/pg1329-images.html#link2HCH0006"", ""note"": """"}, {""label"": ""Chapter 9. OCEAXE"", ""book"": """", ""chapter"": 9, ""title"": ""OCEAXE"", ""source_id"": ""S01"", ""url"": ""https://www.gutenberg.org/cache/epub/1329/pg1329-images.html#link2HCH0009"", ""note"": """"}, {""label"": ""Chapter 10. TYDOMIN"", ""book"": """", ""chapter"": 10, ""title"": ""TYDOMIN"", ""source_id"": ""S01"", ""url"": ""https://www.gutenberg.org/cache/epub/1329/pg1329-images.html#link2HCH0010"", ""note"": """"}, {""label"": ""Chapter 12. SPADEVIL"", ""book"": """", ""chapter"": 12, ""title"": ""SPADEVIL"", ""source_id"": ""S01"", ""url"": ""https://www.gutenberg.org/cache/epub/1329/pg1329-images.html#link2HCH0012"", ""note"": """"}, {""label"": ""Chapter 13. THE WOMBFLASH FOREST"", ""book"": """", ""chapter"": 13, ""title"": ""THE WOMBFLASH FOREST"", ""source_id"": ""S01"", ""url"": ""https://www.gutenberg.org/cache/epub/1329/pg1329-images.html#link2HCH0013"", ""note"": """"}, {""label"": ""Chapter 19. SULLENBODE"", ""book"": """", ""chapter"": 19, ""title"": ""SULLENBODE"", ""source_id"": ""S01"", ""url"": ""https://www.gutenberg.org/cache/epub/1329/pg1329-images.html#link2HCH0019"", ""note"": """"}, {""label"": ""Chapter 20. BAREY"", ""book"": """", ""chapter"": 20, ""title"": ""BAREY"", ""source_id"": ""S01"", ""url"": ""https://www.gutenberg.org/cache/epub/1329/pg1329-images.html#link2HCH0020"", ""note"": """"}]","[""S01""]",,"[""G01"", ""G02"", ""G11"", ""G16""]",[],[],Maskull and Nightspore have separate narrative appearances but share identity group I01; do not count them as two unrelated souls.,,,,,,,,,"{""id"": ""C01"", ""title"": ""Maskull"", ""name"": ""Maskull"", ""category"": ""characters"", ""subcategory"": ""named-character"", ""canon_status"": ""novel_fact"", ""description"": ""The Earth traveller follows successive people and philosophies across Tormance. His apparent independence repeatedly fails; he kills several people under altered moral perceptions. At the end Krag identifies him with Nightspore, and Maskull dies as Nightspore reappears."", ""visual_facts"": ""Very large and broad; heavy carved-looking features, full beard, short bristling black hair, small black eyes. His Tormance organs change by region."", ""game_adaptation"": ""Reference silhouette and moral journey; the campaign’s established playable character is retained."", ""notes"": ""Maskull and Nightspore have separate narrative appearances but share identity group I01; do not count them as two unrelated souls."", ""aliases"": [], ""source_ids"": [""S01""], ""chapter_refs"": [{""label"": ""Chapter 1. THE SÉANCE"", ""book"": """", ""chapter"": 1, ""title"": ""THE SÉANCE"", ""source_id"": ""S01"", ""url"": ""https://www.gutenberg.org/cache/epub/1329/pg1329-images.html#link2HCH0001"", ""note"": """"}, {""label"": ""Chapter 6. JOIWIND"", ""book"": """", ""chapter"": 6, ""title"": ""JOIWIND"", ""source_id"": ""S01"", ""url"": ""https://www.gutenberg.org/cache/epub/1329/pg1329-images.html#link2HCH0006"", ""note"": """"}, {""label"": ""Chapter 9. OCEAXE"", ""book"": """", ""chapter"": 9, ""title"": ""OCEAXE"", ""source_id"": ""S01"", ""url"": ""https://www.gutenberg.org/cache/epub/1329/pg1329-images.html#link2HCH0009"", ""note"": """"}, {""label"": ""Chapter 10. TYDOMIN"", ""book"": """", ""chapter"": 10, ""title"": ""TYDOMIN"", ""source_id"": ""S01"", ""url"": ""https://www.gutenberg.org/cache/epub/1329/pg1329-images.html#link2HCH0010"", ""note"": """"}, {""label"": ""Chapter 12. SPADEVIL"", ""book"": """", ""chapter"": 12, ""title"": ""SPADEVIL"", ""source_id"": ""S01"", ""url"": ""https://www.gutenberg.org/cache/epub/1329/pg1329-images.html#link2HCH0012"", ""note"": """"}, {""label"": ""Chapter 13. THE WOMBFLASH FOREST"", ""book"": """", ""chapter"": 13, ""title"": ""THE WOMBFLASH FOREST"", ""source_id"": ""S01"", ""url"": ""https://www.gutenberg.org/cache/epub/1329/pg1329-images.html#link2HCH0013"", ""note"": """"}, {""label"": ""Chapter 19. SULLENBODE"", ""book"": """", ""chapter"": 19, ""title"": ""SULLENBODE"", ""source_id"": ""S01"", ""url"": ""https://www.gutenberg.org/cache/epub/1329/pg1329-images.html#link2HCH0019"", ""note"": """"}, {""label"": ""Chapter 20. BAREY"", ""book"": """", ""chapter"": 20, ""title"": ""BAREY"", ""source_id"": ""S01"", ""url"": ""https://www.gutenberg.org/cache/epub/1329/pg1329-images.html#link2HCH0020"", ""note"": """"}], ""tags"": [], ""identity_group_id"": ""I01"", ""related_entity_ids"": [""C02"", ""C03""], ""artwork_ids"": [""G01"", ""G02"", ""G11"", ""G16""], ""level_ids"": []}"
C02,entity,Nightspore,characters,named-character,,novel_fact,Maskull’s reserved companion on Earth and the awakened traveller of the final chapter. He climbs the Muspel tower and learns the false world’s mechanism before choosing to return to the struggle with Krag.,Witness or revelation figure; not a rival boss.,"[{""label"": ""Chapter 1. THE SÉANCE"", ""book"": """", ""chapter"": 1, ""title"": ""THE SÉANCE"", ""source_id"": ""S01"", ""url"": ""https://www.gutenberg.org/cache/epub/1329/pg1329-images.html#link2HCH0001"", ""note"": """"}, {""label"": ""Chapter 3. STARKNESS"", ""book"": """", ""chapter"": 3, ""title"": ""STARKNESS"", ""source_id"": ""S01"", ""url"": ""https://www.gutenberg.org/cache/epub/1329/pg1329-images.html#link2HCH0003"", ""note"": """"}, {""label"": ""Chapter 5. THE NIGHT OF DEPARTURE"", ""book"": """", ""chapter"": 5, ""title"": ""THE NIGHT OF DEPARTURE"", ""source_id"": ""S01"", ""url"": ""https://www.gutenberg.org/cache/epub/1329/pg1329-images.html#link2HCH0005"", ""note"": """"}, {""label"": ""Chapter 13. THE WOMBFLASH FOREST"", ""book"": """", ""chapter"": 13, ""title"": ""THE WOMBFLASH FOREST"", ""source_id"": ""S01"", ""url"": ""https://www.gutenberg.org/cache/epub/1329/pg1329-images.html#link2HCH0013"", ""note"": """"}, {""label"": ""Chapter 20. BAREY"", ""book"": """", ""chapter"": 20, ""title"": ""BAREY"", ""source_id"": ""S01"", ""url"": ""https://www.gutenberg.org/cache/epub/1329/pg1329-images.html#link2HCH0020"", ""note"": """"}, {""label"": ""Chapter 21. MUSPEL"", ""book"": """", ""chapter"": 21, ""title"": ""MUSPEL"", ""source_id"": ""S01"", ""url"": ""https://www.gutenberg.org/cache/epub/1329/pg1329-images.html#link2HCH0021"", ""note"": """"}]","[""S01""]",,"[""G01"", ""G04"", ""G15""]",[],[],Ch20 makes Maskull/Nightspore’s identity relation explicit; retain two appearance records for drawing references with one identity group.,,,,,,,,,"{""id"": ""C02"", ""title"": ""Nightspore"", ""name"": ""Nightspore"", ""category"": ""characters"", ""subcategory"": ""named-character"", ""canon_status"": ""novel_fact"", ""description"": ""Maskull’s reserved companion on Earth and the awakened traveller of the final chapter. He climbs the Muspel tower and learns the false world’s mechanism before choosing to return to the struggle with Krag."", ""visual_facts"": ""Middle height, tough body, hairless face, wild distant eyes and an expression of spiritual hunger. Tweeds in the Earth frame."", ""game_adaptation"": ""Witness or revelation figure; not a rival boss."", ""notes"": ""Ch20 makes Maskull/Nightspore’s identity relation explicit; retain two appearance records for drawing references with one identity group."", ""aliases"": [], ""source_ids"": [""S01""], ""chapter_refs"": [{""label"": ""Chapter 1. THE SÉANCE"", ""book"": """", ""chapter"": 1, ""title"": ""THE SÉANCE"", ""source_id"": ""S01"", ""url"": ""https://www.gutenberg.org/cache/epub/1329/pg1329-images.html#link2HCH0001"", ""note"": """"}, {""label"": ""Chapter 3. STARKNESS"", ""book"": """", ""chapter"": 3, ""title"": ""STARKNESS"", ""source_id"": ""S01"", ""url"": ""https://www.gutenberg.org/cache/epub/1329/pg1329-images.html#link2HCH0003"", ""note"": """"}, {""label"": ""Chapter 5. THE NIGHT OF DEPARTURE"", ""book"": """", ""chapter"": 5, ""title"": ""THE NIGHT OF DEPARTURE"", ""source_id"": ""S01"", ""url"": ""https://www.gutenberg.org/cache/epub/1329/pg1329-images.html#link2HCH0005"", ""note"": """"}, {""label"": ""Chapter 13. THE WOMBFLASH FOREST"", ""book"": """", ""chapter"": 13, ""title"": ""THE WOMBFLASH FOREST"", ""source_id"": ""S01"", ""url"": ""https://www.gutenberg.org/cache/epub/1329/pg1329-images.html#link2HCH0013"", ""note"": """"}, {""label"": ""Chapter 20. BAREY"", ""book"": """", ""chapter"": 20, ""title"": ""BAREY"", ""source_id"": ""S01"", ""url"": ""https://www.gutenberg.org/cache/epub/1329/pg1329-images.html#link2HCH0020"", ""note"": """"}, {""label"": ""Chapter 21. MUSPEL"", ""book"": """", ""chapter"": 21, ""title"": ""MUSPEL"", ""source_id"": ""S01"", ""url"": ""https://www.gutenberg.org/cache/epub/1329/pg1329-images.html#link2HCH0021"", ""note"": """"}], ""tags"": [], ""identity_group_id"": ""I01"", ""related_entity_ids"": [""C01"", ""C03""], ""artwork_ids"": [""G01"", ""G04"", ""G15""], ""level_ids"": []}"
C03,entity,Krag / Surtur,characters,named-character,,novel_fact,Krag interrupts the séance and takes the travellers to Tormance. His harsh and painful interventions oppose Crystalman. The ending confirms that Krag is Surtur and that his name on Earth is pain.,"Severe guide, drumming/revelation motif; never label him the final evil to defeat.","[{""label"": ""Chapter 1. THE SÉANCE"", ""book"": """", ""chapter"": 1, ""title"": ""THE SÉANCE"", ""source_id"": ""S01"", ""url"": ""https://www.gutenberg.org/cache/epub/1329/pg1329-images.html#link2HCH0001"", ""note"": """"}, {""label"": ""Chapter 2. IN THE STREET"", ""book"": """", ""chapter"": 2, ""title"": ""IN THE STREET"", ""source_id"": ""S01"", ""url"": ""https://www.gutenberg.org/cache/epub/1329/pg1329-images.html#link2HCH0002"", ""note"": """"}, {""label"": ""Chapter 5. THE NIGHT OF DEPARTURE"", ""book"": """", ""chapter"": 5, ""title"": ""THE NIGHT OF DEPARTURE"", ""source_id"": ""S01"", ""url"": ""https://www.gutenberg.org/cache/epub/1329/pg1329-images.html#link2HCH0005"", ""note"": """"}, {""label"": ""Chapter 14. POLECRAB"", ""book"": """", ""chapter"": 14, ""title"": ""POLECRAB"", ""source_id"": ""S01"", ""url"": ""https://www.gutenberg.org/cache/epub/1329/pg1329-images.html#link2HCH0014"", ""note"": """"}, {""label"": ""Chapter 20. BAREY"", ""book"": """", ""chapter"": 20, ""title"": ""BAREY"", ""source_id"": ""S01"", ""url"": ""https://www.gutenberg.org/cache/epub/1329/pg1329-images.html#link2HCH0020"", ""note"": """"}, {""label"": ""Chapter 21. MUSPEL"", ""book"": """", ""chapter"": 21, ""title"": ""MUSPEL"", ""source_id"": ""S01"", ""url"": ""https://www.gutenberg.org/cache/epub/1329/pg1329-images.html#link2HCH0021"", ""note"": """"}]","[""S01""]",,"[""G01"", ""G04"", ""G15""]",[],[],Early speakers identify Surtur with Shaping in error. Ch8’s splendid vision calling itself Surtur is not a reliable portrait of the final truth.,,,,,,,,,"{""id"": ""C03"", ""title"": ""Krag / Surtur"", ""name"": ""Krag / Surtur"", ""category"": ""characters"", ""subcategory"": ""named-character"", ""canon_status"": ""novel_fact"", ""description"": ""Krag interrupts the séance and takes the travellers to Tormance. His harsh and painful interventions oppose Crystalman. The ending confirms that Krag is Surtur and that his name on Earth is pain."", ""visual_facts"": ""Shortish thick man with immense muscular development and an oversized head; beardless yellow face combining brutality, humour and sagacity. Piercing disagreeable voice. Surtur’s early apparent forms are visionary and inconsistent."", ""game_adaptation"": ""Severe guide, drumming/revelation motif; never label him the final evil to defeat."", ""notes"": ""Early speakers identify Surtur with Shaping in error. Ch8’s splendid vision calling itself Surtur is not a reliable portrait of the final truth."", ""aliases"": [""Krag"", ""Surtur"", ""Pain""], ""source_ids"": [""S01""], ""chapter_refs"": [{""label"": ""Chapter 1. THE SÉANCE"", ""book"": """", ""chapter"": 1, ""title"": ""THE SÉANCE"", ""source_id"": ""S01"", ""url"": ""https://www.gutenberg.org/cache/epub/1329/pg1329-images.html#link2HCH0001"", ""note"": """"}, {""label"": ""Chapter 2. IN THE STREET"", ""book"": """", ""chapter"": 2, ""title"": ""IN THE STREET"", ""source_id"": ""S01"", ""url"": ""https://www.gutenberg.org/cache/epub/1329/pg1329-images.html#link2HCH0002"", ""note"": """"}, {""label"": ""Chapter 5. THE NIGHT OF DEPARTURE"", ""book"": """", ""chapter"": 5, ""title"": ""THE NIGHT OF DEPARTURE"", ""source_id"": ""S01"", ""url"": ""https://www.gutenberg.org/cache/epub/1329/pg1329-images.html#link2HCH0005"", ""note"": """"}, {""label"": ""Chapter 14. POLECRAB"", ""book"": """", ""chapter"": 14, ""title"": ""POLECRAB"", ""source_id"": ""S01"", ""url"": ""https://www.gutenberg.org/cache/epub/1329/pg1329-images.html#link2HCH0014"", ""note"": """"}, {""label"": ""Chapter 20. BAREY"", ""book"": """", ""chapter"": 20, ""title"": ""BAREY"", ""source_id"": ""S01"", ""url"": ""https://www.gutenberg.org/cache/epub/1329/pg1329-images.html#link2HCH0020"", ""note"": """"}, {""label"": ""Chapter 21. MUSPEL"", ""book"": """", ""chapter"": 21, ""title"": ""MUSPEL"", ""source_id"": ""S01"", ""url"": ""https://www.gutenberg.org/cache/epub/1329/pg1329-images.html#link2HCH0021"", ""note"": """"}], ""tags"": [], ""related_entity_ids"": [""C04""], ""artwork_ids"": [""G01"", ""G04"", ""G15""], ""level_ids"": []}"
C04,entity,Crystalman / Shaping,characters,named-character,,novel_fact,The maker worshipped under benevolent names is exposed as the being that captures and degrades the Muspel stream into pleasure-seeking individual wills. Gangnet is a late tempting appearance. Faceny and the other Threal divine figures belong to the false-world revelation.,Final local manifestation may become a readable combat boss; breaking it opens a route rather than annihilating the universe.,"[{""label"": ""Chapter 2. IN THE STREET"", ""book"": """", ""chapter"": 2, ""title"": ""IN THE STREET"", ""source_id"": ""S01"", ""url"": ""https://www.gutenberg.org/cache/epub/1329/pg1329-images.html#link2HCH0002"", ""note"": """"}, {""label"": ""Chapter 6. JOIWIND"", ""book"": """", ""chapter"": 6, ""title"": ""JOIWIND"", ""source_id"": ""S01"", ""url"": ""https://www.gutenberg.org/cache/epub/1329/pg1329-images.html#link2HCH0006"", ""note"": """"}, {""label"": ""Chapter 16. LEEHALLFAE"", ""book"": """", ""chapter"": 16, ""title"": ""LEEHALLFAE"", ""source_id"": ""S01"", ""url"": ""https://www.gutenberg.org/cache/epub/1329/pg1329-images.html#link2HCH0016"", ""note"": """"}, {""label"": ""Chapter 17. CORPANG"", ""book"": """", ""chapter"": 17, ""title"": ""CORPANG"", ""source_id"": ""S01"", ""url"": ""https://www.gutenberg.org/cache/epub/1329/pg1329-images.html#link2HCH0017"", ""note"": """"}, {""label"": ""Chapter 20. BAREY"", ""book"": """", ""chapter"": 20, ""title"": ""BAREY"", ""source_id"": ""S01"", ""url"": ""https://www.gutenberg.org/cache/epub/1329/pg1329-images.html#link2HCH0020"", ""note"": """"}, {""label"": ""Chapter 21. MUSPEL"", ""book"": """", ""chapter"": 21, ""title"": ""MUSPEL"", ""source_id"": ""S01"", ""url"": ""https://www.gutenberg.org/cache/epub/1329/pg1329-images.html#link2HCH0021"", ""note"": """"}]","[""S01""]",,"[""G04"", ""G09"", ""G11"", ""G12"", ""G20""]","[""A3-L5""]",[],"Keep belief, vision and final revelation distinct. A literal crystal-armored humanoid is an art invention, not the novel’s body description. Amfuse/Thire are named Threal aspects grouped in C44.",,,,,,,,,"{""id"": ""C04"", ""title"": ""Crystalman / Shaping"", ""name"": ""Crystalman / Shaping"", ""category"": ""characters"", ""subcategory"": ""named-character"", ""canon_status"": ""novel_fact"", ""description"": ""The maker worshipped under benevolent names is exposed as the being that captures and degrades the Muspel stream into pleasure-seeking individual wills. Gangnet is a late tempting appearance. Faceny and the other Threal divine figures belong to the false-world revelation."", ""visual_facts"": ""A recurring horrible grin on dead faces. Gangnet appears handsome and soothing; the final presence is a vast bright, nebulous shadow with no definite shape or color."", ""game_adaptation"": ""Final local manifestation may become a readable combat boss; breaking it opens a route rather than annihilating the universe."", ""notes"": ""Keep belief, vision and final revelation distinct. A literal crystal-armored humanoid is an art invention, not the novel’s body description. Amfuse/Thire are named Threal aspects grouped in C44."", ""aliases"": [""Crystalman"", ""Shaping"", ""Faceny"", ""Gangnet""], ""source_ids"": [""S01""], ""chapter_refs"": [{""label"": ""Chapter 2. IN THE STREET"", ""book"": """", ""chapter"": 2, ""title"": ""IN THE STREET"", ""source_id"": ""S01"", ""url"": ""https://www.gutenberg.org/cache/epub/1329/pg1329-images.html#link2HCH0002"", ""note"": """"}, {""label"": ""Chapter 6. JOIWIND"", ""book"": """", ""chapter"": 6, ""title"": ""JOIWIND"", ""source_id"": ""S01"", ""url"": ""https://www.gutenberg.org/cache/epub/1329/pg1329-images.html#link2HCH0006"", ""note"": """"}, {""label"": ""Chapter 16. LEEHALLFAE"", ""book"": """", ""chapter"": 16, ""title"": ""LEEHALLFAE"", ""source_id"": ""S01"", ""url"": ""https://www.gutenberg.org/cache/epub/1329/pg1329-images.html#link2HCH0016"", ""note"": """"}, {""label"": ""Chapter 17. CORPANG"", ""book"": """", ""chapter"": 17, ""title"": ""CORPANG"", ""source_id"": ""S01"", ""url"": ""https://www.gutenberg.org/cache/epub/1329/pg1329-images.html#link2HCH0017"", ""note"": """"}, {""label"": ""Chapter 20. BAREY"", ""book"": """", ""chapter"": 20, ""title"": ""BAREY"", ""source_id"": ""S01"", ""url"": ""https://www.gutenberg.org/cache/epub/1329/pg1329-images.html#link2HCH0020"", ""note"": """"}, {""label"": ""Chapter 21. MUSPEL"", ""book"": """", ""chapter"": 21, ""title"": ""MUSPEL"", ""source_id"": ""S01"", ""url"": ""https://www.gutenberg.org/cache/epub/1329/pg1329-images.html#link2HCH0021"", ""note"": """"}], ""tags"": [], ""related_entity_ids"": [""C44"", ""B06""], ""artwork_ids"": [""G04"", ""G09"", ""G11"", ""G12"", ""G20""], ""level_ids"": [""A3-L5""]}"
C05,entity,Backhouse,characters,named-character,,novel_fact,Professional medium hired for Faull’s séance. His materialisation is interrupted by Krag; his professional confidence contrasts with the guests’ theatrical expectations.,Optional Earth-frame journal/intro portrait; not hostile.,"[{""label"": ""Chapter 1. THE SÉANCE"", ""book"": """", ""chapter"": 1, ""title"": ""THE SÉANCE"", ""source_id"": ""S01"", ""url"": ""https://www.gutenberg.org/cache/epub/1329/pg1329-images.html#link2HCH0001"", ""note"": """"}]","[""S01""]",,"[""G01""]",[],[],,,,,,,,,,"{""id"": ""C05"", ""title"": ""Backhouse"", ""name"": ""Backhouse"", ""category"": ""characters"", ""subcategory"": ""named-character"", ""canon_status"": ""novel_fact"", ""description"": ""Professional medium hired for Faull’s séance. His materialisation is interrupted by Krag; his professional confidence contrasts with the guests’ theatrical expectations."", ""visual_facts"": ""Small, thickset, pointed beard; fresh and sane appearance, controlled manner."", ""game_adaptation"": ""Optional Earth-frame journal/intro portrait; not hostile."", ""notes"": """", ""aliases"": [], ""source_ids"": [""S01""], ""chapter_refs"": [{""label"": ""Chapter 1. THE SÉANCE"", ""book"": """", ""chapter"": 1, ""title"": ""THE SÉANCE"", ""source_id"": ""S01"", ""url"": ""https://www.gutenberg.org/cache/epub/1329/pg1329-images.html#link2HCH0001"", ""note"": """"}], ""tags"": [], ""related_entity_ids"": [], ""artwork_ids"": [""G01""], ""level_ids"": []}"
C06,entity,Montague Faull,characters,named-character,,novel_fact,Wealthy South American merchant and host of the séance at his Hampstead house Prolands. His staged entertainment and bored manner frame the uncanny intrusion.,Earth-frame reference vignette.,"[{""label"": ""Chapter 1. THE SÉANCE"", ""book"": """", ""chapter"": 1, ""title"": ""THE SÉANCE"", ""source_id"": ""S01"", ""url"": ""https://www.gutenberg.org/cache/epub/1329/pg1329-images.html#link2HCH0001"", ""note"": """"}]","[""S01""]",,"[""G01""]",[],[],,,,,,,,,,"{""id"": ""C06"", ""title"": ""Montague Faull"", ""name"": ""Montague Faull"", ""category"": ""characters"", ""subcategory"": ""named-character"", ""canon_status"": ""novel_fact"", ""description"": ""Wealthy South American merchant and host of the séance at his Hampstead house Prolands. His staged entertainment and bored manner frame the uncanny intrusion."", ""visual_facts"": ""Prominent clear-cut features, metallic-looking skin, bored impassiveness; lounging posture and expensive domestic surroundings."", ""game_adaptation"": ""Earth-frame reference vignette."", ""notes"": """", ""aliases"": [""Faull"", ""Montague""], ""source_ids"": [""S01""], ""chapter_refs"": [{""label"": ""Chapter 1. THE SÉANCE"", ""book"": """", ""chapter"": 1, ""title"": ""THE SÉANCE"", ""source_id"": ""S01"", ""url"": ""https://www.gutenberg.org/cache/epub/1329/pg1329-images.html#link2HCH0001"", ""note"": """"}], ""tags"": [], ""related_entity_ids"": [], ""artwork_ids"": [""G01""], ""level_ids"": []}"
C07,entity,Mrs. Jameson,characters,named-character,,novel_fact,"Faull’s sister, serving as his hostess. Her cultivated emotional response to music and the séance contrasts with Faull’s detachment.",Earth-frame portrait; no invented given name.,"[{""label"": ""Chapter 1. THE SÉANCE"", ""book"": """", ""chapter"": 1, ""title"": ""THE SÉANCE"", ""source_id"": ""S01"", ""url"": ""https://www.gutenberg.org/cache/epub/1329/pg1329-images.html#link2HCH0001"", ""note"": """"}]","[""S01""]",,"[""G01""]",[],[],,,,,,,,,,"{""id"": ""C07"", ""title"": ""Mrs. Jameson"", ""name"": ""Mrs. Jameson"", ""category"": ""characters"", ""subcategory"": ""named-character"", ""canon_status"": ""novel_fact"", ""description"": ""Faull’s sister, serving as his hostess. Her cultivated emotional response to music and the séance contrasts with Faull’s detachment."", ""visual_facts"": ""Small patrician features, porcelain-like hands; seated near a pianoforte."", ""game_adaptation"": ""Earth-frame portrait; no invented given name."", ""notes"": """", ""aliases"": [], ""source_ids"": [""S01""], ""chapter_refs"": [{""label"": ""Chapter 1. THE SÉANCE"", ""book"": """", ""chapter"": 1, ""title"": ""THE SÉANCE"", ""source_id"": ""S01"", ""url"": ""https://www.gutenberg.org/cache/epub/1329/pg1329-images.html#link2HCH0001"", ""note"": """"}], ""tags"": [], ""related_entity_ids"": [""C06""], ""artwork_ids"": [""G01""], ""level_ids"": []}"
C08,entity,Kent-Smith,characters,named-character,,novel_fact,"Retired magistrate among the séance guests, known for judicial humour. He discusses his autobiography and the safeguards against deception.",Earth-frame journal portrait.,"[{""label"": ""Chapter 1. THE SÉANCE"", ""book"": """", ""chapter"": 1, ""title"": ""THE SÉANCE"", ""source_id"": ""S01"", ""url"": ""https://www.gutenberg.org/cache/epub/1329/pg1329-images.html#link2HCH0001"", ""note"": """"}]","[""S01""]",,"[""G01""]",[],[],,,,,,,,,,"{""id"": ""C08"", ""title"": ""Kent-Smith"", ""name"": ""Kent-Smith"", ""category"": ""characters"", ""subcategory"": ""named-character"", ""canon_status"": ""novel_fact"", ""description"": ""Retired magistrate among the séance guests, known for judicial humour. He discusses his autobiography and the safeguards against deception."", ""visual_facts"": ""Well past seventy; disconcertingly bright eyes and preference for a comfortable chair."", ""game_adaptation"": ""Earth-frame journal portrait."", ""notes"": """", ""aliases"": [], ""source_ids"": [""S01""], ""chapter_refs"": [{""label"": ""Chapter 1. THE SÉANCE"", ""book"": """", ""chapter"": 1, ""title"": ""THE SÉANCE"", ""source_id"": ""S01"", ""url"": ""https://www.gutenberg.org/cache/epub/1329/pg1329-images.html#link2HCH0001"", ""note"": """"}], ""tags"": [], ""related_entity_ids"": [], ""artwork_ids"": [""G01""], ""level_ids"": []}"
C09,entity,Prior,characters,named-character,,novel_fact,Prosperous City coffee importer attending the séance. He tries to make the company jovial and later inspects the stage scenery.,Earth-frame minor cast; do not invent a canonical costume beyond the social setting.,"[{""label"": ""Chapter 1. THE SÉANCE"", ""book"": """", ""chapter"": 1, ""title"": ""THE SÉANCE"", ""source_id"": ""S01"", ""url"": ""https://www.gutenberg.org/cache/epub/1329/pg1329-images.html#link2HCH0001"", ""note"": """"}]","[""S01""]",,"[""G01""]",[],[],,,,,,,,,,"{""id"": ""C09"", ""title"": ""Prior"", ""name"": ""Prior"", ""category"": ""characters"", ""subcategory"": ""named-character"", ""canon_status"": ""novel_fact"", ""description"": ""Prosperous City coffee importer attending the séance. He tries to make the company jovial and later inspects the stage scenery."", ""visual_facts"": ""Atmosphere of wine and tobacco; otherwise little fixed bodily description."", ""game_adaptation"": ""Earth-frame minor cast; do not invent a canonical costume beyond the social setting."", ""notes"": """", ""aliases"": [], ""source_ids"": [""S01""], ""chapter_refs"": [{""label"": ""Chapter 1. THE SÉANCE"", ""book"": """", ""chapter"": 1, ""title"": ""THE SÉANCE"", ""source_id"": ""S01"", ""url"": ""https://www.gutenberg.org/cache/epub/1329/pg1329-images.html#link2HCH0001"", ""note"": """"}], ""tags"": [], ""related_entity_ids"": [], ""artwork_ids"": [""G01""], ""level_ids"": []}"
C10,entity,Lang,characters,named-character,,novel_fact,"Stockjobber and amateur conjurer, asked to search the séance setting and the medium for hidden apparatus.",Optional detail on scepticism and the séance’s physical arrangements.,"[{""label"": ""Chapter 1. THE SÉANCE"", ""book"": """", ""chapter"": 1, ""title"": ""THE SÉANCE"", ""source_id"": ""S01"", ""url"": ""https://www.gutenberg.org/cache/epub/1329/pg1329-images.html#link2HCH0001"", ""note"": """"}]","[""S01""]",,"[""G01""]",[],[],,,,,,,,,,"{""id"": ""C10"", ""title"": ""Lang"", ""name"": ""Lang"", ""category"": ""characters"", ""subcategory"": ""named-character"", ""canon_status"": ""novel_fact"", ""description"": ""Stockjobber and amateur conjurer, asked to search the séance setting and the medium for hidden apparatus."", ""visual_facts"": ""Tall, thin, becoming bald; quiet scrutiny."", ""game_adaptation"": ""Optional detail on scepticism and the séance’s physical arrangements."", ""notes"": """", ""aliases"": [], ""source_ids"": [""S01""], ""chapter_refs"": [{""label"": ""Chapter 1. THE SÉANCE"", ""book"": """", ""chapter"": 1, ""title"": ""THE SÉANCE"", ""source_id"": ""S01"", ""url"": ""https://www.gutenberg.org/cache/epub/1329/pg1329-images.html#link2HCH0001"", ""note"": """"}], ""tags"": [], ""related_entity_ids"": [], ""artwork_ids"": [""G01""], ""level_ids"": []}"
C11,entity,Professor Halbart,characters,named-character,,novel_fact,"Psychologist, author and lecturer on mental aspects of crime, insanity and genius, attending the séance.",Earth-frame minor portrait.,"[{""label"": ""Chapter 1. THE SÉANCE"", ""book"": """", ""chapter"": 1, ""title"": ""THE SÉANCE"", ""source_id"": ""S01"", ""url"": ""https://www.gutenberg.org/cache/epub/1329/pg1329-images.html#link2HCH0001"", ""note"": """"}]","[""S01""]",,"[""G01""]",[],[],,,,,,,,,,"{""id"": ""C11"", ""title"": ""Professor Halbart"", ""name"": ""Professor Halbart"", ""category"": ""characters"", ""subcategory"": ""named-character"", ""canon_status"": ""novel_fact"", ""description"": ""Psychologist, author and lecturer on mental aspects of crime, insanity and genius, attending the séance."", ""visual_facts"": ""Small, meagre-looking and mild-mannered; stubborn intellectual disposition."", ""game_adaptation"": ""Earth-frame minor portrait."", ""notes"": """", ""aliases"": [""Halbart""], ""source_ids"": [""S01""], ""chapter_refs"": [{""label"": ""Chapter 1. THE SÉANCE"", ""book"": """", ""chapter"": 1, ""title"": ""THE SÉANCE"", ""source_id"": ""S01"", ""url"": ""https://www.gutenberg.org/cache/epub/1329/pg1329-images.html#link2HCH0001"", ""note"": """"}], ""tags"": [], ""related_entity_ids"": [], ""artwork_ids"": [""G01""], ""level_ids"": []}"
C12,entity,Mrs. Trent,characters,named-character,,novel_fact,Guest who decorates the séance room and invites Maskull and Nightspore. Her relationship with Faull is suggested through glances and intimacy rather than fully explained.,Earth-frame scene reference; no invented given name.,"[{""label"": ""Chapter 1. THE SÉANCE"", ""book"": """", ""chapter"": 1, ""title"": ""THE SÉANCE"", ""source_id"": ""S01"", ""url"": ""https://www.gutenberg.org/cache/epub/1329/pg1329-images.html#link2HCH0001"", ""note"": """"}]","[""S01""]",,"[""G01""]",[],[],,,,,,,,,,"{""id"": ""C12"", ""title"": ""Mrs. Trent"", ""name"": ""Mrs. Trent"", ""category"": ""characters"", ""subcategory"": ""named-character"", ""canon_status"": ""novel_fact"", ""description"": ""Guest who decorates the séance room and invites Maskull and Nightspore. Her relationship with Faull is suggested through glances and intimacy rather than fully explained."", ""visual_facts"": ""About twenty-eight; white face, smooth black hair, full crimson lips, tall graceful body, costly clothes."", ""game_adaptation"": ""Earth-frame scene reference; no invented given name."", ""notes"": """", ""aliases"": [], ""source_ids"": [""S01""], ""chapter_refs"": [{""label"": ""Chapter 1. THE SÉANCE"", ""book"": """", ""chapter"": 1, ""title"": ""THE SÉANCE"", ""source_id"": ""S01"", ""url"": ""https://www.gutenberg.org/cache/epub/1329/pg1329-images.html#link2HCH0001"", ""note"": """"}], ""tags"": [], ""related_entity_ids"": [], ""artwork_ids"": [""G01""], ""level_ids"": []}"
C13,entity,Mr. Trent,characters,named-character,,novel_fact,Trent is mentioned as not attending the séance; he does not appear in the action.,"Text-only reference, or clearly marked invented portrait.","[{""label"": ""Chapter 1. THE SÉANCE"", ""book"": """", ""chapter"": 1, ""title"": ""THE SÉANCE"", ""source_id"": ""S01"", ""url"": ""https://www.gutenberg.org/cache/epub/1329/pg1329-images.html#link2HCH0001"", ""note"": """"}]","[""S01""]",,[],[],[],"Usually read as Mrs. Trent’s husband, but the short mention does not supply a portrait or first name; relationship is an inference from naming/context.",,,,,,,,,"{""id"": ""C13"", ""title"": ""Mr. Trent"", ""name"": ""Mr. Trent"", ""category"": ""characters"", ""subcategory"": ""named-character"", ""canon_status"": ""novel_fact"", ""description"": ""Trent is mentioned as not attending the séance; he does not appear in the action."", ""visual_facts"": ""No appearance is provided."", ""game_adaptation"": ""Text-only reference, or clearly marked invented portrait."", ""notes"": ""Usually read as Mrs. Trent’s husband, but the short mention does not supply a portrait or first name; relationship is an inference from naming/context."", ""aliases"": [""Trent""], ""source_ids"": [""S01""], ""chapter_refs"": [{""label"": ""Chapter 1. THE SÉANCE"", ""book"": """", ""chapter"": 1, ""title"": ""THE SÉANCE"", ""source_id"": ""S01"", ""url"": ""https://www.gutenberg.org/cache/epub/1329/pg1329-images.html#link2HCH0001"", ""note"": """"}], ""tags"": [], ""related_entity_ids"": [""C12""], ""artwork_ids"": [], ""level_ids"": []}"
C14,entity,Joiwind,characters,named-character,,novel_fact,"Poolingdred resident who finds Maskull helpless, exchanges blood with him, offers food-free hospitality and prays for purity. She and Panawe avoid consuming or injuring living things.","Compassionate witness or rest-space host, not enemy; character art may adapt modest clothing while retaining sensory organs.","[{""label"": ""Chapter 6. JOIWIND"", ""book"": """", ""chapter"": 6, ""title"": ""JOIWIND"", ""source_id"": ""S01"", ""url"": ""https://www.gutenberg.org/cache/epub/1329/pg1329-images.html#link2HCH0006"", ""note"": """"}, {""label"": ""Chapter 7. PANAWE"", ""book"": """", ""chapter"": 7, ""title"": ""PANAWE"", ""source_id"": ""S01"", ""url"": ""https://www.gutenberg.org/cache/epub/1329/pg1329-images.html#link2HCH0007"", ""note"": """"}, {""label"": ""Chapter 8. THE LUSION PLAIN"", ""book"": """", ""chapter"": 8, ""title"": ""THE LUSION PLAIN"", ""source_id"": ""S01"", ""url"": ""https://www.gutenberg.org/cache/epub/1329/pg1329-images.html#link2HCH0008"", ""note"": """"}]","[""S01""]",,"[""G02"", ""G13""]",[],[],,,,,,,,,,"{""id"": ""C14"", ""title"": ""Joiwind"", ""name"": ""Joiwind"", ""category"": ""characters"", ""subcategory"": ""named-character"", ""canon_status"": ""novel_fact"", ""description"": ""Poolingdred resident who finds Maskull helpless, exchanges blood with him, offers food-free hospitality and prays for purity. She and Panawe avoid consuming or injuring living things."", ""visual_facts"": ""Tall, slight, graceful; long loosely plaited flaxen hair; delicately changing opalescent skin, forehead breve, paired poigns and magn tentacle. Milky opalescent blood."", ""game_adaptation"": ""Compassionate witness or rest-space host, not enemy; character art may adapt modest clothing while retaining sensory organs."", ""notes"": """", ""aliases"": [], ""source_ids"": [""S01""], ""chapter_refs"": [{""label"": ""Chapter 6. JOIWIND"", ""book"": """", ""chapter"": 6, ""title"": ""JOIWIND"", ""source_id"": ""S01"", ""url"": ""https://www.gutenberg.org/cache/epub/1329/pg1329-images.html#link2HCH0006"", ""note"": """"}, {""label"": ""Chapter 7. PANAWE"", ""book"": """", ""chapter"": 7, ""title"": ""PANAWE"", ""source_id"": ""S01"", ""url"": ""https://www.gutenberg.org/cache/epub/1329/pg1329-images.html#link2HCH0007"", ""note"": """"}, {""label"": ""Chapter 8. THE LUSION PLAIN"", ""book"": """", ""chapter"": 8, ""title"": ""THE LUSION PLAIN"", ""source_id"": ""S01"", ""url"": ""https://www.gutenberg.org/cache/epub/1329/pg1329-images.html#link2HCH0008"", ""note"": """"}], ""tags"": [], ""related_entity_ids"": [""C15"", ""C21""], ""artwork_ids"": [""G02"", ""G13""], ""level_ids"": []}"
C15,entity,Panawe,characters,named-character,,novel_fact,"Joiwind’s husband recounts his childhood, his sister’s sacrifice within their shared body and his encounters with Broodviol, Slofork and Muremaker. His reverence for life explains his abstention from killing.",Contemplative witness and route counsel; do not turn his nonviolence into a mandatory combat tutorial.,"[{""label"": ""Chapter 7. PANAWE"", ""book"": """", ""chapter"": 7, ""title"": ""PANAWE"", ""source_id"": ""S01"", ""url"": ""https://www.gutenberg.org/cache/epub/1329/pg1329-images.html#link2HCH0007"", ""note"": """"}, {""label"": ""Chapter 8. THE LUSION PLAIN"", ""book"": """", ""chapter"": 8, ""title"": ""THE LUSION PLAIN"", ""source_id"": ""S01"", ""url"": ""https://www.gutenberg.org/cache/epub/1329/pg1329-images.html#link2HCH0008"", ""note"": """"}]","[""S01""]",,"[""G02""]",[],[],,,,,,,,,,"{""id"": ""C15"", ""title"": ""Panawe"", ""name"": ""Panawe"", ""category"": ""characters"", ""subcategory"": ""named-character"", ""canon_status"": ""novel_fact"", ""description"": ""Joiwind’s husband recounts his childhood, his sister’s sacrifice within their shared body and his encounters with Broodviol, Slofork and Muremaker. His reverence for life explains his abstention from killing."", ""visual_facts"": ""Young, white hair and snowy skin, black quiet eyes; beardless, white clothing, breve/poigns/magn. Stern features soften toward Joiwind."", ""game_adaptation"": ""Contemplative witness and route counsel; do not turn his nonviolence into a mandatory combat tutorial."", ""notes"": """", ""aliases"": [], ""source_ids"": [""S01""], ""chapter_refs"": [{""label"": ""Chapter 7. PANAWE"", ""book"": """", ""chapter"": 7, ""title"": ""PANAWE"", ""source_id"": ""S01"", ""url"": ""https://www.gutenberg.org/cache/epub/1329/pg1329-images.html#link2HCH0007"", ""note"": """"}, {""label"": ""Chapter 8. THE LUSION PLAIN"", ""book"": """", ""chapter"": 8, ""title"": ""THE LUSION PLAIN"", ""source_id"": ""S01"", ""url"": ""https://www.gutenberg.org/cache/epub/1329/pg1329-images.html#link2HCH0008"", ""note"": """"}], ""tags"": [], ""related_entity_ids"": [""C14"", ""C41""], ""artwork_ids"": [""G02""], ""level_ids"": []}"
C16,entity,Broodviol,characters,named-character,,novel_fact,"Old sage of Wombflash, encountered in Panawe’s childhood story and later recalled by Polecrab. He gives a mistaken account of the struggle between the sexes in Panawe and dies after Alppain begins reaching his region.","Rare character sheet or remembered silhouette; the novel presents him retrospectively, not as a living Act 3 combatant.","[{""label"": ""Chapter 7. PANAWE"", ""book"": """", ""chapter"": 7, ""title"": ""PANAWE"", ""source_id"": ""S01"", ""url"": ""https://www.gutenberg.org/cache/epub/1329/pg1329-images.html#link2HCH0007"", ""note"": """"}, {""label"": ""Chapter 14. POLECRAB"", ""book"": """", ""chapter"": 14, ""title"": ""POLECRAB"", ""source_id"": ""S01"", ""url"": ""https://www.gutenberg.org/cache/epub/1329/pg1329-images.html#link2HCH0014"", ""note"": """"}, {""label"": ""Chapter 15. SWAYLONE’S ISLAND"", ""book"": """", ""chapter"": 15, ""title"": ""SWAYLONE’S ISLAND"", ""source_id"": ""S01"", ""url"": ""https://www.gutenberg.org/cache/epub/1329/pg1329-images.html#link2HCH0015"", ""note"": """"}]","[""S01""]",,[],[],[],,,,,,,,,,"{""id"": ""C16"", ""title"": ""Broodviol"", ""name"": ""Broodviol"", ""category"": ""characters"", ""subcategory"": ""named-character"", ""canon_status"": ""novel_fact"", ""description"": ""Old sage of Wombflash, encountered in Panawe’s childhood story and later recalled by Polecrab. He gives a mistaken account of the struggle between the sexes in Panawe and dies after Alppain begins reaching his region."", ""visual_facts"": ""Gnarled sturdy elder; trilateral body with three legs, three arms and six evenly distributed eyes. About 120 Tormance years in Panawe’s recollection."", ""game_adaptation"": ""Rare character sheet or remembered silhouette; the novel presents him retrospectively, not as a living Act 3 combatant."", ""notes"": """", ""aliases"": [], ""source_ids"": [""S01""], ""chapter_refs"": [{""label"": ""Chapter 7. PANAWE"", ""book"": """", ""chapter"": 7, ""title"": ""PANAWE"", ""source_id"": ""S01"", ""url"": ""https://www.gutenberg.org/cache/epub/1329/pg1329-images.html#link2HCH0007"", ""note"": """"}, {""label"": ""Chapter 14. POLECRAB"", ""book"": """", ""chapter"": 14, ""title"": ""POLECRAB"", ""source_id"": ""S01"", ""url"": ""https://www.gutenberg.org/cache/epub/1329/pg1329-images.html#link2HCH0014"", ""note"": """"}, {""label"": ""Chapter 15. SWAYLONE’S ISLAND"", ""book"": """", ""chapter"": 15, ""title"": ""SWAYLONE’S ISLAND"", ""source_id"": ""S01"", ""url"": ""https://www.gutenberg.org/cache/epub/1329/pg1329-images.html#link2HCH0015"", ""note"": """"}], ""tags"": [], ""related_entity_ids"": [], ""artwork_ids"": [], ""level_ids"": []}"
C17,entity,Slofork,characters,named-character,,novel_fact,"Sorcerer met in Panawe’s story, skilled in budding and removing bodily organs. He challenges Panawe’s understanding of pleasure, pain, love and the world beyond Shaping.","Optional lore witness. His self-amputation anecdote is reported, not shown as a player action.","[{""label"": ""Chapter 7. PANAWE"", ""book"": """", ""chapter"": 7, ""title"": ""PANAWE"", ""source_id"": ""S01"", ""url"": ""https://www.gutenberg.org/cache/epub/1329/pg1329-images.html#link2HCH0007"", ""note"": """"}]","[""S01""]",,[],[],[],,,,,,,,,,"{""id"": ""C17"", ""title"": ""Slofork"", ""name"": ""Slofork"", ""category"": ""characters"", ""subcategory"": ""named-character"", ""canon_status"": ""novel_fact"", ""description"": ""Sorcerer met in Panawe’s story, skilled in budding and removing bodily organs. He challenges Panawe’s understanding of pleasure, pain, love and the world beyond Shaping."", ""visual_facts"": ""Bright gamboge skin and extremely long proboscis-like nose."", ""game_adaptation"": ""Optional lore witness. His self-amputation anecdote is reported, not shown as a player action."", ""notes"": """", ""aliases"": [], ""source_ids"": [""S01""], ""chapter_refs"": [{""label"": ""Chapter 7. PANAWE"", ""book"": """", ""chapter"": 7, ""title"": ""PANAWE"", ""source_id"": ""S01"", ""url"": ""https://www.gutenberg.org/cache/epub/1329/pg1329-images.html#link2HCH0007"", ""note"": """"}], ""tags"": [], ""related_entity_ids"": [], ""artwork_ids"": [], ""level_ids"": []}"
C18,entity,Oceaxe,characters,named-character,,novel_fact,"Ifdawn woman who leads Maskull through its unstable mountains, draws him into desire and encourages the removal of her lover/husband Crimtyphon. Tydomin subsequently compels her fatal leap.",Ambiguous guide portrait; not automatically a boss.,"[{""label"": ""Chapter 8. THE LUSION PLAIN"", ""book"": """", ""chapter"": 8, ""title"": ""THE LUSION PLAIN"", ""source_id"": ""S01"", ""url"": ""https://www.gutenberg.org/cache/epub/1329/pg1329-images.html#link2HCH0008"", ""note"": """"}, {""label"": ""Chapter 9. OCEAXE"", ""book"": """", ""chapter"": 9, ""title"": ""OCEAXE"", ""source_id"": ""S01"", ""url"": ""https://www.gutenberg.org/cache/epub/1329/pg1329-images.html#link2HCH0009"", ""note"": """"}, {""label"": ""Chapter 10. TYDOMIN"", ""book"": """", ""chapter"": 10, ""title"": ""TYDOMIN"", ""source_id"": ""S01"", ""url"": ""https://www.gutenberg.org/cache/epub/1329/pg1329-images.html#link2HCH0010"", ""note"": """"}]","[""S01""]",,"[""G03""]",[],[],,,,,,,,,,"{""id"": ""C18"", ""title"": ""Oceaxe"", ""name"": ""Oceaxe"", ""category"": ""characters"", ""subcategory"": ""named-character"", ""canon_status"": ""novel_fact"", ""description"": ""Ifdawn woman who leads Maskull through its unstable mountains, draws him into desire and encourages the removal of her lover/husband Crimtyphon. Tydomin subsequently compels her fatal leap."", ""visual_facts"": ""Powerful handsome face, muscular graceful limbs, sorb forehead eye, third arm from the chest, large animal-skin garment."", ""game_adaptation"": ""Ambiguous guide portrait; not automatically a boss."", ""notes"": """", ""aliases"": [], ""source_ids"": [""S01""], ""chapter_refs"": [{""label"": ""Chapter 8. THE LUSION PLAIN"", ""book"": """", ""chapter"": 8, ""title"": ""THE LUSION PLAIN"", ""source_id"": ""S01"", ""url"": ""https://www.gutenberg.org/cache/epub/1329/pg1329-images.html#link2HCH0008"", ""note"": """"}, {""label"": ""Chapter 9. OCEAXE"", ""book"": """", ""chapter"": 9, ""title"": ""OCEAXE"", ""source_id"": ""S01"", ""url"": ""https://www.gutenberg.org/cache/epub/1329/pg1329-images.html#link2HCH0009"", ""note"": """"}, {""label"": ""Chapter 10. TYDOMIN"", ""book"": """", ""chapter"": 10, ""title"": ""TYDOMIN"", ""source_id"": ""S01"", ""url"": ""https://www.gutenberg.org/cache/epub/1329/pg1329-images.html#link2HCH0010"", ""note"": """"}], ""tags"": [], ""related_entity_ids"": [""C19"", ""C20""], ""artwork_ids"": [""G03""], ""level_ids"": []}"
C19,entity,Crimtyphon,characters,named-character,,novel_fact,Oceaxe’s boylike lover/husband uses his will to force Sature into becoming a fruit tree. Maskull kills him. Tydomin also claims him as her husband and carries his corpse.,"Candidate transmutation boss based on his domination, not a new species.","[{""label"": ""Chapter 9. OCEAXE"", ""book"": """", ""chapter"": 9, ""title"": ""OCEAXE"", ""source_id"": ""S01"", ""url"": ""https://www.gutenberg.org/cache/epub/1329/pg1329-images.html#link2HCH0009"", ""note"": """"}, {""label"": ""Chapter 10. TYDOMIN"", ""book"": """", ""chapter"": 10, ""title"": ""TYDOMIN"", ""source_id"": ""S01"", ""url"": ""https://www.gutenberg.org/cache/epub/1329/pg1329-images.html#link2HCH0010"", ""note"": """"}, {""label"": ""Chapter 11. ON DISSCOURN"", ""book"": """", ""chapter"": 11, ""title"": ""ON DISSCOURN"", ""source_id"": ""S01"", ""url"": ""https://www.gutenberg.org/cache/epub/1329/pg1329-images.html#link2HCH0011"", ""note"": """"}]","[""S01""]",,"[""G03"", ""G12""]",[],[],,,,,,,,,,"{""id"": ""C19"", ""title"": ""Crimtyphon"", ""name"": ""Crimtyphon"", ""category"": ""characters"", ""subcategory"": ""named-character"", ""canon_status"": ""novel_fact"", ""description"": ""Oceaxe’s boylike lover/husband uses his will to force Sature into becoming a fruit tree. Maskull kills him. Tydomin also claims him as her husband and carries his corpse."", ""visual_facts"": ""Small boylike form, smooth soft childish features, yellow-ivory skin; violet curling hair and violet sinister adult sorb. Rough skin garment, moss couch, plums and ironic serenity."", ""game_adaptation"": ""Candidate transmutation boss based on his domination, not a new species."", ""notes"": """", ""aliases"": [], ""source_ids"": [""S01""], ""chapter_refs"": [{""label"": ""Chapter 9. OCEAXE"", ""book"": """", ""chapter"": 9, ""title"": ""OCEAXE"", ""source_id"": ""S01"", ""url"": ""https://www.gutenberg.org/cache/epub/1329/pg1329-images.html#link2HCH0009"", ""note"": """"}, {""label"": ""Chapter 10. TYDOMIN"", ""book"": """", ""chapter"": 10, ""title"": ""TYDOMIN"", ""source_id"": ""S01"", ""url"": ""https://www.gutenberg.org/cache/epub/1329/pg1329-images.html#link2HCH0010"", ""note"": """"}, {""label"": ""Chapter 11. ON DISSCOURN"", ""book"": """", ""chapter"": 11, ""title"": ""ON DISSCOURN"", ""source_id"": ""S01"", ""url"": ""https://www.gutenberg.org/cache/epub/1329/pg1329-images.html#link2HCH0011"", ""note"": """"}], ""tags"": [], ""related_entity_ids"": [""C18"", ""C20"", ""C38"", ""B01""], ""artwork_ids"": [""G03"", ""G12""], ""level_ids"": []}"
C20,entity,Tydomin,characters,named-character,,novel_fact,"Crimtyphon’s other wife drives Oceaxe to death, manipulates Maskull’s will, prompts his absorption of Digrung and tries to use his body. After meeting Spadevil she renounces her former cruelty and accepts sacrifice.",Candidate coercion/echo boss for an alternate campaign; later change of heart remains visible.,"[{""label"": ""Chapter 10. TYDOMIN"", ""book"": """", ""chapter"": 10, ""title"": ""TYDOMIN"", ""source_id"": ""S01"", ""url"": ""https://www.gutenberg.org/cache/epub/1329/pg1329-images.html#link2HCH0010"", ""note"": """"}, {""label"": ""Chapter 11. ON DISSCOURN"", ""book"": """", ""chapter"": 11, ""title"": ""ON DISSCOURN"", ""source_id"": ""S01"", ""url"": ""https://www.gutenberg.org/cache/epub/1329/pg1329-images.html#link2HCH0011"", ""note"": """"}, {""label"": ""Chapter 12. SPADEVIL"", ""book"": """", ""chapter"": 12, ""title"": ""SPADEVIL"", ""source_id"": ""S01"", ""url"": ""https://www.gutenberg.org/cache/epub/1329/pg1329-images.html#link2HCH0012"", ""note"": """"}]","[""S01""]",,"[""G03"", ""G12""]",[],[],Not merely a seductive villain. Her transformation and death belong to the novel’s moral instability.,,,,,,,,,"{""id"": ""C20"", ""title"": ""Tydomin"", ""name"": ""Tydomin"", ""category"": ""characters"", ""subcategory"": ""named-character"", ""canon_status"": ""novel_fact"", ""description"": ""Crimtyphon’s other wife drives Oceaxe to death, manipulates Maskull’s will, prompts his absorption of Digrung and tries to use his body. After meeting Spadevil she renounces her former cruelty and accepts sacrifice."", ""visual_facts"": ""Slight middle-height figure; pale face, clustered neck-length indigo hair, dark sad sorb; tunic/breeches made of blue-green reptile plates."", ""game_adaptation"": ""Candidate coercion/echo boss for an alternate campaign; later change of heart remains visible."", ""notes"": ""Not merely a seductive villain. Her transformation and death belong to the novel’s moral instability."", ""aliases"": [], ""source_ids"": [""S01""], ""chapter_refs"": [{""label"": ""Chapter 10. TYDOMIN"", ""book"": """", ""chapter"": 10, ""title"": ""TYDOMIN"", ""source_id"": ""S01"", ""url"": ""https://www.gutenberg.org/cache/epub/1329/pg1329-images.html#link2HCH0010"", ""note"": """"}, {""label"": ""Chapter 11. ON DISSCOURN"", ""book"": """", ""chapter"": 11, ""title"": ""ON DISSCOURN"", ""source_id"": ""S01"", ""url"": ""https://www.gutenberg.org/cache/epub/1329/pg1329-images.html#link2HCH0011"", ""note"": """"}, {""label"": ""Chapter 12. SPADEVIL"", ""book"": """", ""chapter"": 12, ""title"": ""SPADEVIL"", ""source_id"": ""S01"", ""url"": ""https://www.gutenberg.org/cache/epub/1329/pg1329-images.html#link2HCH0012"", ""note"": """"}], ""tags"": [], ""related_entity_ids"": [""B02"", ""C21"", ""C22""], ""artwork_ids"": [""G03"", ""G12""], ""level_ids"": []}"
C21,entity,Digrung,characters,named-character,,novel_fact,Traveller from Matterplay and Joiwind’s brother. He threatens to report Maskull’s conduct to his sister; under Tydomin’s influence Maskull absorbs him. His residual presence later troubles Maskull in Matterplay.,Journal victim/identity echo; no hostile regular-enemy conversion.,"[{""label"": ""Chapter 10. TYDOMIN"", ""book"": """", ""chapter"": 10, ""title"": ""TYDOMIN"", ""source_id"": ""S01"", ""url"": ""https://www.gutenberg.org/cache/epub/1329/pg1329-images.html#link2HCH0010"", ""note"": """"}, {""label"": ""Chapter 15. SWAYLONE’S ISLAND"", ""book"": """", ""chapter"": 15, ""title"": ""SWAYLONE’S ISLAND"", ""source_id"": ""S01"", ""url"": ""https://www.gutenberg.org/cache/epub/1329/pg1329-images.html#link2HCH0015"", ""note"": """"}, {""label"": ""Chapter 16. LEEHALLFAE"", ""book"": """", ""chapter"": 16, ""title"": ""LEEHALLFAE"", ""source_id"": ""S01"", ""url"": ""https://www.gutenberg.org/cache/epub/1329/pg1329-images.html#link2HCH0016"", ""note"": """"}]","[""S01""]",,"[""G02""]",[],[],,,,,,,,,,"{""id"": ""C21"", ""title"": ""Digrung"", ""name"": ""Digrung"", ""category"": ""characters"", ""subcategory"": ""named-character"", ""canon_status"": ""novel_fact"", ""description"": ""Traveller from Matterplay and Joiwind’s brother. He threatens to report Maskull’s conduct to his sister; under Tydomin’s influence Maskull absorbs him. His residual presence later troubles Maskull in Matterplay."", ""visual_facts"": ""Changing skin color, recognisable resemblance to Joiwind, dry nervous voice."", ""game_adaptation"": ""Journal victim/identity echo; no hostile regular-enemy conversion."", ""notes"": """", ""aliases"": [], ""source_ids"": [""S01""], ""chapter_refs"": [{""label"": ""Chapter 10. TYDOMIN"", ""book"": """", ""chapter"": 10, ""title"": ""TYDOMIN"", ""source_id"": ""S01"", ""url"": ""https://www.gutenberg.org/cache/epub/1329/pg1329-images.html#link2HCH0010"", ""note"": """"}, {""label"": ""Chapter 15. SWAYLONE’S ISLAND"", ""book"": """", ""chapter"": 15, ""title"": ""SWAYLONE’S ISLAND"", ""source_id"": ""S01"", ""url"": ""https://www.gutenberg.org/cache/epub/1329/pg1329-images.html#link2HCH0015"", ""note"": """"}, {""label"": ""Chapter 16. LEEHALLFAE"", ""book"": """", ""chapter"": 16, ""title"": ""LEEHALLFAE"", ""source_id"": ""S01"", ""url"": ""https://www.gutenberg.org/cache/epub/1329/pg1329-images.html#link2HCH0016"", ""note"": """"}], ""tags"": [], ""related_entity_ids"": [""C14"", ""C20""], ""artwork_ids"": [""G02""], ""level_ids"": []}"
C22,entity,Spadevil,characters,named-character,,novel_fact,"Reformer taking a new law into Sant, grants Maskull and Tydomin double forehead probes and teaches existence for things rather than possession of things. Catice rejects his doctrine and Maskull kills him.","Witness of altered judgment or optional ideological scene; doctrine is a claim, not a universally verified metaphysics.","[{""label"": ""Chapter 11. ON DISSCOURN"", ""book"": """", ""chapter"": 11, ""title"": ""ON DISSCOURN"", ""source_id"": ""S01"", ""url"": ""https://www.gutenberg.org/cache/epub/1329/pg1329-images.html#link2HCH0011"", ""note"": """"}, {""label"": ""Chapter 12. SPADEVIL"", ""book"": """", ""chapter"": 12, ""title"": ""SPADEVIL"", ""source_id"": ""S01"", ""url"": ""https://www.gutenberg.org/cache/epub/1329/pg1329-images.html#link2HCH0012"", ""note"": """"}]","[""S01""]",,"[""G03""]",[],[],,,,,,,,,,"{""id"": ""C22"", ""title"": ""Spadevil"", ""name"": ""Spadevil"", ""category"": ""characters"", ""subcategory"": ""named-character"", ""canon_status"": ""novel_fact"", ""description"": ""Reformer taking a new law into Sant, grants Maskull and Tydomin double forehead probes and teaches existence for things rather than possession of things. Catice rejects his doctrine and Maskull kills him."", ""visual_facts"": ""Middle-aged, dark solid body, stern heavy brow, black beard, projecting chin, twin flat forehead membranes."", ""game_adaptation"": ""Witness of altered judgment or optional ideological scene; doctrine is a claim, not a universally verified metaphysics."", ""notes"": """", ""aliases"": [], ""source_ids"": [""S01""], ""chapter_refs"": [{""label"": ""Chapter 11. ON DISSCOURN"", ""book"": """", ""chapter"": 11, ""title"": ""ON DISSCOURN"", ""source_id"": ""S01"", ""url"": ""https://www.gutenberg.org/cache/epub/1329/pg1329-images.html#link2HCH0011"", ""note"": """"}, {""label"": ""Chapter 12. SPADEVIL"", ""book"": """", ""chapter"": 12, ""title"": ""SPADEVIL"", ""source_id"": ""S01"", ""url"": ""https://www.gutenberg.org/cache/epub/1329/pg1329-images.html#link2HCH0012"", ""note"": """"}], ""tags"": [], ""related_entity_ids"": [], ""artwork_ids"": [""G03""], ""level_ids"": []}"
C23,entity,Hator,characters,named-character,,novel_fact,Ancient teacher whose followers in Sant use pain to shield the soul from pleasure. Spadevil argues that later followers have turned this into vanity and pride.,"Lore reference, not a present-day boss.","[{""label"": ""Chapter 11. ON DISSCOURN"", ""book"": """", ""chapter"": 11, ""title"": ""ON DISSCOURN"", ""source_id"": ""S01"", ""url"": ""https://www.gutenberg.org/cache/epub/1329/pg1329-images.html#link2HCH0011"", ""note"": """"}, {""label"": ""Chapter 12. SPADEVIL"", ""book"": """", ""chapter"": 12, ""title"": ""SPADEVIL"", ""source_id"": ""S01"", ""url"": ""https://www.gutenberg.org/cache/epub/1329/pg1329-images.html#link2HCH0012"", ""note"": """"}]","[""S01""]",,"[""G17""]",[],[],Separate Hator’s philosophy from his followers’ practice and Spadevil’s critique.,,,,,,,,,"{""id"": ""C23"", ""title"": ""Hator"", ""name"": ""Hator"", ""category"": ""characters"", ""subcategory"": ""named-character"", ""canon_status"": ""novel_fact"", ""description"": ""Ancient teacher whose followers in Sant use pain to shield the soul from pleasure. Spadevil argues that later followers have turned this into vanity and pride."", ""visual_facts"": ""Historical figure; no direct portrait is supplied."", ""game_adaptation"": ""Lore reference, not a present-day boss."", ""notes"": ""Separate Hator’s philosophy from his followers’ practice and Spadevil’s critique."", ""aliases"": [], ""source_ids"": [""S01""], ""chapter_refs"": [{""label"": ""Chapter 11. ON DISSCOURN"", ""book"": """", ""chapter"": 11, ""title"": ""ON DISSCOURN"", ""source_id"": ""S01"", ""url"": ""https://www.gutenberg.org/cache/epub/1329/pg1329-images.html#link2HCH0011"", ""note"": """"}, {""label"": ""Chapter 12. SPADEVIL"", ""book"": """", ""chapter"": 12, ""title"": ""SPADEVIL"", ""source_id"": ""S01"", ""url"": ""https://www.gutenberg.org/cache/epub/1329/pg1329-images.html#link2HCH0012"", ""note"": """"}], ""tags"": [], ""related_entity_ids"": [], ""artwork_ids"": [""G17""], ""level_ids"": []}"
C24,entity,Maulger,characters,named-character,,novel_fact,Sant authority whom Spadevil sets out to find; Catice announces that Maulger is dead.,Text-only historical reference; do not fabricate a canon fight.,"[{""label"": ""Chapter 12. SPADEVIL"", ""book"": """", ""chapter"": 12, ""title"": ""SPADEVIL"", ""source_id"": ""S01"", ""url"": ""https://www.gutenberg.org/cache/epub/1329/pg1329-images.html#link2HCH0012"", ""note"": """"}]","[""S01""]",,[],[],[],,,,,,,,,,"{""id"": ""C24"", ""title"": ""Maulger"", ""name"": ""Maulger"", ""category"": ""characters"", ""subcategory"": ""named-character"", ""canon_status"": ""novel_fact"", ""description"": ""Sant authority whom Spadevil sets out to find; Catice announces that Maulger is dead."", ""visual_facts"": ""No direct appearance provided."", ""game_adaptation"": ""Text-only historical reference; do not fabricate a canon fight."", ""notes"": """", ""aliases"": [], ""source_ids"": [""S01""], ""chapter_refs"": [{""label"": ""Chapter 12. SPADEVIL"", ""book"": """", ""chapter"": 12, ""title"": ""SPADEVIL"", ""source_id"": ""S01"", ""url"": ""https://www.gutenberg.org/cache/epub/1329/pg1329-images.html#link2HCH0012"", ""note"": """"}], ""tags"": [], ""related_entity_ids"": [], ""artwork_ids"": [], ""level_ids"": []}"
C25,entity,Catice,characters,named-character,,novel_fact,Maulger’s successor confronts Spadevil at Sant’s pool. His doctrine of rejection drives Maskull toward the killings of Spadevil and Tydomin; he also gives Maskull the name Muspel.,Candidate ascetic arena boss if needed; selected campaign leaves him a reference.,"[{""label"": ""Chapter 12. SPADEVIL"", ""book"": """", ""chapter"": 12, ""title"": ""SPADEVIL"", ""source_id"": ""S01"", ""url"": ""https://www.gutenberg.org/cache/epub/1329/pg1329-images.html#link2HCH0012"", ""note"": """"}, {""label"": ""Chapter 13. THE WOMBFLASH FOREST"", ""book"": """", ""chapter"": 13, ""title"": ""THE WOMBFLASH FOREST"", ""source_id"": ""S01"", ""url"": ""https://www.gutenberg.org/cache/epub/1329/pg1329-images.html#link2HCH0013"", ""note"": """"}, {""label"": ""Chapter 14. POLECRAB"", ""book"": """", ""chapter"": 14, ""title"": ""POLECRAB"", ""source_id"": ""S01"", ""url"": ""https://www.gutenberg.org/cache/epub/1329/pg1329-images.html#link2HCH0014"", ""note"": """"}]","[""S01""]",,"[""G03"", ""G12""]",[],[],,,,,,,,,,"{""id"": ""C25"", ""title"": ""Catice"", ""name"": ""Catice"", ""category"": ""characters"", ""subcategory"": ""named-character"", ""canon_status"": ""novel_fact"", ""description"": ""Maulger’s successor confronts Spadevil at Sant’s pool. His doctrine of rejection drives Maskull toward the killings of Spadevil and Tydomin; he also gives Maskull the name Muspel."", ""visual_facts"": ""Powerful bowed elder, long heavy trunk, short legs, lemon-colored deeply rutted beardless face, sparse black hair, one forehead membrane, scant loincloth and trifork."", ""game_adaptation"": ""Candidate ascetic arena boss if needed; selected campaign leaves him a reference."", ""notes"": """", ""aliases"": [], ""source_ids"": [""S01""], ""chapter_refs"": [{""label"": ""Chapter 12. SPADEVIL"", ""book"": """", ""chapter"": 12, ""title"": ""SPADEVIL"", ""source_id"": ""S01"", ""url"": ""https://www.gutenberg.org/cache/epub/1329/pg1329-images.html#link2HCH0012"", ""note"": """"}, {""label"": ""Chapter 13. THE WOMBFLASH FOREST"", ""book"": """", ""chapter"": 13, ""title"": ""THE WOMBFLASH FOREST"", ""source_id"": ""S01"", ""url"": ""https://www.gutenberg.org/cache/epub/1329/pg1329-images.html#link2HCH0013"", ""note"": """"}, {""label"": ""Chapter 14. POLECRAB"", ""book"": """", ""chapter"": 14, ""title"": ""POLECRAB"", ""source_id"": ""S01"", ""url"": ""https://www.gutenberg.org/cache/epub/1329/pg1329-images.html#link2HCH0014"", ""note"": """"}], ""tags"": [], ""related_entity_ids"": [""B03"", ""C22""], ""artwork_ids"": [""G03"", ""G12""], ""level_ids"": []}"
C26,entity,Dreamsinter,characters,named-character,,novel_fact,"Strange forest seer encountered in Wombflash. He leads Maskull after Surtur’s drumming and shows a vision linking Maskull, Krag and Nightspore.",Unsettling guide or brief projection; vision text must remain a vision.,"[{""label"": ""Chapter 13. THE WOMBFLASH FOREST"", ""book"": """", ""chapter"": 13, ""title"": ""THE WOMBFLASH FOREST"", ""source_id"": ""S01"", ""url"": ""https://www.gutenberg.org/cache/epub/1329/pg1329-images.html#link2HCH0013"", ""note"": """"}, {""label"": ""Chapter 14. POLECRAB"", ""book"": """", ""chapter"": 14, ""title"": ""POLECRAB"", ""source_id"": ""S01"", ""url"": ""https://www.gutenberg.org/cache/epub/1329/pg1329-images.html#link2HCH0014"", ""note"": """"}]","[""S01""]",,"[""G04""]",[],[],,,,,,,,,,"{""id"": ""C26"", ""title"": ""Dreamsinter"", ""name"": ""Dreamsinter"", ""category"": ""characters"", ""subcategory"": ""named-character"", ""canon_status"": ""novel_fact"", ""description"": ""Strange forest seer encountered in Wombflash. He leads Maskull after Surtur’s drumming and shows a vision linking Maskull, Krag and Nightspore."", ""visual_facts"": ""Gigantic nearly naked build, taller than Maskull by a head; faintly phosphorescent body, three luminous pale-green eyes, hairless skin, thick black hair coiled and fastened, staff."", ""game_adaptation"": ""Unsettling guide or brief projection; vision text must remain a vision."", ""notes"": """", ""aliases"": [], ""source_ids"": [""S01""], ""chapter_refs"": [{""label"": ""Chapter 13. THE WOMBFLASH FOREST"", ""book"": """", ""chapter"": 13, ""title"": ""THE WOMBFLASH FOREST"", ""source_id"": ""S01"", ""url"": ""https://www.gutenberg.org/cache/epub/1329/pg1329-images.html#link2HCH0013"", ""note"": """"}, {""label"": ""Chapter 14. POLECRAB"", ""book"": """", ""chapter"": 14, ""title"": ""POLECRAB"", ""source_id"": ""S01"", ""url"": ""https://www.gutenberg.org/cache/epub/1329/pg1329-images.html#link2HCH0014"", ""note"": """"}], ""tags"": [], ""related_entity_ids"": [""C02"", ""C03""], ""artwork_ids"": [""G04""], ""level_ids"": []}"
C27,entity,Polecrab,characters,named-character,,novel_fact,"Fisherman on the Sinking Sea who trains arg animals, receives Maskull, recalls Broodviol and tries to prevent Gleameil’s dangerous musical journey.",Shore witness and rest tableau; not a combat boss.,"[{""label"": ""Chapter 14. POLECRAB"", ""book"": """", ""chapter"": 14, ""title"": ""POLECRAB"", ""source_id"": ""S01"", ""url"": ""https://www.gutenberg.org/cache/epub/1329/pg1329-images.html#link2HCH0014"", ""note"": """"}, {""label"": ""Chapter 15. SWAYLONE’S ISLAND"", ""book"": """", ""chapter"": 15, ""title"": ""SWAYLONE’S ISLAND"", ""source_id"": ""S01"", ""url"": ""https://www.gutenberg.org/cache/epub/1329/pg1329-images.html#link2HCH0015"", ""note"": """"}]","[""S01""]",,"[""G02"", ""G07"", ""G17""]",[],[],,,,,,,,,,"{""id"": ""C27"", ""title"": ""Polecrab"", ""name"": ""Polecrab"", ""category"": ""characters"", ""subcategory"": ""named-character"", ""canon_status"": ""novel_fact"", ""description"": ""Fisherman on the Sinking Sea who trains arg animals, receives Maskull, recalls Broodviol and tries to prevent Gleameil’s dangerous musical journey."", ""visual_facts"": ""Oldish, short thick sturdy body, short legs, long powerful arms and huge hands; bald head/face, slablike wrinkled walnut-colored leathery face, three eyes jade-green/blue/ulfire, rough hide garment."", ""game_adaptation"": ""Shore witness and rest tableau; not a combat boss."", ""notes"": """", ""aliases"": [], ""source_ids"": [""S01""], ""chapter_refs"": [{""label"": ""Chapter 14. POLECRAB"", ""book"": """", ""chapter"": 14, ""title"": ""POLECRAB"", ""source_id"": ""S01"", ""url"": ""https://www.gutenberg.org/cache/epub/1329/pg1329-images.html#link2HCH0014"", ""note"": """"}, {""label"": ""Chapter 15. SWAYLONE’S ISLAND"", ""book"": """", ""chapter"": 15, ""title"": ""SWAYLONE’S ISLAND"", ""source_id"": ""S01"", ""url"": ""https://www.gutenberg.org/cache/epub/1329/pg1329-images.html#link2HCH0015"", ""note"": """"}], ""tags"": [], ""related_entity_ids"": [""C28"", ""C43"", ""C39""], ""artwork_ids"": [""G02"", ""G07"", ""G17""], ""level_ids"": []}"
C28,entity,Gleameil,characters,named-character,,novel_fact,Polecrab’s wife and mother of three boys follows her inner hunger for Earthrid’s music. She accompanies Maskull to Swaylone’s Island and dies during the music.,Musical tragedy and self-directed desire; retain her agency rather than using her as a repeated escort objective.,"[{""label"": ""Chapter 14. POLECRAB"", ""book"": """", ""chapter"": 14, ""title"": ""POLECRAB"", ""source_id"": ""S01"", ""url"": ""https://www.gutenberg.org/cache/epub/1329/pg1329-images.html#link2HCH0014"", ""note"": """"}, {""label"": ""Chapter 15. SWAYLONE’S ISLAND"", ""book"": """", ""chapter"": 15, ""title"": ""SWAYLONE’S ISLAND"", ""source_id"": ""S01"", ""url"": ""https://www.gutenberg.org/cache/epub/1329/pg1329-images.html#link2HCH0015"", ""note"": """"}, {""label"": ""Chapter 19. SULLENBODE"", ""book"": """", ""chapter"": 19, ""title"": ""SULLENBODE"", ""source_id"": ""S01"", ""url"": ""https://www.gutenberg.org/cache/epub/1329/pg1329-images.html#link2HCH0019"", ""note"": """"}]","[""S01""]",,"[""G02""]",[],[],,,,,,,,,,"{""id"": ""C28"", ""title"": ""Gleameil"", ""name"": ""Gleameil"", ""category"": ""characters"", ""subcategory"": ""named-character"", ""canon_status"": ""novel_fact"", ""description"": ""Polecrab’s wife and mother of three boys follows her inner hunger for Earthrid’s music. She accompanies Maskull to Swaylone’s Island and dies during the music."", ""visual_facts"": ""Young, tall, slender and erect, lightly tanned and strong; three great glowing eyes, masses of yellow hair coiled carelessly with loose strands; refined energetic face and hide garment."", ""game_adaptation"": ""Musical tragedy and self-directed desire; retain her agency rather than using her as a repeated escort objective."", ""notes"": """", ""aliases"": [], ""source_ids"": [""S01""], ""chapter_refs"": [{""label"": ""Chapter 14. POLECRAB"", ""book"": """", ""chapter"": 14, ""title"": ""POLECRAB"", ""source_id"": ""S01"", ""url"": ""https://www.gutenberg.org/cache/epub/1329/pg1329-images.html#link2HCH0014"", ""note"": """"}, {""label"": ""Chapter 15. SWAYLONE’S ISLAND"", ""book"": """", ""chapter"": 15, ""title"": ""SWAYLONE’S ISLAND"", ""source_id"": ""S01"", ""url"": ""https://www.gutenberg.org/cache/epub/1329/pg1329-images.html#link2HCH0015"", ""note"": """"}, {""label"": ""Chapter 19. SULLENBODE"", ""book"": """", ""chapter"": 19, ""title"": ""SULLENBODE"", ""source_id"": ""S01"", ""url"": ""https://www.gutenberg.org/cache/epub/1329/pg1329-images.html#link2HCH0019"", ""note"": """"}], ""tags"": [], ""related_entity_ids"": [""C27"", ""C29"", ""C43""], ""artwork_ids"": [""G02""], ""level_ids"": []}"
C29,entity,Earthrid,characters,named-character,,novel_fact,Musician on Swaylone’s Island who plays the lake Irontick by disturbing its surface. The music proves fatal to Gleameil. Maskull takes over and destroys the instrument; he later finds Earthrid’s mutilated corpse on the shore.,"Strong candidate music-arena boss; lake as instrument is canonical, combat pulse warnings are invented.","[{""label"": ""Chapter 14. POLECRAB"", ""book"": """", ""chapter"": 14, ""title"": ""POLECRAB"", ""source_id"": ""S01"", ""url"": ""https://www.gutenberg.org/cache/epub/1329/pg1329-images.html#link2HCH0014"", ""note"": """"}, {""label"": ""Chapter 15. SWAYLONE’S ISLAND"", ""book"": """", ""chapter"": 15, ""title"": ""SWAYLONE’S ISLAND"", ""source_id"": ""S01"", ""url"": ""https://www.gutenberg.org/cache/epub/1329/pg1329-images.html#link2HCH0015"", ""note"": """"}, {""label"": ""Chapter 17. CORPANG"", ""book"": """", ""chapter"": 17, ""title"": ""CORPANG"", ""source_id"": ""S01"", ""url"": ""https://www.gutenberg.org/cache/epub/1329/pg1329-images.html#link2HCH0017"", ""note"": """"}]","[""S01""]",,"[""G04"", ""G07"", ""G12""]",[],[],,,,,,,,,,"{""id"": ""C29"", ""title"": ""Earthrid"", ""name"": ""Earthrid"", ""category"": ""characters"", ""subcategory"": ""named-character"", ""canon_status"": ""novel_fact"", ""description"": ""Musician on Swaylone’s Island who plays the lake Irontick by disturbing its surface. The music proves fatal to Gleameil. Maskull takes over and destroys the instrument; he later finds Earthrid’s mutilated corpse on the shore."", ""visual_facts"": ""Young middle age, pale weak vacant face with disagreeable expression, sparse black hair on head/chin, circular convoluted ear-like forehead organ. In moonlight the face acquires crafty grandeur."", ""game_adaptation"": ""Strong candidate music-arena boss; lake as instrument is canonical, combat pulse warnings are invented."", ""notes"": """", ""aliases"": [], ""source_ids"": [""S01""], ""chapter_refs"": [{""label"": ""Chapter 14. POLECRAB"", ""book"": """", ""chapter"": 14, ""title"": ""POLECRAB"", ""source_id"": ""S01"", ""url"": ""https://www.gutenberg.org/cache/epub/1329/pg1329-images.html#link2HCH0014"", ""note"": """"}, {""label"": ""Chapter 15. SWAYLONE’S ISLAND"", ""book"": """", ""chapter"": 15, ""title"": ""SWAYLONE’S ISLAND"", ""source_id"": ""S01"", ""url"": ""https://www.gutenberg.org/cache/epub/1329/pg1329-images.html#link2HCH0015"", ""note"": """"}, {""label"": ""Chapter 17. CORPANG"", ""book"": """", ""chapter"": 17, ""title"": ""CORPANG"", ""source_id"": ""S01"", ""url"": ""https://www.gutenberg.org/cache/epub/1329/pg1329-images.html#link2HCH0017"", ""note"": """"}], ""tags"": [], ""related_entity_ids"": [""E19"", ""B04""], ""artwork_ids"": [""G04"", ""G07"", ""G12""], ""level_ids"": []}"
C30,entity,Swaylone,characters,named-character,,novel_fact,"Legendary first musician of Tormance, said by Gleameil to have settled the island in a remote age. The legend links music, Shaping and Krag.",Optional lore portrait or relief; not an additional present boss.,"[{""label"": ""Chapter 15. SWAYLONE’S ISLAND"", ""book"": """", ""chapter"": 15, ""title"": ""SWAYLONE’S ISLAND"", ""source_id"": ""S01"", ""url"": ""https://www.gutenberg.org/cache/epub/1329/pg1329-images.html#link2HCH0015"", ""note"": """"}]","[""S01""]",,[],[],[],"Record as legend, not a verified scene witnessed by Maskull.",,,,,,,,,"{""id"": ""C30"", ""title"": ""Swaylone"", ""name"": ""Swaylone"", ""category"": ""characters"", ""subcategory"": ""named-character"", ""canon_status"": ""novel_fact"", ""description"": ""Legendary first musician of Tormance, said by Gleameil to have settled the island in a remote age. The legend links music, Shaping and Krag."", ""visual_facts"": ""No direct contemporary appearance; images of him would interpret a narrated legend."", ""game_adaptation"": ""Optional lore portrait or relief; not an additional present boss."", ""notes"": ""Record as legend, not a verified scene witnessed by Maskull."", ""aliases"": [], ""source_ids"": [""S01""], ""chapter_refs"": [{""label"": ""Chapter 15. SWAYLONE’S ISLAND"", ""book"": """", ""chapter"": 15, ""title"": ""SWAYLONE’S ISLAND"", ""source_id"": ""S01"", ""url"": ""https://www.gutenberg.org/cache/epub/1329/pg1329-images.html#link2HCH0015"", ""note"": """"}], ""tags"": [], ""related_entity_ids"": [], ""artwork_ids"": [], ""level_ids"": []}"
C31,entity,Leehallfae,characters,named-character,,novel_fact,"Ancient surviving phaen searching for Faceny in the life streams of Matterplay. Ae joins Maskull in finding Threal, but dies and dissolves on entering that region.",Guide/witness preserving the distinct third positive sex. Use ae/aer/aerself; no gender-changing reward system.,"[{""label"": ""Chapter 16. LEEHALLFAE"", ""book"": """", ""chapter"": 16, ""title"": ""LEEHALLFAE"", ""source_id"": ""S01"", ""url"": ""https://www.gutenberg.org/cache/epub/1329/pg1329-images.html#link2HCH0016"", ""note"": """"}, {""label"": ""Chapter 17. CORPANG"", ""book"": """", ""chapter"": 17, ""title"": ""CORPANG"", ""source_id"": ""S01"", ""url"": ""https://www.gutenberg.org/cache/epub/1329/pg1329-images.html#link2HCH0017"", ""note"": """"}]","[""S01""]",,"[""G04""]",[],[],"Narrator initially uses a feminine impression, then explicitly coins ae. Leehallfae is neither male nor female and is not described as sexless.",,,,,,,,,"{""id"": ""C31"", ""title"": ""Leehallfae"", ""name"": ""Leehallfae"", ""category"": ""characters"", ""subcategory"": ""named-character"", ""canon_status"": ""novel_fact"", ""description"": ""Ancient surviving phaen searching for Faceny in the life streams of Matterplay. Ae joins Maskull in finding Threal, but dies and dissolves on entering that region."", ""visual_facts"": ""Strangely luminous copper-colored skin; angular/faceted limbs and irregular beardless face, two eyes, ankle-length single braid, dark frocklike knee-length garment and turban hiding a forehead organ. Vigorous youthfulness with immeasurable ancientness."", ""game_adaptation"": ""Guide/witness preserving the distinct third positive sex. Use ae/aer/aerself; no gender-changing reward system."", ""notes"": ""Narrator initially uses a feminine impression, then explicitly coins ae. Leehallfae is neither male nor female and is not described as sexless."", ""aliases"": [], ""source_ids"": [""S01""], ""chapter_refs"": [{""label"": ""Chapter 16. LEEHALLFAE"", ""book"": """", ""chapter"": 16, ""title"": ""LEEHALLFAE"", ""source_id"": ""S01"", ""url"": ""https://www.gutenberg.org/cache/epub/1329/pg1329-images.html#link2HCH0016"", ""note"": """"}, {""label"": ""Chapter 17. CORPANG"", ""book"": """", ""chapter"": 17, ""title"": ""CORPANG"", ""source_id"": ""S01"", ""url"": ""https://www.gutenberg.org/cache/epub/1329/pg1329-images.html#link2HCH0017"", ""note"": """"}], ""tags"": [], ""pronouns"": {""subject"": ""ae"", ""object"": ""aer"", ""possessive"": ""aer"", ""reflexive"": ""aerself""}, ""related_entity_ids"": [""C40"", ""C04""], ""artwork_ids"": [""G04""], ""level_ids"": []}"
C32,entity,Corpang,characters,named-character,,novel_fact,"Threal ascetic worshipping Faceny, Amfuse and Thire. After their divine appearances prove false, he follows Maskull toward Muspel-light and accompanies him through Lichstorm until their ways part.",Doubting companion; not a boss merely because his doctrine is severe.,"[{""label"": ""Chapter 17. CORPANG"", ""book"": """", ""chapter"": 17, ""title"": ""CORPANG"", ""source_id"": ""S01"", ""url"": ""https://www.gutenberg.org/cache/epub/1329/pg1329-images.html#link2HCH0017"", ""note"": """"}, {""label"": ""Chapter 18. HAUNTE"", ""book"": """", ""chapter"": 18, ""title"": ""HAUNTE"", ""source_id"": ""S01"", ""url"": ""https://www.gutenberg.org/cache/epub/1329/pg1329-images.html#link2HCH0018"", ""note"": """"}, {""label"": ""Chapter 19. SULLENBODE"", ""book"": """", ""chapter"": 19, ""title"": ""SULLENBODE"", ""source_id"": ""S01"", ""url"": ""https://www.gutenberg.org/cache/epub/1329/pg1329-images.html#link2HCH0019"", ""note"": """"}]","[""S01""]",,"[""G04""]",[],[],,,,,,,,,,"{""id"": ""C32"", ""title"": ""Corpang"", ""name"": ""Corpang"", ""category"": ""characters"", ""subcategory"": ""named-character"", ""canon_status"": ""novel_fact"", ""description"": ""Threal ascetic worshipping Faceny, Amfuse and Thire. After their divine appearances prove false, he follows Maskull toward Muspel-light and accompanies him through Lichstorm until their ways part."", ""visual_facts"": ""Short thickset but emaciated; hairless coarse energetic face, wide brow, short hair, sanguine eyes; black sleeveless robe and long staff."", ""game_adaptation"": ""Doubting companion; not a boss merely because his doctrine is severe."", ""notes"": """", ""aliases"": [], ""source_ids"": [""S01""], ""chapter_refs"": [{""label"": ""Chapter 17. CORPANG"", ""book"": """", ""chapter"": 17, ""title"": ""CORPANG"", ""source_id"": ""S01"", ""url"": ""https://www.gutenberg.org/cache/epub/1329/pg1329-images.html#link2HCH0017"", ""note"": """"}, {""label"": ""Chapter 18. HAUNTE"", ""book"": """", ""chapter"": 18, ""title"": ""HAUNTE"", ""source_id"": ""S01"", ""url"": ""https://www.gutenberg.org/cache/epub/1329/pg1329-images.html#link2HCH0018"", ""note"": """"}, {""label"": ""Chapter 19. SULLENBODE"", ""book"": """", ""chapter"": 19, ""title"": ""SULLENBODE"", ""source_id"": ""S01"", ""url"": ""https://www.gutenberg.org/cache/epub/1329/pg1329-images.html#link2HCH0019"", ""note"": """"}], ""tags"": [], ""related_entity_ids"": [""C44""], ""artwork_ids"": [""G04""], ""level_ids"": []}"
C33,entity,Haunte,characters,named-character,,novel_fact,"Lichstorm man who travels in a skin boat sustained by male stones, shelters the travellers at Sarclash and takes them to Sullenbode. Maskull steals his protecting light; Haunte then dies on kissing her.",Dangerous companion reference; a proposed wind-boat fight conflicts with the ground-only game and is not selected.,"[{""label"": ""Chapter 18. HAUNTE"", ""book"": """", ""chapter"": 18, ""title"": ""HAUNTE"", ""source_id"": ""S01"", ""url"": ""https://www.gutenberg.org/cache/epub/1329/pg1329-images.html#link2HCH0018"", ""note"": """"}, {""label"": ""Chapter 19. SULLENBODE"", ""book"": """", ""chapter"": 19, ""title"": ""SULLENBODE"", ""source_id"": ""S01"", ""url"": ""https://www.gutenberg.org/cache/epub/1329/pg1329-images.html#link2HCH0019"", ""note"": """"}]","[""S01""]",,"[""G04"", ""G17""]",[],[],The protecting light comes from the male stones; a forehead lamp is not a verified canonical accessory.,,,,,,,,,"{""id"": ""C33"", ""title"": ""Haunte"", ""name"": ""Haunte"", ""category"": ""characters"", ""subcategory"": ""named-character"", ""canon_status"": ""novel_fact"", ""description"": ""Lichstorm man who travels in a skin boat sustained by male stones, shelters the travellers at Sarclash and takes them to Sullenbode. Maskull steals his protecting light; Haunte then dies on kissing her."", ""visual_facts"": ""Young middle-height man with a disproportionately long trunk and immense deep chest; sharp pointed ugly hairless face, protruding teeth, upward-slanting eyes/brows, stump-like forehead organ, short thin hair, dolm skin, close-fitting fur garment."", ""game_adaptation"": ""Dangerous companion reference; a proposed wind-boat fight conflicts with the ground-only game and is not selected."", ""notes"": ""The protecting light comes from the male stones; a forehead lamp is not a verified canonical accessory."", ""aliases"": [], ""source_ids"": [""S01""], ""chapter_refs"": [{""label"": ""Chapter 18. HAUNTE"", ""book"": """", ""chapter"": 18, ""title"": ""HAUNTE"", ""source_id"": ""S01"", ""url"": ""https://www.gutenberg.org/cache/epub/1329/pg1329-images.html#link2HCH0018"", ""note"": """"}, {""label"": ""Chapter 19. SULLENBODE"", ""book"": """", ""chapter"": 19, ""title"": ""SULLENBODE"", ""source_id"": ""S01"", ""url"": ""https://www.gutenberg.org/cache/epub/1329/pg1329-images.html#link2HCH0019"", ""note"": """"}], ""tags"": [], ""related_entity_ids"": [""C34"", ""P18""], ""artwork_ids"": [""G04"", ""G17""], ""level_ids"": []}"
C34,entity,Sullenbode,characters,named-character,,novel_fact,Lichstorm woman awakened fully by Maskull’s kiss. She guides him toward Adage and accepts the risk of accompanying his search. Her life depends on his continuing love; when it fails she dies and he buries her.,"Her projected likeness may appear in an invented garden manifestation; it is not damageable, and the human figure is not the boss target.","[{""label"": ""Chapter 18. HAUNTE"", ""book"": """", ""chapter"": 18, ""title"": ""HAUNTE"", ""source_id"": ""S01"", ""url"": ""https://www.gutenberg.org/cache/epub/1329/pg1329-images.html#link2HCH0018"", ""note"": """"}, {""label"": ""Chapter 19. SULLENBODE"", ""book"": """", ""chapter"": 19, ""title"": ""SULLENBODE"", ""source_id"": ""S01"", ""url"": ""https://www.gutenberg.org/cache/epub/1329/pg1329-images.html#link2HCH0019"", ""note"": """"}, {""label"": ""Chapter 20. BAREY"", ""book"": """", ""chapter"": 20, ""title"": ""BAREY"", ""source_id"": ""S01"", ""url"": ""https://www.gutenberg.org/cache/epub/1329/pg1329-images.html#link2HCH0020"", ""note"": """"}]","[""S01""]",,"[""G03"", ""G08"", ""G10""]","[""A3-L4""]",[],"No canonical garden or root boss exists. Sullenbode is a guide and sacrificing lover, not an ordinary hostile monster.",,,,,,,,,"{""id"": ""C34"", ""title"": ""Sullenbode"", ""name"": ""Sullenbode"", ""category"": ""characters"", ""subcategory"": ""named-character"", ""canon_status"": ""novel_fact"", ""description"": ""Lichstorm woman awakened fully by Maskull’s kiss. She guides him toward Adage and accepts the risk of accompanying his search. Her life depends on his continuing love; when it fails she dies and he buries her."", ""visual_facts"": ""Tall slight and slow-moving; softly glowing exposed skin, long pale face, heavy brows, fiery gashlike mouth; black eyes and dark maroon hair."", ""game_adaptation"": ""Her projected likeness may appear in an invented garden manifestation; it is not damageable, and the human figure is not the boss target."", ""notes"": ""No canonical garden or root boss exists. Sullenbode is a guide and sacrificing lover, not an ordinary hostile monster."", ""aliases"": [], ""source_ids"": [""S01""], ""chapter_refs"": [{""label"": ""Chapter 18. HAUNTE"", ""book"": """", ""chapter"": 18, ""title"": ""HAUNTE"", ""source_id"": ""S01"", ""url"": ""https://www.gutenberg.org/cache/epub/1329/pg1329-images.html#link2HCH0018"", ""note"": """"}, {""label"": ""Chapter 19. SULLENBODE"", ""book"": """", ""chapter"": 19, ""title"": ""SULLENBODE"", ""source_id"": ""S01"", ""url"": ""https://www.gutenberg.org/cache/epub/1329/pg1329-images.html#link2HCH0019"", ""note"": """"}, {""label"": ""Chapter 20. BAREY"", ""book"": """", ""chapter"": 20, ""title"": ""BAREY"", ""source_id"": ""S01"", ""url"": ""https://www.gutenberg.org/cache/epub/1329/pg1329-images.html#link2HCH0020"", ""note"": """"}], ""tags"": [], ""related_entity_ids"": [""B05"", ""E26""], ""artwork_ids"": [""G03"", ""G08"", ""G10""], ""level_ids"": [""A3-L4""]}"
C35,entity,Lodd,characters,named-character,,novel_fact,"Earlier traveller seeking Muspel-light, recalled by Haunte as having passed toward Adage five years previously.","Text or remembered silhouette, not a mandatory rescue objective.","[{""label"": ""Chapter 18. HAUNTE"", ""book"": """", ""chapter"": 18, ""title"": ""HAUNTE"", ""source_id"": ""S01"", ""url"": ""https://www.gutenberg.org/cache/epub/1329/pg1329-images.html#link2HCH0018"", ""note"": """"}, {""label"": ""Chapter 19. SULLENBODE"", ""book"": """", ""chapter"": 19, ""title"": ""SULLENBODE"", ""source_id"": ""S01"", ""url"": ""https://www.gutenberg.org/cache/epub/1329/pg1329-images.html#link2HCH0019"", ""note"": """"}]","[""S01""]",,[],[],[],,,,,,,,,,"{""id"": ""C35"", ""title"": ""Lodd"", ""name"": ""Lodd"", ""category"": ""characters"", ""subcategory"": ""named-character"", ""canon_status"": ""novel_fact"", ""description"": ""Earlier traveller seeking Muspel-light, recalled by Haunte as having passed toward Adage five years previously."", ""visual_facts"": ""Proud, noble and exceptionally different in Haunte’s memory; no secure detailed anatomy."", ""game_adaptation"": ""Text or remembered silhouette, not a mandatory rescue objective."", ""notes"": """", ""aliases"": [], ""source_ids"": [""S01""], ""chapter_refs"": [{""label"": ""Chapter 18. HAUNTE"", ""book"": """", ""chapter"": 18, ""title"": ""HAUNTE"", ""source_id"": ""S01"", ""url"": ""https://www.gutenberg.org/cache/epub/1329/pg1329-images.html#link2HCH0018"", ""note"": """"}, {""label"": ""Chapter 19. SULLENBODE"", ""book"": """", ""chapter"": 19, ""title"": ""SULLENBODE"", ""source_id"": ""S01"", ""url"": ""https://www.gutenberg.org/cache/epub/1329/pg1329-images.html#link2HCH0019"", ""note"": """"}], ""tags"": [], ""related_entity_ids"": [], ""artwork_ids"": [], ""level_ids"": []}"
C36,entity,Muremaker,characters,named-character,,novel_fact,"Cruel sorb-user met in Panawe’s story, suspended over a thousand-foot gulf by Nuclamp after a dispute over a woman. Panawe refuses to save the habitual tormentor.",Candidate remembered coercion encounter; no direct present-day appearance.,"[{""label"": ""Chapter 7. PANAWE"", ""book"": """", ""chapter"": 7, ""title"": ""PANAWE"", ""source_id"": ""S01"", ""url"": ""https://www.gutenberg.org/cache/epub/1329/pg1329-images.html#link2HCH0007"", ""note"": """"}]","[""S01""]",,[],[],[],,,,,,,,,,"{""id"": ""C36"", ""title"": ""Muremaker"", ""name"": ""Muremaker"", ""category"": ""characters"", ""subcategory"": ""named-character"", ""canon_status"": ""novel_fact"", ""description"": ""Cruel sorb-user met in Panawe’s story, suspended over a thousand-foot gulf by Nuclamp after a dispute over a woman. Panawe refuses to save the habitual tormentor."", ""visual_facts"": ""Ogrelike suspended upright figure, wry grimace and scraping voice."", ""game_adaptation"": ""Candidate remembered coercion encounter; no direct present-day appearance."", ""notes"": """", ""aliases"": [], ""source_ids"": [""S01""], ""chapter_refs"": [{""label"": ""Chapter 7. PANAWE"", ""book"": """", ""chapter"": 7, ""title"": ""PANAWE"", ""source_id"": ""S01"", ""url"": ""https://www.gutenberg.org/cache/epub/1329/pg1329-images.html#link2HCH0007"", ""note"": """"}], ""tags"": [], ""related_entity_ids"": [""C37"", ""B07""], ""artwork_ids"": [], ""level_ids"": []}"
C37,entity,Nuclamp,characters,named-character,,novel_fact,"Offstage rival who holds Muremaker suspended by force of will, according to Muremaker’s account in Panawe’s story.",Lore-only reference or clearly invented silhouette.,"[{""label"": ""Chapter 7. PANAWE"", ""book"": """", ""chapter"": 7, ""title"": ""PANAWE"", ""source_id"": ""S01"", ""url"": ""https://www.gutenberg.org/cache/epub/1329/pg1329-images.html#link2HCH0007"", ""note"": """"}]","[""S01""]",,[],[],[],,,,,,,,,,"{""id"": ""C37"", ""title"": ""Nuclamp"", ""name"": ""Nuclamp"", ""category"": ""characters"", ""subcategory"": ""named-character"", ""canon_status"": ""novel_fact"", ""description"": ""Offstage rival who holds Muremaker suspended by force of will, according to Muremaker’s account in Panawe’s story."", ""visual_facts"": ""No direct appearance supplied."", ""game_adaptation"": ""Lore-only reference or clearly invented silhouette."", ""notes"": """", ""aliases"": [], ""source_ids"": [""S01""], ""chapter_refs"": [{""label"": ""Chapter 7. PANAWE"", ""book"": """", ""chapter"": 7, ""title"": ""PANAWE"", ""source_id"": ""S01"", ""url"": ""https://www.gutenberg.org/cache/epub/1329/pg1329-images.html#link2HCH0007"", ""note"": """"}], ""tags"": [], ""related_entity_ids"": [""C36""], ""artwork_ids"": [], ""level_ids"": []}"
C38,entity,Sature,characters,named-character,,novel_fact,"Crimtyphon’s living victim, compelled toward rooting and becoming a fruit tree while his responses are dictated by his captor.","Victim/reference image for domination, not a plant-enemy species.","[{""label"": ""Chapter 9. OCEAXE"", ""book"": """", ""chapter"": 9, ""title"": ""OCEAXE"", ""source_id"": ""S01"", ""url"": ""https://www.gutenberg.org/cache/epub/1329/pg1329-images.html#link2HCH0009"", ""note"": """"}]","[""S01""]",,[],[],[],,,,,,,,,,"{""id"": ""C38"", ""title"": ""Sature"", ""name"": ""Sature"", ""category"": ""characters"", ""subcategory"": ""named-character"", ""canon_status"": ""novel_fact"", ""description"": ""Crimtyphon’s living victim, compelled toward rooting and becoming a fruit tree while his responses are dictated by his captor."", ""visual_facts"": ""Short muscular man with broad bearded commonplace face distorted by pain, despair and horror; buds beginning at his feet."", ""game_adaptation"": ""Victim/reference image for domination, not a plant-enemy species."", ""notes"": """", ""aliases"": [], ""source_ids"": [""S01""], ""chapter_refs"": [{""label"": ""Chapter 9. OCEAXE"", ""book"": """", ""chapter"": 9, ""title"": ""OCEAXE"", ""source_id"": ""S01"", ""url"": ""https://www.gutenberg.org/cache/epub/1329/pg1329-images.html#link2HCH0009"", ""note"": """"}], ""tags"": [], ""related_entity_ids"": [""C19""], ""artwork_ids"": [], ""level_ids"": []}"
C39,entity,Arg animals,characters,creature-group,,novel_fact,Seal-like six-legged fishing animals bred and trained by Polecrab. The word arg is used as a species/common noun; his command to one is not evidence of a unique proper name.,Peaceful shore ecology; not all alien creatures should attack.,"[{""label"": ""Chapter 14. POLECRAB"", ""book"": """", ""chapter"": 14, ""title"": ""POLECRAB"", ""source_id"": ""S01"", ""url"": ""https://www.gutenberg.org/cache/epub/1329/pg1329-images.html#link2HCH0014"", ""note"": """"}]","[""S01""]",,[],[],[],Includes Polecrab’s trained individual. Catalogue does not mistake capitalisation in a command for a new named person.,,,,,,,,,"{""id"": ""C39"", ""title"": ""Arg animals"", ""name"": ""Arg animals"", ""category"": ""characters"", ""subcategory"": ""creature-group"", ""canon_status"": ""novel_fact"", ""description"": ""Seal-like six-legged fishing animals bred and trained by Polecrab. The word arg is used as a species/common noun; his command to one is not evidence of a unique proper name."", ""visual_facts"": ""About two feet long, six clawed legs; broad-headed animals learn better but swim more slowly."", ""game_adaptation"": ""Peaceful shore ecology; not all alien creatures should attack."", ""notes"": ""Includes Polecrab’s trained individual. Catalogue does not mistake capitalisation in a command for a new named person."", ""aliases"": [], ""source_ids"": [""S01""], ""chapter_refs"": [{""label"": ""Chapter 14. POLECRAB"", ""book"": """", ""chapter"": 14, ""title"": ""POLECRAB"", ""source_id"": ""S01"", ""url"": ""https://www.gutenberg.org/cache/epub/1329/pg1329-images.html#link2HCH0014"", ""note"": """"}], ""tags"": [], ""related_entity_ids"": [], ""artwork_ids"": [], ""level_ids"": []}"
C40,entity,Phaens,characters,entity-group,,novel_fact,"A former people represented by Leehallfae, with a positive third sex distinct from male and female. Leehallfae considers aer self the surviving member of the former world.",Respect source pronouns and singular survivor; crowds of present phaens would be invention.,"[{""label"": ""Chapter 16. LEEHALLFAE"", ""book"": """", ""chapter"": 16, ""title"": ""LEEHALLFAE"", ""source_id"": ""S01"", ""url"": ""https://www.gutenberg.org/cache/epub/1329/pg1329-images.html#link2HCH0016"", ""note"": """"}, {""label"": ""Chapter 17. CORPANG"", ""book"": """", ""chapter"": 17, ""title"": ""CORPANG"", ""source_id"": ""S01"", ""url"": ""https://www.gutenberg.org/cache/epub/1329/pg1329-images.html#link2HCH0017"", ""note"": """"}]","[""S01""]",,"[""G04""]",[],[],,,,,,,,,,"{""id"": ""C40"", ""title"": ""Phaens"", ""name"": ""Phaens"", ""category"": ""characters"", ""subcategory"": ""entity-group"", ""canon_status"": ""novel_fact"", ""description"": ""A former people represented by Leehallfae, with a positive third sex distinct from male and female. Leehallfae considers aer self the surviving member of the former world."", ""visual_facts"": ""Neither male nor female; Leehallfae is the visual primary reference."", ""game_adaptation"": ""Respect source pronouns and singular survivor; crowds of present phaens would be invention."", ""notes"": """", ""aliases"": [], ""source_ids"": [""S01""], ""chapter_refs"": [{""label"": ""Chapter 16. LEEHALLFAE"", ""book"": """", ""chapter"": 16, ""title"": ""LEEHALLFAE"", ""source_id"": ""S01"", ""url"": ""https://www.gutenberg.org/cache/epub/1329/pg1329-images.html#link2HCH0016"", ""note"": """"}, {""label"": ""Chapter 17. CORPANG"", ""book"": """", ""chapter"": 17, ""title"": ""CORPANG"", ""source_id"": ""S01"", ""url"": ""https://www.gutenberg.org/cache/epub/1329/pg1329-images.html#link2HCH0017"", ""note"": """"}], ""tags"": [], ""related_entity_ids"": [""C31""], ""artwork_ids"": [""G04""], ""level_ids"": []}"
C41,entity,Panawe’s family and twin sister,characters,unnamed-family,,novel_fact,Panawe recounts travel with his contemplative father and active Poolingdred mother. He describes a female twin sharing his childhood body and sacrificing herself rather than fighting him for existence.,Text-only family reference or explicitly interpretive dual silhouette.,"[{""label"": ""Chapter 7. PANAWE"", ""book"": """", ""chapter"": 7, ""title"": ""PANAWE"", ""source_id"": ""S01"", ""url"": ""https://www.gutenberg.org/cache/epub/1329/pg1329-images.html#link2HCH0007"", ""note"": """"}]","[""S01""]",,[],[],[],Broodviol’s account of violent sex competition is contradicted by Panawe’s own understanding.,,,,,,,,,"{""id"": ""C41"", ""title"": ""Panawe’s family and twin sister"", ""name"": ""Panawe’s family and twin sister"", ""category"": ""characters"", ""subcategory"": ""unnamed-family"", ""canon_status"": ""novel_fact"", ""description"": ""Panawe recounts travel with his contemplative father and active Poolingdred mother. He describes a female twin sharing his childhood body and sacrificing herself rather than fighting him for existence."", ""visual_facts"": ""Parents have contrasting temperaments; the sister has no independent external body portrait."", ""game_adaptation"": ""Text-only family reference or explicitly interpretive dual silhouette."", ""notes"": ""Broodviol’s account of violent sex competition is contradicted by Panawe’s own understanding."", ""aliases"": [], ""source_ids"": [""S01""], ""chapter_refs"": [{""label"": ""Chapter 7. PANAWE"", ""book"": """", ""chapter"": 7, ""title"": ""PANAWE"", ""source_id"": ""S01"", ""url"": ""https://www.gutenberg.org/cache/epub/1329/pg1329-images.html#link2HCH0007"", ""note"": """"}], ""tags"": [], ""related_entity_ids"": [""C15"", ""C16""], ""artwork_ids"": [], ""level_ids"": []}"
C42,entity,Séance materialisation,characters,unnamed-apparition,,novel_fact,Backhouse produces a human-shaped materialisation at the séance. Krag breaks its neck; the dead appearance takes on a dreadful grin associated with Crystalman.,Optional uncanny prologue reference.,"[{""label"": ""Chapter 1. THE SÉANCE"", ""book"": """", ""chapter"": 1, ""title"": ""THE SÉANCE"", ""source_id"": ""S01"", ""url"": ""https://www.gutenberg.org/cache/epub/1329/pg1329-images.html#link2HCH0001"", ""note"": """"}, {""label"": ""Chapter 2. IN THE STREET"", ""book"": """", ""chapter"": 2, ""title"": ""IN THE STREET"", ""source_id"": ""S01"", ""url"": ""https://www.gutenberg.org/cache/epub/1329/pg1329-images.html#link2HCH0002"", ""note"": """"}]","[""S01""]",,"[""G01"", ""G12""]",[],[],"Not Backhouse himself, and not an authenticated separate named god.",,,,,,,,,"{""id"": ""C42"", ""title"": ""Séance materialisation"", ""name"": ""Séance materialisation"", ""category"": ""characters"", ""subcategory"": ""unnamed-apparition"", ""canon_status"": ""novel_fact"", ""description"": ""Backhouse produces a human-shaped materialisation at the séance. Krag breaks its neck; the dead appearance takes on a dreadful grin associated with Crystalman."", ""visual_facts"": ""Young and beautiful human semblance; changing ominous expression after death."", ""game_adaptation"": ""Optional uncanny prologue reference."", ""notes"": ""Not Backhouse himself, and not an authenticated separate named god."", ""aliases"": [], ""source_ids"": [""S01""], ""chapter_refs"": [{""label"": ""Chapter 1. THE SÉANCE"", ""book"": """", ""chapter"": 1, ""title"": ""THE SÉANCE"", ""source_id"": ""S01"", ""url"": ""https://www.gutenberg.org/cache/epub/1329/pg1329-images.html#link2HCH0001"", ""note"": """"}, {""label"": ""Chapter 2. IN THE STREET"", ""book"": """", ""chapter"": 2, ""title"": ""IN THE STREET"", ""source_id"": ""S01"", ""url"": ""https://www.gutenberg.org/cache/epub/1329/pg1329-images.html#link2HCH0002"", ""note"": """"}], ""tags"": [], ""related_entity_ids"": [""C05"", ""C04""], ""artwork_ids"": [""G01"", ""G12""], ""level_ids"": []}"
C43,entity,Polecrab and Gleameil’s three sons,characters,unnamed-family,,novel_fact,"Three boys say farewell before Gleameil’s crossing. The oldest carries the youngest, and Polecrab discusses their differing temperaments.",Shore family vignette; no escort combat.,"[{""label"": ""Chapter 14. POLECRAB"", ""book"": """", ""chapter"": 14, ""title"": ""POLECRAB"", ""source_id"": ""S01"", ""url"": ""https://www.gutenberg.org/cache/epub/1329/pg1329-images.html#link2HCH0014"", ""note"": """"}, {""label"": ""Chapter 15. SWAYLONE’S ISLAND"", ""book"": """", ""chapter"": 15, ""title"": ""SWAYLONE’S ISLAND"", ""source_id"": ""S01"", ""url"": ""https://www.gutenberg.org/cache/epub/1329/pg1329-images.html#link2HCH0015"", ""note"": """"}]","[""S01""]",,[],[],[],,,,,,,,,,"{""id"": ""C43"", ""title"": ""Polecrab and Gleameil’s three sons"", ""name"": ""Polecrab and Gleameil’s three sons"", ""category"": ""characters"", ""subcategory"": ""unnamed-family"", ""canon_status"": ""novel_fact"", ""description"": ""Three boys say farewell before Gleameil’s crossing. The oldest carries the youngest, and Polecrab discusses their differing temperaments."", ""visual_facts"": ""Different ages; youngest pale/slight with tawny gold eyes and intermittently perplexed expression."", ""game_adaptation"": ""Shore family vignette; no escort combat."", ""notes"": """", ""aliases"": [], ""source_ids"": [""S01""], ""chapter_refs"": [{""label"": ""Chapter 14. POLECRAB"", ""book"": """", ""chapter"": 14, ""title"": ""POLECRAB"", ""source_id"": ""S01"", ""url"": ""https://www.gutenberg.org/cache/epub/1329/pg1329-images.html#link2HCH0014"", ""note"": """"}, {""label"": ""Chapter 15. SWAYLONE’S ISLAND"", ""book"": """", ""chapter"": 15, ""title"": ""SWAYLONE’S ISLAND"", ""source_id"": ""S01"", ""url"": ""https://www.gutenberg.org/cache/epub/1329/pg1329-images.html#link2HCH0015"", ""note"": """"}], ""tags"": [], ""related_entity_ids"": [""C27"", ""C28""], ""artwork_ids"": [], ""level_ids"": []}"
C44,entity,"Faceny, Amfuse and Thire — the Three Figures",characters,divine-aspects,,novel_fact,"Corpang describes three interpenetrating worlds: existence/Faceny, relation or love/Amfuse, and feeling or worship/Thire. Three statues become divine visions; after Maskull’s light fades their faces expose the deceptive grin.","False-authority tableau, not three additional required bosses.","[{""label"": ""Chapter 17. CORPANG"", ""book"": """", ""chapter"": 17, ""title"": ""CORPANG"", ""source_id"": ""S01"", ""url"": ""https://www.gutenberg.org/cache/epub/1329/pg1329-images.html#link2HCH0017"", ""note"": """"}]","[""S01""]",,"[""G12""]",[],[],The three names are catalogued together as aspects of the false world; Faceny is also named as Shaping/Crystalman by Leehallfae. They are not three independent rescuing gods.,,,,,,,,,"{""id"": ""C44"", ""title"": ""Faceny, Amfuse and Thire — the Three Figures"", ""name"": ""Faceny, Amfuse and Thire — the Three Figures"", ""category"": ""characters"", ""subcategory"": ""divine-aspects"", ""canon_status"": ""novel_fact"", ""description"": ""Corpang describes three interpenetrating worlds: existence/Faceny, relation or love/Amfuse, and feeling or worship/Thire. Three statues become divine visions; after Maskull’s light fades their faces expose the deceptive grin."", ""visual_facts"": ""Three immense rock figures and translucent visionary persons with their own visual manifestations."", ""game_adaptation"": ""False-authority tableau, not three additional required bosses."", ""notes"": ""The three names are catalogued together as aspects of the false world; Faceny is also named as Shaping/Crystalman by Leehallfae. They are not three independent rescuing gods."", ""aliases"": [""Faceny"", ""Amfuse"", ""Thire"", ""Three Figures""], ""source_ids"": [""S01""], ""chapter_refs"": [{""label"": ""Chapter 17. CORPANG"", ""book"": """", ""chapter"": 17, ""title"": ""CORPANG"", ""source_id"": ""S01"", ""url"": ""https://www.gutenberg.org/cache/epub/1329/pg1329-images.html#link2HCH0017"", ""note"": """"}], ""tags"": [], ""identity_parent_id"": ""C04"", ""related_entity_ids"": [""C04"", ""C32"", ""E22""], ""artwork_ids"": [""G12""], ""level_ids"": []}"
C45,entity,Unnamed Earth attendants and anecdotal roles,characters,unnamed-background,,novel_fact,"The novel contains unnamed parents, servants, orchestra members and people cited within conversations. These supporting roles have no separate names or character arcs in the primary cast.",Background only.,"[{""label"": ""Chapter 1. THE SÉANCE"", ""book"": """", ""chapter"": 1, ""title"": ""THE SÉANCE"", ""source_id"": ""S01"", ""url"": ""https://www.gutenberg.org/cache/epub/1329/pg1329-images.html#link2HCH0001"", ""note"": """"}, {""label"": ""Chapter 7. PANAWE"", ""book"": """", ""chapter"": 7, ""title"": ""PANAWE"", ""source_id"": ""S01"", ""url"": ""https://www.gutenberg.org/cache/epub/1329/pg1329-images.html#link2HCH0007"", ""note"": """"}]","[""S01""]",,[],[],[],Coverage record for roles; this is not an invented additional named cast.,,,,,,,,,"{""id"": ""C45"", ""title"": ""Unnamed Earth attendants and anecdotal roles"", ""name"": ""Unnamed Earth attendants and anecdotal roles"", ""category"": ""characters"", ""subcategory"": ""unnamed-background"", ""canon_status"": ""novel_fact"", ""description"": ""The novel contains unnamed parents, servants, orchestra members and people cited within conversations. These supporting roles have no separate names or character arcs in the primary cast."", ""visual_facts"": ""Specific designs are mostly unspecified."", ""game_adaptation"": ""Background only."", ""notes"": ""Coverage record for roles; this is not an invented additional named cast."", ""aliases"": [], ""source_ids"": [""S01""], ""chapter_refs"": [{""label"": ""Chapter 1. THE SÉANCE"", ""book"": """", ""chapter"": 1, ""title"": ""THE SÉANCE"", ""source_id"": ""S01"", ""url"": ""https://www.gutenberg.org/cache/epub/1329/pg1329-images.html#link2HCH0001"", ""note"": """"}, {""label"": ""Chapter 7. PANAWE"", ""book"": """", ""chapter"": 7, ""title"": ""PANAWE"", ""source_id"": ""S01"", ""url"": ""https://www.gutenberg.org/cache/epub/1329/pg1329-images.html#link2HCH0007"", ""note"": """"}], ""tags"": [], ""related_entity_ids"": [], ""artwork_ids"": [], ""level_ids"": []}"
C50,entity,Sunbound Stalker,characters,game-enemy,,game_proposal,"Invented regular enemy that braces toward one short lunge lane, locks it, then lunges once; its low flank remains slashable during recovery in both sun states.","Read the short lane, choose a ground dash landing beside the commitment, then slash its low flank. Sun state changes scenery, not the recovery hitbox.","[{""label"": ""Chapter 6. JOIWIND"", ""book"": """", ""chapter"": 6, ""title"": ""JOIWIND"", ""source_id"": ""S01"", ""url"": ""https://www.gutenberg.org/cache/epub/1329/pg1329-images.html#link2HCH0006"", ""note"": """"}, {""label"": ""Chapter 8. THE LUSION PLAIN"", ""book"": """", ""chapter"": 8, ""title"": ""THE LUSION PLAIN"", ""source_id"": ""S01"", ""url"": ""https://www.gutenberg.org/cache/epub/1329/pg1329-images.html#link2HCH0008"", ""note"": """"}]","[""S01""]",,"[""G12"", ""G18""]","[""A3-L1"", ""A3-L2"", ""A3-L3"", ""A3-L4"", ""A3-L5"", ""A3-O1"", ""A3-O2"", ""A3-O3""]",[],No creature with this name exists in the novel.,,,,,,,,,"{""id"": ""C50"", ""title"": ""Sunbound Stalker"", ""name"": ""Sunbound Stalker"", ""category"": ""characters"", ""subcategory"": ""game-enemy"", ""canon_status"": ""game_proposal"", ""description"": ""Invented regular enemy that braces toward one short lunge lane, locks it, then lunges once; its low flank remains slashable during recovery in both sun states."", ""visual_facts"": ""Art proposal: compact legible silhouette using the twin-sun contrast."", ""game_adaptation"": ""Read the short lane, choose a ground dash landing beside the commitment, then slash its low flank. Sun state changes scenery, not the recovery hitbox."", ""notes"": ""No creature with this name exists in the novel."", ""aliases"": [], ""source_ids"": [""S01""], ""chapter_refs"": [{""label"": ""Chapter 6. JOIWIND"", ""book"": """", ""chapter"": 6, ""title"": ""JOIWIND"", ""source_id"": ""S01"", ""url"": ""https://www.gutenberg.org/cache/epub/1329/pg1329-images.html#link2HCH0006"", ""note"": """"}, {""label"": ""Chapter 8. THE LUSION PLAIN"", ""book"": """", ""chapter"": 8, ""title"": ""THE LUSION PLAIN"", ""source_id"": ""S01"", ""url"": ""https://www.gutenberg.org/cache/epub/1329/pg1329-images.html#link2HCH0008"", ""note"": """"}], ""tags"": [], ""gameplay_roster_id"": ""A3-E1"", ""related_entity_ids"": [""E06""], ""artwork_ids"": [""G12"", ""G18""], ""level_ids"": [""A3-L1"", ""A3-L2"", ""A3-L3"", ""A3-L4"", ""A3-L5"", ""A3-O1"", ""A3-O2"", ""A3-O3""]}"
C51,entity,Root Latcher,characters,game-enemy,,game_proposal,"Invented rooted bulb that previews one bounded crescent or short strip, sends its visible attack along that footprint, then exposes a low knot during recovery.",Avoid the committed crescent/strip by a ground dash and slash the low knot. It never unpredictably immobilises or binds the player.,"[{""label"": ""Chapter 16. LEEHALLFAE"", ""book"": """", ""chapter"": 16, ""title"": ""LEEHALLFAE"", ""source_id"": ""S01"", ""url"": ""https://www.gutenberg.org/cache/epub/1329/pg1329-images.html#link2HCH0016"", ""note"": """"}]","[""S01""]",,"[""G12""]","[""A3-L2"", ""A3-L4"", ""A3-O2""]",[],Inspired by prolific Matterplay ecology; hostile roots are not canonical.,,,,,,,,,"{""id"": ""C51"", ""title"": ""Root Latcher"", ""name"": ""Root Latcher"", ""category"": ""characters"", ""subcategory"": ""game-enemy"", ""canon_status"": ""game_proposal"", ""description"": ""Invented rooted bulb that previews one bounded crescent or short strip, sends its visible attack along that footprint, then exposes a low knot during recovery."", ""visual_facts"": ""Art proposal: low rootlike body; vulnerable knot above the floor."", ""game_adaptation"": ""Avoid the committed crescent/strip by a ground dash and slash the low knot. It never unpredictably immobilises or binds the player."", ""notes"": ""Inspired by prolific Matterplay ecology; hostile roots are not canonical."", ""aliases"": [], ""source_ids"": [""S01""], ""chapter_refs"": [{""label"": ""Chapter 16. LEEHALLFAE"", ""book"": """", ""chapter"": 16, ""title"": ""LEEHALLFAE"", ""source_id"": ""S01"", ""url"": ""https://www.gutenberg.org/cache/epub/1329/pg1329-images.html#link2HCH0016"", ""note"": """"}], ""tags"": [], ""gameplay_roster_id"": ""A3-E2"", ""related_entity_ids"": [""E20""], ""artwork_ids"": [""G12""], ""level_ids"": [""A3-L2"", ""A3-L4"", ""A3-O2""]}"
C52,entity,Mirror Echo,characters,game-enemy,,game_proposal,"Invented echo that previews and replays its own authored dash and slash once, leaves a harmless hollow reflection, then exposes a rooted endpoint knot.",Read its own preview and punish the endpoint knot; this regular enemy does not capture the player’s prior action.,"[{""label"": ""Chapter 10. TYDOMIN"", ""book"": """", ""chapter"": 10, ""title"": ""TYDOMIN"", ""source_id"": ""S01"", ""url"": ""https://www.gutenberg.org/cache/epub/1329/pg1329-images.html#link2HCH0010"", ""note"": """"}, {""label"": ""Chapter 21. MUSPEL"", ""book"": """", ""chapter"": 21, ""title"": ""MUSPEL"", ""source_id"": ""S01"", ""url"": ""https://www.gutenberg.org/cache/epub/1329/pg1329-images.html#link2HCH0021"", ""note"": """"}]","[""S01""]",,"[""G12"", ""G19""]","[""A3-L3"", ""A3-L4"", ""A3-L5"", ""A3-O3""]",[],No named mirror-echo enemy exists in the novel.,,,,,,,,,"{""id"": ""C52"", ""title"": ""Mirror Echo"", ""name"": ""Mirror Echo"", ""category"": ""characters"", ""subcategory"": ""game-enemy"", ""canon_status"": ""game_proposal"", ""description"": ""Invented echo that previews and replays its own authored dash and slash once, leaves a harmless hollow reflection, then exposes a rooted endpoint knot."", ""visual_facts"": ""Art proposal: one distinct translucent echo silhouette with floor-safe tell."", ""game_adaptation"": ""Read its own preview and punish the endpoint knot; this regular enemy does not capture the player’s prior action."", ""notes"": ""No named mirror-echo enemy exists in the novel."", ""aliases"": [], ""source_ids"": [""S01""], ""chapter_refs"": [{""label"": ""Chapter 10. TYDOMIN"", ""book"": """", ""chapter"": 10, ""title"": ""TYDOMIN"", ""source_id"": ""S01"", ""url"": ""https://www.gutenberg.org/cache/epub/1329/pg1329-images.html#link2HCH0010"", ""note"": """"}, {""label"": ""Chapter 21. MUSPEL"", ""book"": """", ""chapter"": 21, ""title"": ""MUSPEL"", ""source_id"": ""S01"", ""url"": ""https://www.gutenberg.org/cache/epub/1329/pg1329-images.html#link2HCH0021"", ""note"": """"}], ""tags"": [], ""gameplay_roster_id"": ""A3-E3"", ""related_entity_ids"": [""C04""], ""artwork_ids"": [""G12"", ""G19""], ""level_ids"": [""A3-L3"", ""A3-L4"", ""A3-L5"", ""A3-O3""]}"
E01,entity,Prolands and the séance room,environments,Earth setting,,novel_fact,Faull’s Hampstead house contains a forty-by-twenty-foot lounge arranged as an auditorium before a stage replica of the Magic Flute temple scene.,Optional journal/prologue rather than spending a full main level on Earth.,"[{""label"": ""Chapter 1. THE SÉANCE"", ""book"": """", ""chapter"": 1, ""title"": ""THE SÉANCE"", ""source_id"": ""S01"", ""url"": ""https://www.gutenberg.org/cache/epub/1329/pg1329-images.html#link2HCH0001"", ""note"": """"}]","[""S01""]",,[],[],[],,,,,,,,,,"{""id"": ""E01"", ""title"": ""Prolands and the séance room"", ""name"": ""Prolands and the séance room"", ""category"": ""environments"", ""subcategory"": ""Earth setting"", ""canon_status"": ""novel_fact"", ""description"": ""Faull’s Hampstead house contains a forty-by-twenty-foot lounge arranged as an auditorium before a stage replica of the Magic Flute temple scene."", ""visual_facts"": ""Brocade curtain, armchairs, electric brackets, carpet, seated pharaoh scenery, carved couch and hidden orchestra."", ""game_adaptation"": ""Optional journal/prologue rather than spending a full main level on Earth."", ""notes"": """", ""aliases"": [], ""source_ids"": [""S01""], ""chapter_refs"": [{""label"": ""Chapter 1. THE SÉANCE"", ""book"": """", ""chapter"": 1, ""title"": ""THE SÉANCE"", ""source_id"": ""S01"", ""url"": ""https://www.gutenberg.org/cache/epub/1329/pg1329-images.html#link2HCH0001"", ""note"": """"}], ""tags"": [], ""related_entity_ids"": [], ""artwork_ids"": [], ""level_ids"": []}"
E02,entity,Hampstead street,environments,Earth setting,,novel_fact,After the séance the travellers talk under a star-filled March night sky before arranging departure to Starkness.,Brief transition frame.,"[{""label"": ""Chapter 2. IN THE STREET"", ""book"": """", ""chapter"": 2, ""title"": ""IN THE STREET"", ""source_id"": ""S01"", ""url"": ""https://www.gutenberg.org/cache/epub/1329/pg1329-images.html#link2HCH0002"", ""note"": """"}]","[""S01""]",,[],[],[],,,,,,,,,,"{""id"": ""E02"", ""title"": ""Hampstead street"", ""name"": ""Hampstead street"", ""category"": ""environments"", ""subcategory"": ""Earth setting"", ""canon_status"": ""novel_fact"", ""description"": ""After the séance the travellers talk under a star-filled March night sky before arranging departure to Starkness."", ""visual_facts"": ""Dark urban street and cold starfield."", ""game_adaptation"": ""Brief transition frame."", ""notes"": """", ""aliases"": [], ""source_ids"": [""S01""], ""chapter_refs"": [{""label"": ""Chapter 2. IN THE STREET"", ""book"": """", ""chapter"": 2, ""title"": ""IN THE STREET"", ""source_id"": ""S01"", ""url"": ""https://www.gutenberg.org/cache/epub/1329/pg1329-images.html#link2HCH0002"", ""note"": """"}], ""tags"": [], ""related_entity_ids"": [], ""artwork_ids"": [], ""level_ids"": []}"
E03,entity,Starkness observatory,environments,Earth setting,,novel_fact,"Abandoned northern Scottish observatory near the North Sea and Haillar Station, used as the departure site.","Arrival/departure reference, optional level kit reuse.","[{""label"": ""Chapter 3. STARKNESS"", ""book"": """", ""chapter"": 3, ""title"": ""STARKNESS"", ""source_id"": ""S01"", ""url"": ""https://www.gutenberg.org/cache/epub/1329/pg1329-images.html#link2HCH0003"", ""note"": """"}, {""label"": ""Chapter 4. THE VOICE"", ""book"": """", ""chapter"": 4, ""title"": ""THE VOICE"", ""source_id"": ""S01"", ""url"": ""https://www.gutenberg.org/cache/epub/1329/pg1329-images.html#link2HCH0004"", ""note"": """"}, {""label"": ""Chapter 5. THE NIGHT OF DEPARTURE"", ""book"": """", ""chapter"": 5, ""title"": ""THE NIGHT OF DEPARTURE"", ""source_id"": ""S01"", ""url"": ""https://www.gutenberg.org/cache/epub/1329/pg1329-images.html#link2HCH0005"", ""note"": """"}]","[""S01""]",,[],[],[],,,,,,,,,,"{""id"": ""E03"", ""title"": ""Starkness observatory"", ""name"": ""Starkness observatory"", ""category"": ""environments"", ""subcategory"": ""Earth setting"", ""canon_status"": ""novel_fact"", ""description"": ""Abandoned northern Scottish observatory near the North Sea and Haillar Station, used as the departure site."", ""visual_facts"": ""Neglected house, isolated coast, observatory tower and bare scientific rooms."", ""game_adaptation"": ""Arrival/departure reference, optional level kit reuse."", ""notes"": """", ""aliases"": [], ""source_ids"": [""S01""], ""chapter_refs"": [{""label"": ""Chapter 3. STARKNESS"", ""book"": """", ""chapter"": 3, ""title"": ""STARKNESS"", ""source_id"": ""S01"", ""url"": ""https://www.gutenberg.org/cache/epub/1329/pg1329-images.html#link2HCH0003"", ""note"": """"}, {""label"": ""Chapter 4. THE VOICE"", ""book"": """", ""chapter"": 4, ""title"": ""THE VOICE"", ""source_id"": ""S01"", ""url"": ""https://www.gutenberg.org/cache/epub/1329/pg1329-images.html#link2HCH0004"", ""note"": """"}, {""label"": ""Chapter 5. THE NIGHT OF DEPARTURE"", ""book"": """", ""chapter"": 5, ""title"": ""THE NIGHT OF DEPARTURE"", ""source_id"": ""S01"", ""url"": ""https://www.gutenberg.org/cache/epub/1329/pg1329-images.html#link2HCH0005"", ""note"": """"}], ""tags"": [], ""related_entity_ids"": [], ""artwork_ids"": [], ""level_ids"": []}"
E04,entity,Starkness tower,environments,Earth setting,,novel_fact,An increasingly heavy climb and extraordinary optical experiences foreshadow the final tower. The travellers prepare their crystal torpedo there.,Structural foreshadowing; actual jumping/climbing need not be introduced.,"[{""label"": ""Chapter 3. STARKNESS"", ""book"": """", ""chapter"": 3, ""title"": ""STARKNESS"", ""source_id"": ""S01"", ""url"": ""https://www.gutenberg.org/cache/epub/1329/pg1329-images.html#link2HCH0003"", ""note"": """"}, {""label"": ""Chapter 4. THE VOICE"", ""book"": """", ""chapter"": 4, ""title"": ""THE VOICE"", ""source_id"": ""S01"", ""url"": ""https://www.gutenberg.org/cache/epub/1329/pg1329-images.html#link2HCH0004"", ""note"": """"}, {""label"": ""Chapter 5. THE NIGHT OF DEPARTURE"", ""book"": """", ""chapter"": 5, ""title"": ""THE NIGHT OF DEPARTURE"", ""source_id"": ""S01"", ""url"": ""https://www.gutenberg.org/cache/epub/1329/pg1329-images.html#link2HCH0005"", ""note"": """"}]","[""S01""]",,[],[],[],,,,,,,,,,"{""id"": ""E04"", ""title"": ""Starkness tower"", ""name"": ""Starkness tower"", ""category"": ""environments"", ""subcategory"": ""Earth setting"", ""canon_status"": ""novel_fact"", ""description"": ""An increasingly heavy climb and extraordinary optical experiences foreshadow the final tower. The travellers prepare their crystal torpedo there."", ""visual_facts"": ""Stone spiral stair, windows, changing burden and back-ray apparatus."", ""game_adaptation"": ""Structural foreshadowing; actual jumping/climbing need not be introduced."", ""notes"": """", ""aliases"": [], ""source_ids"": [""S01""], ""chapter_refs"": [{""label"": ""Chapter 3. STARKNESS"", ""book"": """", ""chapter"": 3, ""title"": ""STARKNESS"", ""source_id"": ""S01"", ""url"": ""https://www.gutenberg.org/cache/epub/1329/pg1329-images.html#link2HCH0003"", ""note"": """"}, {""label"": ""Chapter 4. THE VOICE"", ""book"": """", ""chapter"": 4, ""title"": ""THE VOICE"", ""source_id"": ""S01"", ""url"": ""https://www.gutenberg.org/cache/epub/1329/pg1329-images.html#link2HCH0004"", ""note"": """"}, {""label"": ""Chapter 5. THE NIGHT OF DEPARTURE"", ""book"": """", ""chapter"": 5, ""title"": ""THE NIGHT OF DEPARTURE"", ""source_id"": ""S01"", ""url"": ""https://www.gutenberg.org/cache/epub/1329/pg1329-images.html#link2HCH0005"", ""note"": """"}], ""tags"": [], ""related_entity_ids"": [], ""artwork_ids"": [], ""level_ids"": []}"
E05,entity,Tormance,environments,planet,,novel_fact,"The inhabited world reached near Arcturus contains two suns, region-dependent ecology and bodily faculties. Maskull’s journey takes four Tormance days before the final awakening.",Compress the journey into the act’s five levels; preserve ground navigation.,"[{""label"": ""Chapter 2. IN THE STREET"", ""book"": """", ""chapter"": 2, ""title"": ""IN THE STREET"", ""source_id"": ""S01"", ""url"": ""https://www.gutenberg.org/cache/epub/1329/pg1329-images.html#link2HCH0002"", ""note"": """"}, {""label"": ""Chapter 6. JOIWIND"", ""book"": """", ""chapter"": 6, ""title"": ""JOIWIND"", ""source_id"": ""S01"", ""url"": ""https://www.gutenberg.org/cache/epub/1329/pg1329-images.html#link2HCH0006"", ""note"": """"}, {""label"": ""Chapter 9. OCEAXE"", ""book"": """", ""chapter"": 9, ""title"": ""OCEAXE"", ""source_id"": ""S01"", ""url"": ""https://www.gutenberg.org/cache/epub/1329/pg1329-images.html#link2HCH0009"", ""note"": """"}, {""label"": ""Chapter 13. THE WOMBFLASH FOREST"", ""book"": """", ""chapter"": 13, ""title"": ""THE WOMBFLASH FOREST"", ""source_id"": ""S01"", ""url"": ""https://www.gutenberg.org/cache/epub/1329/pg1329-images.html#link2HCH0013"", ""note"": """"}, {""label"": ""Chapter 19. SULLENBODE"", ""book"": """", ""chapter"": 19, ""title"": ""SULLENBODE"", ""source_id"": ""S01"", ""url"": ""https://www.gutenberg.org/cache/epub/1329/pg1329-images.html#link2HCH0019"", ""note"": """"}, {""label"": ""Chapter 20. BAREY"", ""book"": """", ""chapter"": 20, ""title"": ""BAREY"", ""source_id"": ""S01"", ""url"": ""https://www.gutenberg.org/cache/epub/1329/pg1329-images.html#link2HCH0020"", ""note"": """"}]","[""S01""]",,[],[],[],,,,,,,,,,"{""id"": ""E05"", ""title"": ""Tormance"", ""name"": ""Tormance"", ""category"": ""environments"", ""subcategory"": ""planet"", ""canon_status"": ""novel_fact"", ""description"": ""The inhabited world reached near Arcturus contains two suns, region-dependent ecology and bodily faculties. Maskull’s journey takes four Tormance days before the final awakening."", ""visual_facts"": ""Alien landforms, impossible extra colors and changing bodily perceptions."", ""game_adaptation"": ""Compress the journey into the act’s five levels; preserve ground navigation."", ""notes"": """", ""aliases"": [], ""source_ids"": [""S01""], ""chapter_refs"": [{""label"": ""Chapter 2. IN THE STREET"", ""book"": """", ""chapter"": 2, ""title"": ""IN THE STREET"", ""source_id"": ""S01"", ""url"": ""https://www.gutenberg.org/cache/epub/1329/pg1329-images.html#link2HCH0002"", ""note"": """"}, {""label"": ""Chapter 6. JOIWIND"", ""book"": """", ""chapter"": 6, ""title"": ""JOIWIND"", ""source_id"": ""S01"", ""url"": ""https://www.gutenberg.org/cache/epub/1329/pg1329-images.html#link2HCH0006"", ""note"": """"}, {""label"": ""Chapter 9. OCEAXE"", ""book"": """", ""chapter"": 9, ""title"": ""OCEAXE"", ""source_id"": ""S01"", ""url"": ""https://www.gutenberg.org/cache/epub/1329/pg1329-images.html#link2HCH0009"", ""note"": """"}, {""label"": ""Chapter 13. THE WOMBFLASH FOREST"", ""book"": """", ""chapter"": 13, ""title"": ""THE WOMBFLASH FOREST"", ""source_id"": ""S01"", ""url"": ""https://www.gutenberg.org/cache/epub/1329/pg1329-images.html#link2HCH0013"", ""note"": """"}, {""label"": ""Chapter 19. SULLENBODE"", ""book"": """", ""chapter"": 19, ""title"": ""SULLENBODE"", ""source_id"": ""S01"", ""url"": ""https://www.gutenberg.org/cache/epub/1329/pg1329-images.html#link2HCH0019"", ""note"": """"}, {""label"": ""Chapter 20. BAREY"", ""book"": """", ""chapter"": 20, ""title"": ""BAREY"", ""source_id"": ""S01"", ""url"": ""https://www.gutenberg.org/cache/epub/1329/pg1329-images.html#link2HCH0020"", ""note"": """"}], ""tags"": [], ""related_entity_ids"": [], ""artwork_ids"": [], ""level_ids"": []}"
E06,entity,Branchspell and Alppain — twin suns,environments,sky,,novel_fact,"Branchspell is the white sun; Alppain is blue. Their light produces two sets of primary colors sharing blue, and Alppain has a distinct effect on will and emotional perception.",Representational palettes and clearly signalled scenery transitions. Never hide attack warnings under lighting.,"[{""label"": ""Chapter 6. JOIWIND"", ""book"": """", ""chapter"": 6, ""title"": ""JOIWIND"", ""source_id"": ""S01"", ""url"": ""https://www.gutenberg.org/cache/epub/1329/pg1329-images.html#link2HCH0006"", ""note"": """"}, {""label"": ""Chapter 7. PANAWE"", ""book"": """", ""chapter"": 7, ""title"": ""PANAWE"", ""source_id"": ""S01"", ""url"": ""https://www.gutenberg.org/cache/epub/1329/pg1329-images.html#link2HCH0007"", ""note"": """"}, {""label"": ""Chapter 18. HAUNTE"", ""book"": """", ""chapter"": 18, ""title"": ""HAUNTE"", ""source_id"": ""S01"", ""url"": ""https://www.gutenberg.org/cache/epub/1329/pg1329-images.html#link2HCH0018"", ""note"": """"}, {""label"": ""Chapter 20. BAREY"", ""book"": """", ""chapter"": 20, ""title"": ""BAREY"", ""source_id"": ""S01"", ""url"": ""https://www.gutenberg.org/cache/epub/1329/pg1329-images.html#link2HCH0020"", ""note"": """"}]","[""S01""]",,"[""G05"", ""G13"", ""G18""]","[""A3-L1"", ""A3-O1""]",[],,,,,,,,,,"{""id"": ""E06"", ""title"": ""Branchspell and Alppain — twin suns"", ""name"": ""Branchspell and Alppain — twin suns"", ""category"": ""environments"", ""subcategory"": ""sky"", ""canon_status"": ""novel_fact"", ""description"": ""Branchspell is the white sun; Alppain is blue. Their light produces two sets of primary colors sharing blue, and Alppain has a distinct effect on will and emotional perception."", ""visual_facts"": ""White/blue disk contrast; extraordinary skylight and white daylight shadows under Alppain."", ""game_adaptation"": ""Representational palettes and clearly signalled scenery transitions. Never hide attack warnings under lighting."", ""notes"": """", ""aliases"": [], ""source_ids"": [""S01""], ""chapter_refs"": [{""label"": ""Chapter 6. JOIWIND"", ""book"": """", ""chapter"": 6, ""title"": ""JOIWIND"", ""source_id"": ""S01"", ""url"": ""https://www.gutenberg.org/cache/epub/1329/pg1329-images.html#link2HCH0006"", ""note"": """"}, {""label"": ""Chapter 7. PANAWE"", ""book"": """", ""chapter"": 7, ""title"": ""PANAWE"", ""source_id"": ""S01"", ""url"": ""https://www.gutenberg.org/cache/epub/1329/pg1329-images.html#link2HCH0007"", ""note"": """"}, {""label"": ""Chapter 18. HAUNTE"", ""book"": """", ""chapter"": 18, ""title"": ""HAUNTE"", ""source_id"": ""S01"", ""url"": ""https://www.gutenberg.org/cache/epub/1329/pg1329-images.html#link2HCH0018"", ""note"": """"}, {""label"": ""Chapter 20. BAREY"", ""book"": """", ""chapter"": 20, ""title"": ""BAREY"", ""source_id"": ""S01"", ""url"": ""https://www.gutenberg.org/cache/epub/1329/pg1329-images.html#link2HCH0020"", ""note"": """"}], ""tags"": [], ""related_entity_ids"": [], ""artwork_ids"": [""G05"", ""G13"", ""G18""], ""level_ids"": [""A3-L1"", ""A3-O1""]}"
E07,entity,Poolingdred,environments,region,,novel_fact,"Poolingdred itself is the cup-shaped mountain and shelter of Joiwind and Panawe. The journey to it begins on the scarlet desert sands where Maskull wakes, passing low wooded hills and strange flora.",Open first-level ground pockets; no repeat input tutorial.,"[{""label"": ""Chapter 6. JOIWIND"", ""book"": """", ""chapter"": 6, ""title"": ""JOIWIND"", ""source_id"": ""S01"", ""url"": ""https://www.gutenberg.org/cache/epub/1329/pg1329-images.html#link2HCH0006"", ""note"": """"}, {""label"": ""Chapter 7. PANAWE"", ""book"": """", ""chapter"": 7, ""title"": ""PANAWE"", ""source_id"": ""S01"", ""url"": ""https://www.gutenberg.org/cache/epub/1329/pg1329-images.html#link2HCH0007"", ""note"": """"}, {""label"": ""Chapter 8. THE LUSION PLAIN"", ""book"": """", ""chapter"": 8, ""title"": ""THE LUSION PLAIN"", ""source_id"": ""S01"", ""url"": ""https://www.gutenberg.org/cache/epub/1329/pg1329-images.html#link2HCH0008"", ""note"": """"}]","[""S01""]",,"[""G05"", ""G13"", ""G18""]","[""A3-L1"", ""A3-O1""]",[],,,,,,,,,,"{""id"": ""E07"", ""title"": ""Poolingdred"", ""name"": ""Poolingdred"", ""category"": ""environments"", ""subcategory"": ""region"", ""canon_status"": ""novel_fact"", ""description"": ""Poolingdred itself is the cup-shaped mountain and shelter of Joiwind and Panawe. The journey to it begins on the scarlet desert sands where Maskull wakes, passing low wooded hills and strange flora."", ""visual_facts"": ""Poolingdred cup/crater mountain and cave shelter; on its approach, scarlet sand, black-stemmed purple shrubs, dark-mould hills, purple trees and blue egglike fruit."", ""game_adaptation"": ""Open first-level ground pockets; no repeat input tutorial."", ""notes"": """", ""aliases"": [], ""source_ids"": [""S01""], ""chapter_refs"": [{""label"": ""Chapter 6. JOIWIND"", ""book"": """", ""chapter"": 6, ""title"": ""JOIWIND"", ""source_id"": ""S01"", ""url"": ""https://www.gutenberg.org/cache/epub/1329/pg1329-images.html#link2HCH0006"", ""note"": """"}, {""label"": ""Chapter 7. PANAWE"", ""book"": """", ""chapter"": 7, ""title"": ""PANAWE"", ""source_id"": ""S01"", ""url"": ""https://www.gutenberg.org/cache/epub/1329/pg1329-images.html#link2HCH0007"", ""note"": """"}, {""label"": ""Chapter 8. THE LUSION PLAIN"", ""book"": """", ""chapter"": 8, ""title"": ""THE LUSION PLAIN"", ""source_id"": ""S01"", ""url"": ""https://www.gutenberg.org/cache/epub/1329/pg1329-images.html#link2HCH0008"", ""note"": """"}], ""tags"": [], ""related_entity_ids"": [], ""artwork_ids"": [""G05"", ""G13"", ""G18""], ""level_ids"": [""A3-L1"", ""A3-O1""]}"
E08,entity,Shaping’s Well,environments,shrine,,novel_fact,A natural amphitheatre encloses a black-trunked tree with transparent crystal leaves and a well of gnawl water where Joiwind prays to Shaping.,Sanctuary imagery whose reassuring interpretation may later change.,"[{""label"": ""Chapter 6. JOIWIND"", ""book"": """", ""chapter"": 6, ""title"": ""JOIWIND"", ""source_id"": ""S01"", ""url"": ""https://www.gutenberg.org/cache/epub/1329/pg1329-images.html#link2HCH0006"", ""note"": """"}]","[""S01""]",,[],[],[],Distinguish the desert shrine/approach from Poolingdred itself; blood-red water is not canonical.,,,,,,,,,"{""id"": ""E08"", ""title"": ""Shaping’s Well"", ""name"": ""Shaping’s Well"", ""category"": ""environments"", ""subcategory"": ""shrine"", ""canon_status"": ""novel_fact"", ""description"": ""A natural amphitheatre encloses a black-trunked tree with transparent crystal leaves and a well of gnawl water where Joiwind prays to Shaping."", ""visual_facts"": ""Red-sand centre, enclosing small wooded hills, black-trunked tree and transparent crystal leaves. Shrine well water is dark green; gnawl water in Poolingdred is crystal clear."", ""game_adaptation"": ""Sanctuary imagery whose reassuring interpretation may later change."", ""notes"": ""Distinguish the desert shrine/approach from Poolingdred itself; blood-red water is not canonical."", ""aliases"": [], ""source_ids"": [""S01""], ""chapter_refs"": [{""label"": ""Chapter 6. JOIWIND"", ""book"": """", ""chapter"": 6, ""title"": ""JOIWIND"", ""source_id"": ""S01"", ""url"": ""https://www.gutenberg.org/cache/epub/1329/pg1329-images.html#link2HCH0006"", ""note"": """"}], ""tags"": [], ""related_entity_ids"": [], ""artwork_ids"": [], ""level_ids"": []}"
E09,entity,Lusion Plain,environments,region,,novel_fact,"Maskull crosses the broad plain between Poolingdred and Ifdawn, encountering a vision calling itself Surtur and the sleeping Oceaxe.",Short broad transition within the first main level.,"[{""label"": ""Chapter 8. THE LUSION PLAIN"", ""book"": """", ""chapter"": 8, ""title"": ""THE LUSION PLAIN"", ""source_id"": ""S01"", ""url"": ""https://www.gutenberg.org/cache/epub/1329/pg1329-images.html#link2HCH0008"", ""note"": """"}]","[""S01""]",,[],[],[],,,,,,,,,,"{""id"": ""E09"", ""title"": ""Lusion Plain"", ""name"": ""Lusion Plain"", ""category"": ""environments"", ""subcategory"": ""region"", ""canon_status"": ""novel_fact"", ""description"": ""Maskull crosses the broad plain between Poolingdred and Ifdawn, encountering a vision calling itself Surtur and the sleeping Oceaxe."", ""visual_facts"": ""Open plain, looming distant mountains, isolated crimson jewel-like light and immense visionary cloud form."", ""game_adaptation"": ""Short broad transition within the first main level."", ""notes"": """", ""aliases"": [], ""source_ids"": [""S01""], ""chapter_refs"": [{""label"": ""Chapter 8. THE LUSION PLAIN"", ""book"": """", ""chapter"": 8, ""title"": ""THE LUSION PLAIN"", ""source_id"": ""S01"", ""url"": ""https://www.gutenberg.org/cache/epub/1329/pg1329-images.html#link2HCH0008"", ""note"": """"}], ""tags"": [], ""related_entity_ids"": [], ""artwork_ids"": [], ""level_ids"": []}"
E10,entity,Ifdawn Marest,environments,region,,novel_fact,"Mountains undergo rapid upheavals, collapsing, rising and changing the paths between settlements. Oceaxe leads Maskull through this dangerous country.",Spectacular movement outside active floor; telegraphed preset transformations between completed encounters.,"[{""label"": ""Chapter 7. PANAWE"", ""book"": """", ""chapter"": 7, ""title"": ""PANAWE"", ""source_id"": ""S01"", ""url"": ""https://www.gutenberg.org/cache/epub/1329/pg1329-images.html#link2HCH0007"", ""note"": """"}, {""label"": ""Chapter 8. THE LUSION PLAIN"", ""book"": """", ""chapter"": 8, ""title"": ""THE LUSION PLAIN"", ""source_id"": ""S01"", ""url"": ""https://www.gutenberg.org/cache/epub/1329/pg1329-images.html#link2HCH0008"", ""note"": """"}, {""label"": ""Chapter 9. OCEAXE"", ""book"": """", ""chapter"": 9, ""title"": ""OCEAXE"", ""source_id"": ""S01"", ""url"": ""https://www.gutenberg.org/cache/epub/1329/pg1329-images.html#link2HCH0009"", ""note"": """"}, {""label"": ""Chapter 10. TYDOMIN"", ""book"": """", ""chapter"": 10, ""title"": ""TYDOMIN"", ""source_id"": ""S01"", ""url"": ""https://www.gutenberg.org/cache/epub/1329/pg1329-images.html#link2HCH0010"", ""note"": """"}]","[""S01""]",,[],[],[],,,,,,,,,,"{""id"": ""E10"", ""title"": ""Ifdawn Marest"", ""name"": ""Ifdawn Marest"", ""category"": ""environments"", ""subcategory"": ""region"", ""canon_status"": ""novel_fact"", ""description"": ""Mountains undergo rapid upheavals, collapsing, rising and changing the paths between settlements. Oceaxe leads Maskull through this dangerous country."", ""visual_facts"": ""Castellated cliffs in vermilion, emerald, yellow, ulfire and black; deep chasms and moving mountain masses."", ""game_adaptation"": ""Spectacular movement outside active floor; telegraphed preset transformations between completed encounters."", ""notes"": """", ""aliases"": [], ""source_ids"": [""S01""], ""chapter_refs"": [{""label"": ""Chapter 7. PANAWE"", ""book"": """", ""chapter"": 7, ""title"": ""PANAWE"", ""source_id"": ""S01"", ""url"": ""https://www.gutenberg.org/cache/epub/1329/pg1329-images.html#link2HCH0007"", ""note"": """"}, {""label"": ""Chapter 8. THE LUSION PLAIN"", ""book"": """", ""chapter"": 8, ""title"": ""THE LUSION PLAIN"", ""source_id"": ""S01"", ""url"": ""https://www.gutenberg.org/cache/epub/1329/pg1329-images.html#link2HCH0008"", ""note"": """"}, {""label"": ""Chapter 9. OCEAXE"", ""book"": """", ""chapter"": 9, ""title"": ""OCEAXE"", ""source_id"": ""S01"", ""url"": ""https://www.gutenberg.org/cache/epub/1329/pg1329-images.html#link2HCH0009"", ""note"": """"}, {""label"": ""Chapter 10. TYDOMIN"", ""book"": """", ""chapter"": 10, ""title"": ""TYDOMIN"", ""source_id"": ""S01"", ""url"": ""https://www.gutenberg.org/cache/epub/1329/pg1329-images.html#link2HCH0010"", ""note"": """"}], ""tags"": [], ""related_entity_ids"": [], ""artwork_ids"": [], ""level_ids"": []}"
E11,entity,Disscourn,environments,mountain,,novel_fact,Great pyramidlike mountain overlooking the wider land; Tydomin’s cave and the route to Sant are on or beside it.,Ground terraces with generous landing pockets; no required mountain-climbing subsystem.,"[{""label"": ""Chapter 9. OCEAXE"", ""book"": """", ""chapter"": 9, ""title"": ""OCEAXE"", ""source_id"": ""S01"", ""url"": ""https://www.gutenberg.org/cache/epub/1329/pg1329-images.html#link2HCH0009"", ""note"": """"}, {""label"": ""Chapter 10. TYDOMIN"", ""book"": """", ""chapter"": 10, ""title"": ""TYDOMIN"", ""source_id"": ""S01"", ""url"": ""https://www.gutenberg.org/cache/epub/1329/pg1329-images.html#link2HCH0010"", ""note"": """"}, {""label"": ""Chapter 11. ON DISSCOURN"", ""book"": """", ""chapter"": 11, ""title"": ""ON DISSCOURN"", ""source_id"": ""S01"", ""url"": ""https://www.gutenberg.org/cache/epub/1329/pg1329-images.html#link2HCH0011"", ""note"": """"}]","[""S01""]",,[],[],[],,,,,,,,,,"{""id"": ""E11"", ""title"": ""Disscourn"", ""name"": ""Disscourn"", ""category"": ""environments"", ""subcategory"": ""mountain"", ""canon_status"": ""novel_fact"", ""description"": ""Great pyramidlike mountain overlooking the wider land; Tydomin’s cave and the route to Sant are on or beside it."", ""visual_facts"": ""Stupendous bright crags, cloud-sea views and rough boulder/gully paths."", ""game_adaptation"": ""Ground terraces with generous landing pockets; no required mountain-climbing subsystem."", ""notes"": """", ""aliases"": [], ""source_ids"": [""S01""], ""chapter_refs"": [{""label"": ""Chapter 9. OCEAXE"", ""book"": """", ""chapter"": 9, ""title"": ""OCEAXE"", ""source_id"": ""S01"", ""url"": ""https://www.gutenberg.org/cache/epub/1329/pg1329-images.html#link2HCH0009"", ""note"": """"}, {""label"": ""Chapter 10. TYDOMIN"", ""book"": """", ""chapter"": 10, ""title"": ""TYDOMIN"", ""source_id"": ""S01"", ""url"": ""https://www.gutenberg.org/cache/epub/1329/pg1329-images.html#link2HCH0010"", ""note"": """"}, {""label"": ""Chapter 11. ON DISSCOURN"", ""book"": """", ""chapter"": 11, ""title"": ""ON DISSCOURN"", ""source_id"": ""S01"", ""url"": ""https://www.gutenberg.org/cache/epub/1329/pg1329-images.html#link2HCH0011"", ""note"": """"}], ""tags"": [], ""related_entity_ids"": [], ""artwork_ids"": [], ""level_ids"": []}"
E12,entity,Tydomin’s cavern,environments,interior,,novel_fact,Tydomin leads Maskull to her dwelling with Crimtyphon’s corpse and uses him in her attempted exchange of bodies.,Optional coercion vignette or reference kit; do not repeat the literal body theft as mandatory new input.,"[{""label"": ""Chapter 10. TYDOMIN"", ""book"": """", ""chapter"": 10, ""title"": ""TYDOMIN"", ""source_id"": ""S01"", ""url"": ""https://www.gutenberg.org/cache/epub/1329/pg1329-images.html#link2HCH0010"", ""note"": """"}, {""label"": ""Chapter 11. ON DISSCOURN"", ""book"": """", ""chapter"": 11, ""title"": ""ON DISSCOURN"", ""source_id"": ""S01"", ""url"": ""https://www.gutenberg.org/cache/epub/1329/pg1329-images.html#link2HCH0011"", ""note"": """"}]","[""S01""]",,[],[],[],,,,,,,,,,"{""id"": ""E12"", ""title"": ""Tydomin’s cavern"", ""name"": ""Tydomin’s cavern"", ""category"": ""environments"", ""subcategory"": ""interior"", ""canon_status"": ""novel_fact"", ""description"": ""Tydomin leads Maskull to her dwelling with Crimtyphon’s corpse and uses him in her attempted exchange of bodies."", ""visual_facts"": ""Enclosed rocky cavern above a sea of clouds."", ""game_adaptation"": ""Optional coercion vignette or reference kit; do not repeat the literal body theft as mandatory new input."", ""notes"": """", ""aliases"": [], ""source_ids"": [""S01""], ""chapter_refs"": [{""label"": ""Chapter 10. TYDOMIN"", ""book"": """", ""chapter"": 10, ""title"": ""TYDOMIN"", ""source_id"": ""S01"", ""url"": ""https://www.gutenberg.org/cache/epub/1329/pg1329-images.html#link2HCH0010"", ""note"": """"}, {""label"": ""Chapter 11. ON DISSCOURN"", ""book"": """", ""chapter"": 11, ""title"": ""ON DISSCOURN"", ""source_id"": ""S01"", ""url"": ""https://www.gutenberg.org/cache/epub/1329/pg1329-images.html#link2HCH0011"", ""note"": """"}], ""tags"": [], ""related_entity_ids"": [], ""artwork_ids"": [], ""level_ids"": []}"
E13,entity,Sant,environments,region,,novel_fact,Cold bare upland associated with Hator’s ascetic doctrine; women are excluded. Spadevil seeks to change its law.,Optional austerity palette and short doctrinal tableau.,"[{""label"": ""Chapter 11. ON DISSCOURN"", ""book"": """", ""chapter"": 11, ""title"": ""ON DISSCOURN"", ""source_id"": ""S01"", ""url"": ""https://www.gutenberg.org/cache/epub/1329/pg1329-images.html#link2HCH0011"", ""note"": """"}, {""label"": ""Chapter 12. SPADEVIL"", ""book"": """", ""chapter"": 12, ""title"": ""SPADEVIL"", ""source_id"": ""S01"", ""url"": ""https://www.gutenberg.org/cache/epub/1329/pg1329-images.html#link2HCH0012"", ""note"": """"}]","[""S01""]",,[],[],[],,,,,,,,,,"{""id"": ""E13"", ""title"": ""Sant"", ""name"": ""Sant"", ""category"": ""environments"", ""subcategory"": ""region"", ""canon_status"": ""novel_fact"", ""description"": ""Cold bare upland associated with Hator’s ascetic doctrine; women are excluded. Spadevil seeks to change its law."", ""visual_facts"": ""Green snow, gusts, fog, bare severe plateau and little shelter."", ""game_adaptation"": ""Optional austerity palette and short doctrinal tableau."", ""notes"": """", ""aliases"": [], ""source_ids"": [""S01""], ""chapter_refs"": [{""label"": ""Chapter 11. ON DISSCOURN"", ""book"": """", ""chapter"": 11, ""title"": ""ON DISSCOURN"", ""source_id"": ""S01"", ""url"": ""https://www.gutenberg.org/cache/epub/1329/pg1329-images.html#link2HCH0011"", ""note"": """"}, {""label"": ""Chapter 12. SPADEVIL"", ""book"": """", ""chapter"": 12, ""title"": ""SPADEVIL"", ""source_id"": ""S01"", ""url"": ""https://www.gutenberg.org/cache/epub/1329/pg1329-images.html#link2HCH0012"", ""note"": """"}], ""tags"": [], ""related_entity_ids"": [], ""artwork_ids"": [], ""level_ids"": []}"
E14,entity,Sant pool and precipice,environments,arena,,novel_fact,Catice stands in a pool in austere practice before his confrontation with Spadevil; the plateau overlooks Wombflash.,Boss candidate arena if Catice is used in an alternate pacing plan.,"[{""label"": ""Chapter 12. SPADEVIL"", ""book"": """", ""chapter"": 12, ""title"": ""SPADEVIL"", ""source_id"": ""S01"", ""url"": ""https://www.gutenberg.org/cache/epub/1329/pg1329-images.html#link2HCH0012"", ""note"": """"}]","[""S01""]",,[],[],[],,,,,,,,,,"{""id"": ""E14"", ""title"": ""Sant pool and precipice"", ""name"": ""Sant pool and precipice"", ""category"": ""environments"", ""subcategory"": ""arena"", ""canon_status"": ""novel_fact"", ""description"": ""Catice stands in a pool in austere practice before his confrontation with Spadevil; the plateau overlooks Wombflash."", ""visual_facts"": ""Lonely water, trifork, bare ground and forest far below."", ""game_adaptation"": ""Boss candidate arena if Catice is used in an alternate pacing plan."", ""notes"": """", ""aliases"": [], ""source_ids"": [""S01""], ""chapter_refs"": [{""label"": ""Chapter 12. SPADEVIL"", ""book"": """", ""chapter"": 12, ""title"": ""SPADEVIL"", ""source_id"": ""S01"", ""url"": ""https://www.gutenberg.org/cache/epub/1329/pg1329-images.html#link2HCH0012"", ""note"": """"}], ""tags"": [], ""related_entity_ids"": [], ""artwork_ids"": [], ""level_ids"": []}"
E15,entity,Wombflash Forest,environments,region,,novel_fact,"Immense widely separated trees form a silent, damp, almost afterlife-like hall. Maskull recognises his crimes and encounters Dreamsinter with distant drumming.",Wide floor combat pockets amid gigantic trunks; keep dead-leaf ground continuous.,"[{""label"": ""Chapter 7. PANAWE"", ""book"": """", ""chapter"": 7, ""title"": ""PANAWE"", ""source_id"": ""S01"", ""url"": ""https://www.gutenberg.org/cache/epub/1329/pg1329-images.html#link2HCH0007"", ""note"": """"}, {""label"": ""Chapter 13. THE WOMBFLASH FOREST"", ""book"": """", ""chapter"": 13, ""title"": ""THE WOMBFLASH FOREST"", ""source_id"": ""S01"", ""url"": ""https://www.gutenberg.org/cache/epub/1329/pg1329-images.html#link2HCH0013"", ""note"": """"}, {""label"": ""Chapter 14. POLECRAB"", ""book"": """", ""chapter"": 14, ""title"": ""POLECRAB"", ""source_id"": ""S01"", ""url"": ""https://www.gutenberg.org/cache/epub/1329/pg1329-images.html#link2HCH0014"", ""note"": """"}]","[""S01""]",,"[""G06""]","[""A3-L2"", ""A3-O2""]",[],"Ch13 verifies huge widely separated trunks, no underbrush, dead wet leaves, mist and distant sunlit tops. Dark red trunks/pale ulfire leaves are verified in Panawe’s ch7 recollection. Flesh-bark, embedded eyes, violet/pink canopy, thorn-root hostility and glowing attack marks are game-art additions.",,,,,,,,,"{""id"": ""E15"", ""title"": ""Wombflash Forest"", ""name"": ""Wombflash Forest"", ""category"": ""environments"", ""subcategory"": ""region"", ""canon_status"": ""novel_fact"", ""description"": ""Immense widely separated trees form a silent, damp, almost afterlife-like hall. Maskull recognises his crimes and encounters Dreamsinter with distant drumming."", ""visual_facts"": ""House-wide boles, branches far above the floor, wet leaves and mist, no dense underbrush. Panawe recalls dark red trunks and pale ulfire leaves."", ""game_adaptation"": ""Wide floor combat pockets amid gigantic trunks; keep dead-leaf ground continuous."", ""notes"": ""Ch13 verifies huge widely separated trunks, no underbrush, dead wet leaves, mist and distant sunlit tops. Dark red trunks/pale ulfire leaves are verified in Panawe’s ch7 recollection. Flesh-bark, embedded eyes, violet/pink canopy, thorn-root hostility and glowing attack marks are game-art additions."", ""aliases"": [], ""source_ids"": [""S01""], ""chapter_refs"": [{""label"": ""Chapter 7. PANAWE"", ""book"": """", ""chapter"": 7, ""title"": ""PANAWE"", ""source_id"": ""S01"", ""url"": ""https://www.gutenberg.org/cache/epub/1329/pg1329-images.html#link2HCH0007"", ""note"": """"}, {""label"": ""Chapter 13. THE WOMBFLASH FOREST"", ""book"": """", ""chapter"": 13, ""title"": ""THE WOMBFLASH FOREST"", ""source_id"": ""S01"", ""url"": ""https://www.gutenberg.org/cache/epub/1329/pg1329-images.html#link2HCH0013"", ""note"": """"}, {""label"": ""Chapter 14. POLECRAB"", ""book"": """", ""chapter"": 14, ""title"": ""POLECRAB"", ""source_id"": ""S01"", ""url"": ""https://www.gutenberg.org/cache/epub/1329/pg1329-images.html#link2HCH0014"", ""note"": """"}], ""tags"": [], ""related_entity_ids"": [], ""artwork_ids"": [""G06""], ""level_ids"": [""A3-L2"", ""A3-O2""]}"
E16,entity,Sinking Sea,environments,sea,,novel_fact,"Sea adjoining Wombflash with perilously variable density. In some places Maskull can swim, in others can barely stay above water, and in others cannot force himself under. There is no visible sign of which water is ahead.",Scenic boundary; no swimming or fatal arbitrary water-edge collision required.,"[{""label"": ""Chapter 7. PANAWE"", ""book"": """", ""chapter"": 7, ""title"": ""PANAWE"", ""source_id"": ""S01"", ""url"": ""https://www.gutenberg.org/cache/epub/1329/pg1329-images.html#link2HCH0007"", ""note"": """"}, {""label"": ""Chapter 14. POLECRAB"", ""book"": """", ""chapter"": 14, ""title"": ""POLECRAB"", ""source_id"": ""S01"", ""url"": ""https://www.gutenberg.org/cache/epub/1329/pg1329-images.html#link2HCH0014"", ""note"": """"}, {""label"": ""Chapter 15. SWAYLONE’S ISLAND"", ""book"": """", ""chapter"": 15, ""title"": ""SWAYLONE’S ISLAND"", ""source_id"": ""S01"", ""url"": ""https://www.gutenberg.org/cache/epub/1329/pg1329-images.html#link2HCH0015"", ""note"": """"}, {""label"": ""Chapter 16. LEEHALLFAE"", ""book"": """", ""chapter"": 16, ""title"": ""LEEHALLFAE"", ""source_id"": ""S01"", ""url"": ""https://www.gutenberg.org/cache/epub/1329/pg1329-images.html#link2HCH0016"", ""note"": """"}]","[""S01""]",,"[""G07"", ""G17"", ""G19""]",[],[],,,,,,,,,,"{""id"": ""E16"", ""title"": ""Sinking Sea"", ""name"": ""Sinking Sea"", ""category"": ""environments"", ""subcategory"": ""sea"", ""canon_status"": ""novel_fact"", ""description"": ""Sea adjoining Wombflash with perilously variable density. In some places Maskull can swim, in others can barely stay above water, and in others cannot force himself under. There is no visible sign of which water is ahead."", ""visual_facts"": ""Colored water, currents, pinnacles and island horizon."", ""game_adaptation"": ""Scenic boundary; no swimming or fatal arbitrary water-edge collision required."", ""notes"": """", ""aliases"": [], ""source_ids"": [""S01""], ""chapter_refs"": [{""label"": ""Chapter 7. PANAWE"", ""book"": """", ""chapter"": 7, ""title"": ""PANAWE"", ""source_id"": ""S01"", ""url"": ""https://www.gutenberg.org/cache/epub/1329/pg1329-images.html#link2HCH0007"", ""note"": """"}, {""label"": ""Chapter 14. POLECRAB"", ""book"": """", ""chapter"": 14, ""title"": ""POLECRAB"", ""source_id"": ""S01"", ""url"": ""https://www.gutenberg.org/cache/epub/1329/pg1329-images.html#link2HCH0014"", ""note"": """"}, {""label"": ""Chapter 15. SWAYLONE’S ISLAND"", ""book"": """", ""chapter"": 15, ""title"": ""SWAYLONE’S ISLAND"", ""source_id"": ""S01"", ""url"": ""https://www.gutenberg.org/cache/epub/1329/pg1329-images.html#link2HCH0015"", ""note"": """"}, {""label"": ""Chapter 16. LEEHALLFAE"", ""book"": """", ""chapter"": 16, ""title"": ""LEEHALLFAE"", ""source_id"": ""S01"", ""url"": ""https://www.gutenberg.org/cache/epub/1329/pg1329-images.html#link2HCH0016"", ""note"": """"}], ""tags"": [], ""related_entity_ids"": [], ""artwork_ids"": [""G07"", ""G17"", ""G19""], ""level_ids"": []}"
E17,entity,Polecrab’s inlet and shore,environments,settlement,,novel_fact,"Fisherman’s creek beside the forest shelters his family, cooking sands, raft and trained arg.",Brief safe witness/rest vignette.,"[{""label"": ""Chapter 14. POLECRAB"", ""book"": """", ""chapter"": 14, ""title"": ""POLECRAB"", ""source_id"": ""S01"", ""url"": ""https://www.gutenberg.org/cache/epub/1329/pg1329-images.html#link2HCH0014"", ""note"": """"}, {""label"": ""Chapter 15. SWAYLONE’S ISLAND"", ""book"": """", ""chapter"": 15, ""title"": ""SWAYLONE’S ISLAND"", ""source_id"": ""S01"", ""url"": ""https://www.gutenberg.org/cache/epub/1329/pg1329-images.html#link2HCH0015"", ""note"": """"}]","[""S01""]",,[],[],[],,,,,,,,,,"{""id"": ""E17"", ""title"": ""Polecrab’s inlet and shore"", ""name"": ""Polecrab’s inlet and shore"", ""category"": ""environments"", ""subcategory"": ""settlement"", ""canon_status"": ""novel_fact"", ""description"": ""Fisherman’s creek beside the forest shelters his family, cooking sands, raft and trained arg."", ""visual_facts"": ""Shore bank, sheltered creek, cooking sand, pole raft and fishing animal."", ""game_adaptation"": ""Brief safe witness/rest vignette."", ""notes"": """", ""aliases"": [], ""source_ids"": [""S01""], ""chapter_refs"": [{""label"": ""Chapter 14. POLECRAB"", ""book"": """", ""chapter"": 14, ""title"": ""POLECRAB"", ""source_id"": ""S01"", ""url"": ""https://www.gutenberg.org/cache/epub/1329/pg1329-images.html#link2HCH0014"", ""note"": """"}, {""label"": ""Chapter 15. SWAYLONE’S ISLAND"", ""book"": """", ""chapter"": 15, ""title"": ""SWAYLONE’S ISLAND"", ""source_id"": ""S01"", ""url"": ""https://www.gutenberg.org/cache/epub/1329/pg1329-images.html#link2HCH0015"", ""note"": """"}], ""tags"": [], ""related_entity_ids"": [], ""artwork_ids"": [], ""level_ids"": []}"
E18,entity,Swaylone’s Island,environments,island,,novel_fact,"Island reached by Maskull and Gleameil, named for legendary first music and inhabited by Earthrid.",Island shore arena can be ground-based; crossing represented as transition.,"[{""label"": ""Chapter 14. POLECRAB"", ""book"": """", ""chapter"": 14, ""title"": ""POLECRAB"", ""source_id"": ""S01"", ""url"": ""https://www.gutenberg.org/cache/epub/1329/pg1329-images.html#link2HCH0014"", ""note"": """"}, {""label"": ""Chapter 15. SWAYLONE’S ISLAND"", ""book"": """", ""chapter"": 15, ""title"": ""SWAYLONE’S ISLAND"", ""source_id"": ""S01"", ""url"": ""https://www.gutenberg.org/cache/epub/1329/pg1329-images.html#link2HCH0015"", ""note"": """"}, {""label"": ""Chapter 16. LEEHALLFAE"", ""book"": """", ""chapter"": 16, ""title"": ""LEEHALLFAE"", ""source_id"": ""S01"", ""url"": ""https://www.gutenberg.org/cache/epub/1329/pg1329-images.html#link2HCH0016"", ""note"": """"}]","[""S01""]",,"[""G07"", ""G19""]",[],[],,,,,,,,,,"{""id"": ""E18"", ""title"": ""Swaylone’s Island"", ""name"": ""Swaylone’s Island"", ""category"": ""environments"", ""subcategory"": ""island"", ""canon_status"": ""novel_fact"", ""description"": ""Island reached by Maskull and Gleameil, named for legendary first music and inhabited by Earthrid."", ""visual_facts"": ""Strange coast, hills enclosing a small circular lake; moonlight after music."", ""game_adaptation"": ""Island shore arena can be ground-based; crossing represented as transition."", ""notes"": """", ""aliases"": [], ""source_ids"": [""S01""], ""chapter_refs"": [{""label"": ""Chapter 14. POLECRAB"", ""book"": """", ""chapter"": 14, ""title"": ""POLECRAB"", ""source_id"": ""S01"", ""url"": ""https://www.gutenberg.org/cache/epub/1329/pg1329-images.html#link2HCH0014"", ""note"": """"}, {""label"": ""Chapter 15. SWAYLONE’S ISLAND"", ""book"": """", ""chapter"": 15, ""title"": ""SWAYLONE’S ISLAND"", ""source_id"": ""S01"", ""url"": ""https://www.gutenberg.org/cache/epub/1329/pg1329-images.html#link2HCH0015"", ""note"": """"}, {""label"": ""Chapter 16. LEEHALLFAE"", ""book"": """", ""chapter"": 16, ""title"": ""LEEHALLFAE"", ""source_id"": ""S01"", ""url"": ""https://www.gutenberg.org/cache/epub/1329/pg1329-images.html#link2HCH0016"", ""note"": """"}], ""tags"": [], ""related_entity_ids"": [], ""artwork_ids"": [""G07"", ""G19""], ""level_ids"": []}"
E19,entity,Irontick,environments,musical-lake,,novel_fact,"Circular lake roughly half a mile across is Earthrid’s musical instrument, played through waves and disturbances on its surface. Maskull’s performance destroys it.",Static walkable shoreline/arena and visible pulse footprints are game inventions.,"[{""label"": ""Chapter 15. SWAYLONE’S ISLAND"", ""book"": """", ""chapter"": 15, ""title"": ""SWAYLONE’S ISLAND"", ""source_id"": ""S01"", ""url"": ""https://www.gutenberg.org/cache/epub/1329/pg1329-images.html#link2HCH0015"", ""note"": """"}]","[""S01""]",,"[""G07""]","[""A3-L3"", ""A3-O3""]",[],,,,,,,,,,"{""id"": ""E19"", ""title"": ""Irontick"", ""name"": ""Irontick"", ""category"": ""environments"", ""subcategory"": ""musical-lake"", ""canon_status"": ""novel_fact"", ""description"": ""Circular lake roughly half a mile across is Earthrid’s musical instrument, played through waves and disturbances on its surface. Maskull’s performance destroys it."", ""visual_facts"": ""Smooth circular water, concentric/interfering ripples, enclosing hills; water can act as a playing surface in the novel."", ""game_adaptation"": ""Static walkable shoreline/arena and visible pulse footprints are game inventions."", ""notes"": """", ""aliases"": [], ""source_ids"": [""S01""], ""chapter_refs"": [{""label"": ""Chapter 15. SWAYLONE’S ISLAND"", ""book"": """", ""chapter"": 15, ""title"": ""SWAYLONE’S ISLAND"", ""source_id"": ""S01"", ""url"": ""https://www.gutenberg.org/cache/epub/1329/pg1329-images.html#link2HCH0015"", ""note"": """"}], ""tags"": [], ""related_entity_ids"": [], ""artwork_ids"": [""G07""], ""level_ids"": [""A3-L3"", ""A3-O3""]}"
E20,entity,Matterplay,environments,region,,novel_fact,Bare hills contain extremely fertile valleys whose life streams coin rapidly changing organisms. Maskull observes spectacular bodily transformations and meets Leehallfae.,Ecological transformation outside bounded floor; small invented root threats use known controls.,"[{""label"": ""Chapter 16. LEEHALLFAE"", ""book"": """", ""chapter"": 16, ""title"": ""LEEHALLFAE"", ""source_id"": ""S01"", ""url"": ""https://www.gutenberg.org/cache/epub/1329/pg1329-images.html#link2HCH0016"", ""note"": """"}, {""label"": ""Chapter 17. CORPANG"", ""book"": """", ""chapter"": 17, ""title"": ""CORPANG"", ""source_id"": ""S01"", ""url"": ""https://www.gutenberg.org/cache/epub/1329/pg1329-images.html#link2HCH0017"", ""note"": """"}]","[""S01""]",,"[""G08""]","[""A3-L2""]",[],,,,,,,,,,"{""id"": ""E20"", ""title"": ""Matterplay"", ""name"": ""Matterplay"", ""category"": ""environments"", ""subcategory"": ""region"", ""canon_status"": ""novel_fact"", ""description"": ""Bare hills contain extremely fertile valleys whose life streams coin rapidly changing organisms. Maskull observes spectacular bodily transformations and meets Leehallfae."", ""visual_facts"": ""Dense unique flowers/plants, shallow broad streams, winged reptiles, huge insect forms and rock-framed jeweled valleys."", ""game_adaptation"": ""Ecological transformation outside bounded floor; small invented root threats use known controls."", ""notes"": """", ""aliases"": [], ""source_ids"": [""S01""], ""chapter_refs"": [{""label"": ""Chapter 16. LEEHALLFAE"", ""book"": """", ""chapter"": 16, ""title"": ""LEEHALLFAE"", ""source_id"": ""S01"", ""url"": ""https://www.gutenberg.org/cache/epub/1329/pg1329-images.html#link2HCH0016"", ""note"": """"}, {""label"": ""Chapter 17. CORPANG"", ""book"": """", ""chapter"": 17, ""title"": ""CORPANG"", ""source_id"": ""S01"", ""url"": ""https://www.gutenberg.org/cache/epub/1329/pg1329-images.html#link2HCH0017"", ""note"": """"}], ""tags"": [], ""related_entity_ids"": [], ""artwork_ids"": [""G08""], ""level_ids"": [""A3-L2""]}"
E21,entity,Threal,environments,underworld,,novel_fact,"Subterranean country reached through a revealed cavity. It is airlit without a sky, and Leehallfae cannot survive its atmosphere.",False-sanctuary vignette; atmosphere as mood instead of oxygen-resource management.,"[{""label"": ""Chapter 16. LEEHALLFAE"", ""book"": """", ""chapter"": 16, ""title"": ""LEEHALLFAE"", ""source_id"": ""S01"", ""url"": ""https://www.gutenberg.org/cache/epub/1329/pg1329-images.html#link2HCH0016"", ""note"": """"}, {""label"": ""Chapter 17. CORPANG"", ""book"": """", ""chapter"": 17, ""title"": ""CORPANG"", ""source_id"": ""S01"", ""url"": ""https://www.gutenberg.org/cache/epub/1329/pg1329-images.html#link2HCH0017"", ""note"": """"}]","[""S01""]",,[],[],[],,,,,,,,,,"{""id"": ""E21"", ""title"": ""Threal"", ""name"": ""Threal"", ""category"": ""environments"", ""subcategory"": ""underworld"", ""canon_status"": ""novel_fact"", ""description"": ""Subterranean country reached through a revealed cavity. It is airlit without a sky, and Leehallfae cannot survive its atmosphere."", ""visual_facts"": ""Jetlike ground, shadowless subdued light, grey-white huge shafts and strange trees."", ""game_adaptation"": ""False-sanctuary vignette; atmosphere as mood instead of oxygen-resource management."", ""notes"": """", ""aliases"": [], ""source_ids"": [""S01""], ""chapter_refs"": [{""label"": ""Chapter 16. LEEHALLFAE"", ""book"": """", ""chapter"": 16, ""title"": ""LEEHALLFAE"", ""source_id"": ""S01"", ""url"": ""https://www.gutenberg.org/cache/epub/1329/pg1329-images.html#link2HCH0016"", ""note"": """"}, {""label"": ""Chapter 17. CORPANG"", ""book"": """", ""chapter"": 17, ""title"": ""CORPANG"", ""source_id"": ""S01"", ""url"": ""https://www.gutenberg.org/cache/epub/1329/pg1329-images.html#link2HCH0017"", ""note"": """"}], ""tags"": [], ""related_entity_ids"": [], ""artwork_ids"": [], ""level_ids"": []}"
E22,entity,The Three Figures of Threal,environments,monument,,novel_fact,Earlier people erected three immense carved figures; Corpang’s prayers invoke their apparent living divine forms.,Reference for false authority and final visual language; not compulsory triple boss.,"[{""label"": ""Chapter 17. CORPANG"", ""book"": """", ""chapter"": 17, ""title"": ""CORPANG"", ""source_id"": ""S01"", ""url"": ""https://www.gutenberg.org/cache/epub/1329/pg1329-images.html#link2HCH0017"", ""note"": """"}]","[""S01""]",,[],[],[],,,,,,,,,,"{""id"": ""E22"", ""title"": ""The Three Figures of Threal"", ""name"": ""The Three Figures of Threal"", ""category"": ""environments"", ""subcategory"": ""monument"", ""canon_status"": ""novel_fact"", ""description"": ""Earlier people erected three immense carved figures; Corpang’s prayers invoke their apparent living divine forms."", ""visual_facts"": ""Rock colossi, valley and translucent luminous apparitions."", ""game_adaptation"": ""Reference for false authority and final visual language; not compulsory triple boss."", ""notes"": """", ""aliases"": [], ""source_ids"": [""S01""], ""chapter_refs"": [{""label"": ""Chapter 17. CORPANG"", ""book"": """", ""chapter"": 17, ""title"": ""CORPANG"", ""source_id"": ""S01"", ""url"": ""https://www.gutenberg.org/cache/epub/1329/pg1329-images.html#link2HCH0017"", ""note"": """"}], ""tags"": [], ""related_entity_ids"": [], ""artwork_ids"": [], ""level_ids"": []}"
E23,entity,Lichstorm Range,environments,region,,novel_fact,"Mountains have fantastically overhanging caps, green snow and a lich wind that excites painful sexual passion.",Late-act atmosphere; use stable readable floor despite floating rock scenery.,"[{""label"": ""Chapter 14. POLECRAB"", ""book"": """", ""chapter"": 14, ""title"": ""POLECRAB"", ""source_id"": ""S01"", ""url"": ""https://www.gutenberg.org/cache/epub/1329/pg1329-images.html#link2HCH0014"", ""note"": """"}, {""label"": ""Chapter 16. LEEHALLFAE"", ""book"": """", ""chapter"": 16, ""title"": ""LEEHALLFAE"", ""source_id"": ""S01"", ""url"": ""https://www.gutenberg.org/cache/epub/1329/pg1329-images.html#link2HCH0016"", ""note"": """"}, {""label"": ""Chapter 17. CORPANG"", ""book"": """", ""chapter"": 17, ""title"": ""CORPANG"", ""source_id"": ""S01"", ""url"": ""https://www.gutenberg.org/cache/epub/1329/pg1329-images.html#link2HCH0017"", ""note"": """"}, {""label"": ""Chapter 18. HAUNTE"", ""book"": """", ""chapter"": 18, ""title"": ""HAUNTE"", ""source_id"": ""S01"", ""url"": ""https://www.gutenberg.org/cache/epub/1329/pg1329-images.html#link2HCH0018"", ""note"": """"}, {""label"": ""Chapter 19. SULLENBODE"", ""book"": """", ""chapter"": 19, ""title"": ""SULLENBODE"", ""source_id"": ""S01"", ""url"": ""https://www.gutenberg.org/cache/epub/1329/pg1329-images.html#link2HCH0019"", ""note"": """"}]","[""S01""]",,[],"[""A3-L4""]",[],,,,,,,,,,"{""id"": ""E23"", ""title"": ""Lichstorm Range"", ""name"": ""Lichstorm Range"", ""category"": ""environments"", ""subcategory"": ""region"", ""canon_status"": ""novel_fact"", ""description"": ""Mountains have fantastically overhanging caps, green snow and a lich wind that excites painful sexual passion."", ""visual_facts"": ""Hanging summit caps, mist, green snow and electric atmosphere."", ""game_adaptation"": ""Late-act atmosphere; use stable readable floor despite floating rock scenery."", ""notes"": """", ""aliases"": [], ""source_ids"": [""S01""], ""chapter_refs"": [{""label"": ""Chapter 14. POLECRAB"", ""book"": """", ""chapter"": 14, ""title"": ""POLECRAB"", ""source_id"": ""S01"", ""url"": ""https://www.gutenberg.org/cache/epub/1329/pg1329-images.html#link2HCH0014"", ""note"": """"}, {""label"": ""Chapter 16. LEEHALLFAE"", ""book"": """", ""chapter"": 16, ""title"": ""LEEHALLFAE"", ""source_id"": ""S01"", ""url"": ""https://www.gutenberg.org/cache/epub/1329/pg1329-images.html#link2HCH0016"", ""note"": """"}, {""label"": ""Chapter 17. CORPANG"", ""book"": """", ""chapter"": 17, ""title"": ""CORPANG"", ""source_id"": ""S01"", ""url"": ""https://www.gutenberg.org/cache/epub/1329/pg1329-images.html#link2HCH0017"", ""note"": """"}, {""label"": ""Chapter 18. HAUNTE"", ""book"": """", ""chapter"": 18, ""title"": ""HAUNTE"", ""source_id"": ""S01"", ""url"": ""https://www.gutenberg.org/cache/epub/1329/pg1329-images.html#link2HCH0018"", ""note"": """"}, {""label"": ""Chapter 19. SULLENBODE"", ""book"": """", ""chapter"": 19, ""title"": ""SULLENBODE"", ""source_id"": ""S01"", ""url"": ""https://www.gutenberg.org/cache/epub/1329/pg1329-images.html#link2HCH0019"", ""note"": """"}], ""tags"": [], ""related_entity_ids"": [], ""artwork_ids"": [], ""level_ids"": [""A3-L4""]}"
E24,entity,Sarclash,environments,mountain,,novel_fact,Haunte’s home mountain forms a horseshoe with westward ends and a mile or more between them. Its northern end joins the ridge toward Adage.,Mountain framing for the fourth-level route.,"[{""label"": ""Chapter 18. HAUNTE"", ""book"": """", ""chapter"": 18, ""title"": ""HAUNTE"", ""source_id"": ""S01"", ""url"": ""https://www.gutenberg.org/cache/epub/1329/pg1329-images.html#link2HCH0018"", ""note"": """"}, {""label"": ""Chapter 19. SULLENBODE"", ""book"": """", ""chapter"": 19, ""title"": ""SULLENBODE"", ""source_id"": ""S01"", ""url"": ""https://www.gutenberg.org/cache/epub/1329/pg1329-images.html#link2HCH0019"", ""note"": """"}, {""label"": ""Chapter 20. BAREY"", ""book"": """", ""chapter"": 20, ""title"": ""BAREY"", ""source_id"": ""S01"", ""url"": ""https://www.gutenberg.org/cache/epub/1329/pg1329-images.html#link2HCH0020"", ""note"": """"}]","[""S01""]",,[],[],[],,,,,,,,,,"{""id"": ""E24"", ""title"": ""Sarclash"", ""name"": ""Sarclash"", ""category"": ""environments"", ""subcategory"": ""mountain"", ""canon_status"": ""novel_fact"", ""description"": ""Haunte’s home mountain forms a horseshoe with westward ends and a mile or more between them. Its northern end joins the ridge toward Adage."", ""visual_facts"": ""Horseshoe mass, cliffs, capped peaks and large central valley."", ""game_adaptation"": ""Mountain framing for the fourth-level route."", ""notes"": """", ""aliases"": [], ""source_ids"": [""S01""], ""chapter_refs"": [{""label"": ""Chapter 18. HAUNTE"", ""book"": """", ""chapter"": 18, ""title"": ""HAUNTE"", ""source_id"": ""S01"", ""url"": ""https://www.gutenberg.org/cache/epub/1329/pg1329-images.html#link2HCH0018"", ""note"": """"}, {""label"": ""Chapter 19. SULLENBODE"", ""book"": """", ""chapter"": 19, ""title"": ""SULLENBODE"", ""source_id"": ""S01"", ""url"": ""https://www.gutenberg.org/cache/epub/1329/pg1329-images.html#link2HCH0019"", ""note"": """"}, {""label"": ""Chapter 20. BAREY"", ""book"": """", ""chapter"": 20, ""title"": ""BAREY"", ""source_id"": ""S01"", ""url"": ""https://www.gutenberg.org/cache/epub/1329/pg1329-images.html#link2HCH0020"", ""note"": """"}], ""tags"": [], ""related_entity_ids"": [], ""artwork_ids"": [], ""level_ids"": []}"
E25,entity,Haunte’s cave,environments,interior,,novel_fact,Cave in Sarclash where Haunte receives the travellers and recounts Lodd’s earlier search for Muspel-light.,Short witness room; no boat-combat production requirement.,"[{""label"": ""Chapter 18. HAUNTE"", ""book"": """", ""chapter"": 18, ""title"": ""HAUNTE"", ""source_id"": ""S01"", ""url"": ""https://www.gutenberg.org/cache/epub/1329/pg1329-images.html#link2HCH0018"", ""note"": """"}]","[""S01""]",,[],[],[],,,,,,,,,,"{""id"": ""E25"", ""title"": ""Haunte’s cave"", ""name"": ""Haunte’s cave"", ""category"": ""environments"", ""subcategory"": ""interior"", ""canon_status"": ""novel_fact"", ""description"": ""Cave in Sarclash where Haunte receives the travellers and recounts Lodd’s earlier search for Muspel-light."", ""visual_facts"": ""Cliff cave, shelter, male stones/light and the wind boat nearby."", ""game_adaptation"": ""Short witness room; no boat-combat production requirement."", ""notes"": """", ""aliases"": [], ""source_ids"": [""S01""], ""chapter_refs"": [{""label"": ""Chapter 18. HAUNTE"", ""book"": """", ""chapter"": 18, ""title"": ""HAUNTE"", ""source_id"": ""S01"", ""url"": ""https://www.gutenberg.org/cache/epub/1329/pg1329-images.html#link2HCH0018"", ""note"": """"}], ""tags"": [], ""related_entity_ids"": [], ""artwork_ids"": [], ""level_ids"": []}"
E26,entity,Sullenbode’s tree and glade,environments,meeting-place,,novel_fact,The travellers meet Sullenbode seated under a glowing fruit tree beneath Sarclash’s hanging cap. Her garment runs from one-shoulder cloak to loose knee-short breeches. After the kisses and awakening she guides them toward Adage.,The Garden boss is a separate fabricated enclosure inspired by attachment; a botanical death garden is not in the novel.,"[{""label"": ""Chapter 18. HAUNTE"", ""book"": """", ""chapter"": 18, ""title"": ""HAUNTE"", ""source_id"": ""S01"", ""url"": ""https://www.gutenberg.org/cache/epub/1329/pg1329-images.html#link2HCH0018"", ""note"": """"}, {""label"": ""Chapter 19. SULLENBODE"", ""book"": """", ""chapter"": 19, ""title"": ""SULLENBODE"", ""source_id"": ""S01"", ""url"": ""https://www.gutenberg.org/cache/epub/1329/pg1329-images.html#link2HCH0019"", ""note"": """"}]","[""S01""]",,"[""G08"", ""G10""]","[""A3-L4""]",[],,,,,,,,,,"{""id"": ""E26"", ""title"": ""Sullenbode’s tree and glade"", ""name"": ""Sullenbode’s tree and glade"", ""category"": ""environments"", ""subcategory"": ""meeting-place"", ""canon_status"": ""novel_fact"", ""description"": ""The travellers meet Sullenbode seated under a glowing fruit tree beneath Sarclash’s hanging cap. Her garment runs from one-shoulder cloak to loose knee-short breeches. After the kisses and awakening she guides them toward Adage."", ""visual_facts"": ""Huge tree with glowing branches, no leaves and red fruits hanging like lanterns; dimly shining grass under Sarclash’s cap. Sullenbode sits asleep cross-legged, holding partly eaten fruit."", ""game_adaptation"": ""The Garden boss is a separate fabricated enclosure inspired by attachment; a botanical death garden is not in the novel."", ""notes"": """", ""aliases"": [], ""source_ids"": [""S01""], ""chapter_refs"": [{""label"": ""Chapter 18. HAUNTE"", ""book"": """", ""chapter"": 18, ""title"": ""HAUNTE"", ""source_id"": ""S01"", ""url"": ""https://www.gutenberg.org/cache/epub/1329/pg1329-images.html#link2HCH0018"", ""note"": """"}, {""label"": ""Chapter 19. SULLENBODE"", ""book"": """", ""chapter"": 19, ""title"": ""SULLENBODE"", ""source_id"": ""S01"", ""url"": ""https://www.gutenberg.org/cache/epub/1329/pg1329-images.html#link2HCH0019"", ""note"": """"}], ""tags"": [], ""related_entity_ids"": [], ""artwork_ids"": [""G08"", ""G10""], ""level_ids"": [""A3-L4""]}"
E27,entity,Mornstab Pass,environments,pass,,novel_fact,Broad landslip descends from the ridge between Sarclash and Adage toward Barey. Maskull buries Sullenbode near it after their separation in spirit.,Late quiet transition; no precise cliff-edge platforming.,"[{""label"": ""Chapter 18. HAUNTE"", ""book"": """", ""chapter"": 18, ""title"": ""HAUNTE"", ""source_id"": ""S01"", ""url"": ""https://www.gutenberg.org/cache/epub/1329/pg1329-images.html#link2HCH0018"", ""note"": """"}, {""label"": ""Chapter 19. SULLENBODE"", ""book"": """", ""chapter"": 19, ""title"": ""SULLENBODE"", ""source_id"": ""S01"", ""url"": ""https://www.gutenberg.org/cache/epub/1329/pg1329-images.html#link2HCH0019"", ""note"": """"}, {""label"": ""Chapter 20. BAREY"", ""book"": """", ""chapter"": 20, ""title"": ""BAREY"", ""source_id"": ""S01"", ""url"": ""https://www.gutenberg.org/cache/epub/1329/pg1329-images.html#link2HCH0020"", ""note"": """"}]","[""S01""]",,[],[],[],,,,,,,,,,"{""id"": ""E27"", ""title"": ""Mornstab Pass"", ""name"": ""Mornstab Pass"", ""category"": ""environments"", ""subcategory"": ""pass"", ""canon_status"": ""novel_fact"", ""description"": ""Broad landslip descends from the ridge between Sarclash and Adage toward Barey. Maskull buries Sullenbode near it after their separation in spirit."", ""visual_facts"": ""Great sloping pass between dark precipices, hot spring, damp rocky/boggy ground and a small grave."", ""game_adaptation"": ""Late quiet transition; no precise cliff-edge platforming."", ""notes"": """", ""aliases"": [], ""source_ids"": [""S01""], ""chapter_refs"": [{""label"": ""Chapter 18. HAUNTE"", ""book"": """", ""chapter"": 18, ""title"": ""HAUNTE"", ""source_id"": ""S01"", ""url"": ""https://www.gutenberg.org/cache/epub/1329/pg1329-images.html#link2HCH0018"", ""note"": """"}, {""label"": ""Chapter 19. SULLENBODE"", ""book"": """", ""chapter"": 19, ""title"": ""SULLENBODE"", ""source_id"": ""S01"", ""url"": ""https://www.gutenberg.org/cache/epub/1329/pg1329-images.html#link2HCH0019"", ""note"": """"}, {""label"": ""Chapter 20. BAREY"", ""book"": """", ""chapter"": 20, ""title"": ""BAREY"", ""source_id"": ""S01"", ""url"": ""https://www.gutenberg.org/cache/epub/1329/pg1329-images.html#link2HCH0020"", ""note"": """"}], ""tags"": [], ""related_entity_ids"": [], ""artwork_ids"": [], ""level_ids"": []}"
E28,entity,Adage,environments,mountain,,novel_fact,"Mountain associated with occasional Muspel-light, sought by Lodd and Corpang and approached with Sullenbode.",Destination image; no claim that the game literally reaches the canonical summit.,"[{""label"": ""Chapter 18. HAUNTE"", ""book"": """", ""chapter"": 18, ""title"": ""HAUNTE"", ""source_id"": ""S01"", ""url"": ""https://www.gutenberg.org/cache/epub/1329/pg1329-images.html#link2HCH0018"", ""note"": """"}, {""label"": ""Chapter 19. SULLENBODE"", ""book"": """", ""chapter"": 19, ""title"": ""SULLENBODE"", ""source_id"": ""S01"", ""url"": ""https://www.gutenberg.org/cache/epub/1329/pg1329-images.html#link2HCH0019"", ""note"": """"}, {""label"": ""Chapter 20. BAREY"", ""book"": """", ""chapter"": 20, ""title"": ""BAREY"", ""source_id"": ""S01"", ""url"": ""https://www.gutenberg.org/cache/epub/1329/pg1329-images.html#link2HCH0020"", ""note"": """"}]","[""S01""]",,[],[],[],,,,,,,,,,"{""id"": ""E28"", ""title"": ""Adage"", ""name"": ""Adage"", ""category"": ""environments"", ""subcategory"": ""mountain"", ""canon_status"": ""novel_fact"", ""description"": ""Mountain associated with occasional Muspel-light, sought by Lodd and Corpang and approached with Sullenbode."", ""visual_facts"": ""Remote exceptionally high mass beyond the descending ridge."", ""game_adaptation"": ""Destination image; no claim that the game literally reaches the canonical summit."", ""notes"": """", ""aliases"": [], ""source_ids"": [""S01""], ""chapter_refs"": [{""label"": ""Chapter 18. HAUNTE"", ""book"": """", ""chapter"": 18, ""title"": ""HAUNTE"", ""source_id"": ""S01"", ""url"": ""https://www.gutenberg.org/cache/epub/1329/pg1329-images.html#link2HCH0018"", ""note"": """"}, {""label"": ""Chapter 19. SULLENBODE"", ""book"": """", ""chapter"": 19, ""title"": ""SULLENBODE"", ""source_id"": ""S01"", ""url"": ""https://www.gutenberg.org/cache/epub/1329/pg1329-images.html#link2HCH0019"", ""note"": """"}, {""label"": ""Chapter 20. BAREY"", ""book"": """", ""chapter"": 20, ""title"": ""BAREY"", ""source_id"": ""S01"", ""url"": ""https://www.gutenberg.org/cache/epub/1329/pg1329-images.html#link2HCH0020"", ""note"": """"}], ""tags"": [], ""related_entity_ids"": [], ""artwork_ids"": [], ""level_ids"": []}"
E29,entity,Barey,environments,region,,novel_fact,Low country beyond the mountains leads to the Ocean; Krag and the soothing Gangnet accompany Maskull across it.,False tranquility before final confrontation.,"[{""label"": ""Chapter 18. HAUNTE"", ""book"": """", ""chapter"": 18, ""title"": ""HAUNTE"", ""source_id"": ""S01"", ""url"": ""https://www.gutenberg.org/cache/epub/1329/pg1329-images.html#link2HCH0018"", ""note"": """"}, {""label"": ""Chapter 19. SULLENBODE"", ""book"": """", ""chapter"": 19, ""title"": ""SULLENBODE"", ""source_id"": ""S01"", ""url"": ""https://www.gutenberg.org/cache/epub/1329/pg1329-images.html#link2HCH0019"", ""note"": """"}, {""label"": ""Chapter 20. BAREY"", ""book"": """", ""chapter"": 20, ""title"": ""BAREY"", ""source_id"": ""S01"", ""url"": ""https://www.gutenberg.org/cache/epub/1329/pg1329-images.html#link2HCH0020"", ""note"": """"}]","[""S01""]",,"[""G09"", ""G15""]",[],[],,,,,,,,,,"{""id"": ""E29"", ""title"": ""Barey"", ""name"": ""Barey"", ""category"": ""environments"", ""subcategory"": ""region"", ""canon_status"": ""novel_fact"", ""description"": ""Low country beyond the mountains leads to the Ocean; Krag and the soothing Gangnet accompany Maskull across it."", ""visual_facts"": ""Intermixed water and land, blue-tinted morning haze and a riverside boat house."", ""game_adaptation"": ""False tranquility before final confrontation."", ""notes"": """", ""aliases"": [], ""source_ids"": [""S01""], ""chapter_refs"": [{""label"": ""Chapter 18. HAUNTE"", ""book"": """", ""chapter"": 18, ""title"": ""HAUNTE"", ""source_id"": ""S01"", ""url"": ""https://www.gutenberg.org/cache/epub/1329/pg1329-images.html#link2HCH0018"", ""note"": """"}, {""label"": ""Chapter 19. SULLENBODE"", ""book"": """", ""chapter"": 19, ""title"": ""SULLENBODE"", ""source_id"": ""S01"", ""url"": ""https://www.gutenberg.org/cache/epub/1329/pg1329-images.html#link2HCH0019"", ""note"": """"}, {""label"": ""Chapter 20. BAREY"", ""book"": """", ""chapter"": 20, ""title"": ""BAREY"", ""source_id"": ""S01"", ""url"": ""https://www.gutenberg.org/cache/epub/1329/pg1329-images.html#link2HCH0020"", ""note"": """"}], ""tags"": [], ""related_entity_ids"": [], ""artwork_ids"": [""G09"", ""G15""], ""level_ids"": []}"
E30,entity,Surtur’s Ocean and floating island,environments,sea,,novel_fact,Krag names the Ocean only as Maskull nears death. A small island raft carries the party through thickening fog toward Muspel.,Narrative crossing after a ground arena; no new steering gesture.,"[{""label"": ""Chapter 20. BAREY"", ""book"": """", ""chapter"": 20, ""title"": ""BAREY"", ""source_id"": ""S01"", ""url"": ""https://www.gutenberg.org/cache/epub/1329/pg1329-images.html#link2HCH0020"", ""note"": """"}, {""label"": ""Chapter 21. MUSPEL"", ""book"": """", ""chapter"": 21, ""title"": ""MUSPEL"", ""source_id"": ""S01"", ""url"": ""https://www.gutenberg.org/cache/epub/1329/pg1329-images.html#link2HCH0021"", ""note"": """"}]","[""S01""]",,[],[],[],,,,,,,,,,"{""id"": ""E30"", ""title"": ""Surtur’s Ocean and floating island"", ""name"": ""Surtur’s Ocean and floating island"", ""category"": ""environments"", ""subcategory"": ""sea"", ""canon_status"": ""novel_fact"", ""description"": ""Krag names the Ocean only as Maskull nears death. A small island raft carries the party through thickening fog toward Muspel."", ""visual_facts"": ""Transparent glasslike sea, fog, tiny drifting land raft and hidden horizon."", ""game_adaptation"": ""Narrative crossing after a ground arena; no new steering gesture."", ""notes"": """", ""aliases"": [], ""source_ids"": [""S01""], ""chapter_refs"": [{""label"": ""Chapter 20. BAREY"", ""book"": """", ""chapter"": 20, ""title"": ""BAREY"", ""source_id"": ""S01"", ""url"": ""https://www.gutenberg.org/cache/epub/1329/pg1329-images.html#link2HCH0020"", ""note"": """"}, {""label"": ""Chapter 21. MUSPEL"", ""book"": """", ""chapter"": 21, ""title"": ""MUSPEL"", ""source_id"": ""S01"", ""url"": ""https://www.gutenberg.org/cache/epub/1329/pg1329-images.html#link2HCH0021"", ""note"": """"}], ""tags"": [], ""related_entity_ids"": [], ""artwork_ids"": [], ""level_ids"": []}"
E31,entity,Muspel,environments,beyond-world,,novel_fact,Source of fiery spirit beyond Crystalman’s false world; its light is experienced as emotion or passion. The final revelation frames an ongoing perilous struggle rather than an easy victory.,"Final local breach and revelation, not conventional jewel-covered heaven.","[{""label"": ""Chapter 13. THE WOMBFLASH FOREST"", ""book"": """", ""chapter"": 13, ""title"": ""THE WOMBFLASH FOREST"", ""source_id"": ""S01"", ""url"": ""https://www.gutenberg.org/cache/epub/1329/pg1329-images.html#link2HCH0013"", ""note"": """"}, {""label"": ""Chapter 15. SWAYLONE’S ISLAND"", ""book"": """", ""chapter"": 15, ""title"": ""SWAYLONE’S ISLAND"", ""source_id"": ""S01"", ""url"": ""https://www.gutenberg.org/cache/epub/1329/pg1329-images.html#link2HCH0015"", ""note"": """"}, {""label"": ""Chapter 17. CORPANG"", ""book"": """", ""chapter"": 17, ""title"": ""CORPANG"", ""source_id"": ""S01"", ""url"": ""https://www.gutenberg.org/cache/epub/1329/pg1329-images.html#link2HCH0017"", ""note"": """"}, {""label"": ""Chapter 19. SULLENBODE"", ""book"": """", ""chapter"": 19, ""title"": ""SULLENBODE"", ""source_id"": ""S01"", ""url"": ""https://www.gutenberg.org/cache/epub/1329/pg1329-images.html#link2HCH0019"", ""note"": """"}, {""label"": ""Chapter 21. MUSPEL"", ""book"": """", ""chapter"": 21, ""title"": ""MUSPEL"", ""source_id"": ""S01"", ""url"": ""https://www.gutenberg.org/cache/epub/1329/pg1329-images.html#link2HCH0021"", ""note"": """"}]","[""S01""]",,"[""G09"", ""G15"", ""G20""]","[""A3-L5""]",[],,,,,,,,,,"{""id"": ""E31"", ""title"": ""Muspel"", ""name"": ""Muspel"", ""category"": ""environments"", ""subcategory"": ""beyond-world"", ""canon_status"": ""novel_fact"", ""description"": ""Source of fiery spirit beyond Crystalman’s false world; its light is experienced as emotion or passion. The final revelation frames an ongoing perilous struggle rather than an easy victory."", ""visual_facts"": ""Fierce doorlike light in a limitless black wall; inside, darkness and burning passion."", ""game_adaptation"": ""Final local breach and revelation, not conventional jewel-covered heaven."", ""notes"": """", ""aliases"": [], ""source_ids"": [""S01""], ""chapter_refs"": [{""label"": ""Chapter 13. THE WOMBFLASH FOREST"", ""book"": """", ""chapter"": 13, ""title"": ""THE WOMBFLASH FOREST"", ""source_id"": ""S01"", ""url"": ""https://www.gutenberg.org/cache/epub/1329/pg1329-images.html#link2HCH0013"", ""note"": """"}, {""label"": ""Chapter 15. SWAYLONE’S ISLAND"", ""book"": """", ""chapter"": 15, ""title"": ""SWAYLONE’S ISLAND"", ""source_id"": ""S01"", ""url"": ""https://www.gutenberg.org/cache/epub/1329/pg1329-images.html#link2HCH0015"", ""note"": """"}, {""label"": ""Chapter 17. CORPANG"", ""book"": """", ""chapter"": 17, ""title"": ""CORPANG"", ""source_id"": ""S01"", ""url"": ""https://www.gutenberg.org/cache/epub/1329/pg1329-images.html#link2HCH0017"", ""note"": """"}, {""label"": ""Chapter 19. SULLENBODE"", ""book"": """", ""chapter"": 19, ""title"": ""SULLENBODE"", ""source_id"": ""S01"", ""url"": ""https://www.gutenberg.org/cache/epub/1329/pg1329-images.html#link2HCH0019"", ""note"": """"}, {""label"": ""Chapter 21. MUSPEL"", ""book"": """", ""chapter"": 21, ""title"": ""MUSPEL"", ""source_id"": ""S01"", ""url"": ""https://www.gutenberg.org/cache/epub/1329/pg1329-images.html#link2HCH0021"", ""note"": """"}], ""tags"": [], ""related_entity_ids"": [], ""artwork_ids"": [""G09"", ""G15"", ""G20""], ""level_ids"": [""A3-L5""]}"
E32,entity,Muspel tower and six windows,environments,interior,,novel_fact,"Nightspore climbs exhausting circular stone steps through six windows that progressively reveal the imprisoned life, Crystalman’s mechanism and the struggle. The roof is small and surrounded by darkness.",Stable arena sequence or ending image inspired by the windows; stairs need not be combat traversal.,"[{""label"": ""Chapter 21. MUSPEL"", ""book"": """", ""chapter"": 21, ""title"": ""MUSPEL"", ""source_id"": ""S01"", ""url"": ""https://www.gutenberg.org/cache/epub/1329/pg1329-images.html#link2HCH0021"", ""note"": """"}]","[""S01""]",,"[""G09"", ""G15"", ""G17""]","[""A3-L5""]",[],,,,,,,,,,"{""id"": ""E32"", ""title"": ""Muspel tower and six windows"", ""name"": ""Muspel tower and six windows"", ""category"": ""environments"", ""subcategory"": ""interior"", ""canon_status"": ""novel_fact"", ""description"": ""Nightspore climbs exhausting circular stone steps through six windows that progressively reveal the imprisoned life, Crystalman’s mechanism and the struggle. The roof is small and surrounded by darkness."", ""visual_facts"": ""Cold stone spiral staircase, high embrasures, bare upper chamber, roof about fifteen feet each way and a parapet."", ""game_adaptation"": ""Stable arena sequence or ending image inspired by the windows; stairs need not be combat traversal."", ""notes"": """", ""aliases"": [], ""source_ids"": [""S01""], ""chapter_refs"": [{""label"": ""Chapter 21. MUSPEL"", ""book"": """", ""chapter"": 21, ""title"": ""MUSPEL"", ""source_id"": ""S01"", ""url"": ""https://www.gutenberg.org/cache/epub/1329/pg1329-images.html#link2HCH0021"", ""note"": """"}], ""tags"": [], ""related_entity_ids"": [], ""artwork_ids"": [""G09"", ""G15"", ""G17""], ""level_ids"": [""A3-L5""]}"
M01,entity,Alien wonder,mood,interpretive-story-mood,,interpretation,"Scarlet sand, unfamiliar colors, new organs and unearthly light make perception itself feel new.",Curiosity before commitment: keep the floor readable.,"[{""label"": ""Chapter 6. JOIWIND"", ""book"": """", ""chapter"": 6, ""title"": ""JOIWIND"", ""source_id"": ""S01"", ""url"": ""https://www.gutenberg.org/cache/epub/1329/pg1329-images.html#link2HCH0006"", ""note"": """"}, {""label"": ""Chapter 7. PANAWE"", ""book"": """", ""chapter"": 7, ""title"": ""PANAWE"", ""source_id"": ""S01"", ""url"": ""https://www.gutenberg.org/cache/epub/1329/pg1329-images.html#link2HCH0007"", ""note"": """"}, {""label"": ""Chapter 8. THE LUSION PLAIN"", ""book"": """", ""chapter"": 8, ""title"": ""THE LUSION PLAIN"", ""source_id"": ""S01"", ""url"": ""https://www.gutenberg.org/cache/epub/1329/pg1329-images.html#link2HCH0008"", ""note"": """"}]","[""S01""]",,"[""G13""]",[],[],"Mood label is a research interpretation of the cited events, not a quoted statement of authorial intent.",,,,,,,,,"{""id"": ""M01"", ""title"": ""Alien wonder"", ""name"": ""Alien wonder"", ""category"": ""mood"", ""subcategory"": ""interpretive-story-mood"", ""canon_status"": ""interpretation"", ""description"": ""Scarlet sand, unfamiliar colors, new organs and unearthly light make perception itself feel new."", ""visual_facts"": ""Opalescent highlights; immense sunlight; generous strange horizons."", ""game_adaptation"": ""Curiosity before commitment: keep the floor readable."", ""notes"": ""Mood label is a research interpretation of the cited events, not a quoted statement of authorial intent."", ""aliases"": [], ""source_ids"": [""S01""], ""chapter_refs"": [{""label"": ""Chapter 6. JOIWIND"", ""book"": """", ""chapter"": 6, ""title"": ""JOIWIND"", ""source_id"": ""S01"", ""url"": ""https://www.gutenberg.org/cache/epub/1329/pg1329-images.html#link2HCH0006"", ""note"": """"}, {""label"": ""Chapter 7. PANAWE"", ""book"": """", ""chapter"": 7, ""title"": ""PANAWE"", ""source_id"": ""S01"", ""url"": ""https://www.gutenberg.org/cache/epub/1329/pg1329-images.html#link2HCH0007"", ""note"": """"}, {""label"": ""Chapter 8. THE LUSION PLAIN"", ""book"": """", ""chapter"": 8, ""title"": ""THE LUSION PLAIN"", ""source_id"": ""S01"", ""url"": ""https://www.gutenberg.org/cache/epub/1329/pg1329-images.html#link2HCH0008"", ""note"": """"}], ""tags"": [], ""source_category"": ""moods"", ""related_entity_ids"": [], ""artwork_ids"": [""G13""], ""level_ids"": []}"
M02,entity,Uncanny social performance,mood,interpretive-story-mood,,interpretation,A sophisticated domestic entertainment becomes a genuine and violent supernatural event.,"Optional prologue contrast, not a lengthy tutorial.","[{""label"": ""Chapter 1. THE SÉANCE"", ""book"": """", ""chapter"": 1, ""title"": ""THE SÉANCE"", ""source_id"": ""S01"", ""url"": ""https://www.gutenberg.org/cache/epub/1329/pg1329-images.html#link2HCH0001"", ""note"": """"}, {""label"": ""Chapter 2. IN THE STREET"", ""book"": """", ""chapter"": 2, ""title"": ""IN THE STREET"", ""source_id"": ""S01"", ""url"": ""https://www.gutenberg.org/cache/epub/1329/pg1329-images.html#link2HCH0002"", ""note"": """"}, {""label"": ""Chapter 3. STARKNESS"", ""book"": """", ""chapter"": 3, ""title"": ""STARKNESS"", ""source_id"": ""S01"", ""url"": ""https://www.gutenberg.org/cache/epub/1329/pg1329-images.html#link2HCH0003"", ""note"": """"}]","[""S01""]",,[],[],[],"Mood label is a research interpretation of the cited events, not a quoted statement of authorial intent.",,,,,,,,,"{""id"": ""M02"", ""title"": ""Uncanny social performance"", ""name"": ""Uncanny social performance"", ""category"": ""mood"", ""subcategory"": ""interpretive-story-mood"", ""canon_status"": ""interpretation"", ""description"": ""A sophisticated domestic entertainment becomes a genuine and violent supernatural event."", ""visual_facts"": ""Warm electric luxury followed by a repulsive grin and cold coast."", ""game_adaptation"": ""Optional prologue contrast, not a lengthy tutorial."", ""notes"": ""Mood label is a research interpretation of the cited events, not a quoted statement of authorial intent."", ""aliases"": [], ""source_ids"": [""S01""], ""chapter_refs"": [{""label"": ""Chapter 1. THE SÉANCE"", ""book"": """", ""chapter"": 1, ""title"": ""THE SÉANCE"", ""source_id"": ""S01"", ""url"": ""https://www.gutenberg.org/cache/epub/1329/pg1329-images.html#link2HCH0001"", ""note"": """"}, {""label"": ""Chapter 2. IN THE STREET"", ""book"": """", ""chapter"": 2, ""title"": ""IN THE STREET"", ""source_id"": ""S01"", ""url"": ""https://www.gutenberg.org/cache/epub/1329/pg1329-images.html#link2HCH0002"", ""note"": """"}, {""label"": ""Chapter 3. STARKNESS"", ""book"": """", ""chapter"": 3, ""title"": ""STARKNESS"", ""source_id"": ""S01"", ""url"": ""https://www.gutenberg.org/cache/epub/1329/pg1329-images.html#link2HCH0003"", ""note"": """"}], ""tags"": [], ""source_category"": ""moods"", ""related_entity_ids"": [], ""artwork_ids"": [], ""level_ids"": []}"
M03,entity,Compassion and purity,mood,interpretive-story-mood,,interpretation,Joiwind’s blood exchange and Panawe’s reverence for life offer tenderness without removing the troubling later journey.,Rest beats between pressure; civilians remain non-hostile.,"[{""label"": ""Chapter 6. JOIWIND"", ""book"": """", ""chapter"": 6, ""title"": ""JOIWIND"", ""source_id"": ""S01"", ""url"": ""https://www.gutenberg.org/cache/epub/1329/pg1329-images.html#link2HCH0006"", ""note"": """"}, {""label"": ""Chapter 7. PANAWE"", ""book"": """", ""chapter"": 7, ""title"": ""PANAWE"", ""source_id"": ""S01"", ""url"": ""https://www.gutenberg.org/cache/epub/1329/pg1329-images.html#link2HCH0007"", ""note"": """"}, {""label"": ""Chapter 8. THE LUSION PLAIN"", ""book"": """", ""chapter"": 8, ""title"": ""THE LUSION PLAIN"", ""source_id"": ""S01"", ""url"": ""https://www.gutenberg.org/cache/epub/1329/pg1329-images.html#link2HCH0008"", ""note"": """"}]","[""S01""]",,[],[],[],"Mood label is a research interpretation of the cited events, not a quoted statement of authorial intent.",,,,,,,,,"{""id"": ""M03"", ""title"": ""Compassion and purity"", ""name"": ""Compassion and purity"", ""category"": ""mood"", ""subcategory"": ""interpretive-story-mood"", ""canon_status"": ""interpretation"", ""description"": ""Joiwind’s blood exchange and Panawe’s reverence for life offer tenderness without removing the troubling later journey."", ""visual_facts"": ""Gentle half-tone changing skin, open gestures, white clothes."", ""game_adaptation"": ""Rest beats between pressure; civilians remain non-hostile."", ""notes"": ""Mood label is a research interpretation of the cited events, not a quoted statement of authorial intent."", ""aliases"": [], ""source_ids"": [""S01""], ""chapter_refs"": [{""label"": ""Chapter 6. JOIWIND"", ""book"": """", ""chapter"": 6, ""title"": ""JOIWIND"", ""source_id"": ""S01"", ""url"": ""https://www.gutenberg.org/cache/epub/1329/pg1329-images.html#link2HCH0006"", ""note"": """"}, {""label"": ""Chapter 7. PANAWE"", ""book"": """", ""chapter"": 7, ""title"": ""PANAWE"", ""source_id"": ""S01"", ""url"": ""https://www.gutenberg.org/cache/epub/1329/pg1329-images.html#link2HCH0007"", ""note"": """"}, {""label"": ""Chapter 8. THE LUSION PLAIN"", ""book"": """", ""chapter"": 8, ""title"": ""THE LUSION PLAIN"", ""source_id"": ""S01"", ""url"": ""https://www.gutenberg.org/cache/epub/1329/pg1329-images.html#link2HCH0008"", ""note"": """"}], ""tags"": [], ""source_category"": ""moods"", ""related_entity_ids"": [], ""artwork_ids"": [], ""level_ids"": []}"
M04,entity,Dominion and unstable agency,mood,interpretive-story-mood,,interpretation,Ifdawn’s will-users and Tydomin make freedom feel unreliable; the landscape itself shifts and interpersonal desire becomes coercion.,Fake positions and locked attacks test judgment; never steal actual control unpredictably.,"[{""label"": ""Chapter 7. PANAWE"", ""book"": """", ""chapter"": 7, ""title"": ""PANAWE"", ""source_id"": ""S01"", ""url"": ""https://www.gutenberg.org/cache/epub/1329/pg1329-images.html#link2HCH0007"", ""note"": """"}, {""label"": ""Chapter 9. OCEAXE"", ""book"": """", ""chapter"": 9, ""title"": ""OCEAXE"", ""source_id"": ""S01"", ""url"": ""https://www.gutenberg.org/cache/epub/1329/pg1329-images.html#link2HCH0009"", ""note"": """"}, {""label"": ""Chapter 10. TYDOMIN"", ""book"": """", ""chapter"": 10, ""title"": ""TYDOMIN"", ""source_id"": ""S01"", ""url"": ""https://www.gutenberg.org/cache/epub/1329/pg1329-images.html#link2HCH0010"", ""note"": """"}]","[""S01""]",,"[""G14""]",[],[],"Mood label is a research interpretation of the cited events, not a quoted statement of authorial intent.",,,,,,,,,"{""id"": ""M04"", ""title"": ""Dominion and unstable agency"", ""name"": ""Dominion and unstable agency"", ""category"": ""mood"", ""subcategory"": ""interpretive-story-mood"", ""canon_status"": ""interpretation"", ""description"": ""Ifdawn’s will-users and Tydomin make freedom feel unreliable; the landscape itself shifts and interpersonal desire becomes coercion."", ""visual_facts"": ""Sorb eye, third arm, jagged mountains and close confrontations."", ""game_adaptation"": ""Fake positions and locked attacks test judgment; never steal actual control unpredictably."", ""notes"": ""Mood label is a research interpretation of the cited events, not a quoted statement of authorial intent."", ""aliases"": [], ""source_ids"": [""S01""], ""chapter_refs"": [{""label"": ""Chapter 7. PANAWE"", ""book"": """", ""chapter"": 7, ""title"": ""PANAWE"", ""source_id"": ""S01"", ""url"": ""https://www.gutenberg.org/cache/epub/1329/pg1329-images.html#link2HCH0007"", ""note"": """"}, {""label"": ""Chapter 9. OCEAXE"", ""book"": """", ""chapter"": 9, ""title"": ""OCEAXE"", ""source_id"": ""S01"", ""url"": ""https://www.gutenberg.org/cache/epub/1329/pg1329-images.html#link2HCH0009"", ""note"": """"}, {""label"": ""Chapter 10. TYDOMIN"", ""book"": """", ""chapter"": 10, ""title"": ""TYDOMIN"", ""source_id"": ""S01"", ""url"": ""https://www.gutenberg.org/cache/epub/1329/pg1329-images.html#link2HCH0010"", ""note"": """"}], ""tags"": [], ""source_category"": ""moods"", ""related_entity_ids"": [], ""artwork_ids"": [""G14""], ""level_ids"": []}"
M05,entity,Cold doctrinal certainty,mood,interpretive-story-mood,,interpretation,"Sant’s competing ascetics turn moral confidence into lethal obedience, followed by Maskull’s later remorse.",Optional image/story beat; avoid presenting one doctrine as the game’s endorsed rule.,"[{""label"": ""Chapter 11. ON DISSCOURN"", ""book"": """", ""chapter"": 11, ""title"": ""ON DISSCOURN"", ""source_id"": ""S01"", ""url"": ""https://www.gutenberg.org/cache/epub/1329/pg1329-images.html#link2HCH0011"", ""note"": """"}, {""label"": ""Chapter 12. SPADEVIL"", ""book"": """", ""chapter"": 12, ""title"": ""SPADEVIL"", ""source_id"": ""S01"", ""url"": ""https://www.gutenberg.org/cache/epub/1329/pg1329-images.html#link2HCH0012"", ""note"": """"}, {""label"": ""Chapter 13. THE WOMBFLASH FOREST"", ""book"": """", ""chapter"": 13, ""title"": ""THE WOMBFLASH FOREST"", ""source_id"": ""S01"", ""url"": ""https://www.gutenberg.org/cache/epub/1329/pg1329-images.html#link2HCH0013"", ""note"": """"}]","[""S01""]",,[],[],[],"Mood label is a research interpretation of the cited events, not a quoted statement of authorial intent.",,,,,,,,,"{""id"": ""M05"", ""title"": ""Cold doctrinal certainty"", ""name"": ""Cold doctrinal certainty"", ""category"": ""mood"", ""subcategory"": ""interpretive-story-mood"", ""canon_status"": ""interpretation"", ""description"": ""Sant’s competing ascetics turn moral confidence into lethal obedience, followed by Maskull’s later remorse."", ""visual_facts"": ""Bare green snow, severe bodies, single/double forehead membranes."", ""game_adaptation"": ""Optional image/story beat; avoid presenting one doctrine as the game’s endorsed rule."", ""notes"": ""Mood label is a research interpretation of the cited events, not a quoted statement of authorial intent."", ""aliases"": [], ""source_ids"": [""S01""], ""chapter_refs"": [{""label"": ""Chapter 11. ON DISSCOURN"", ""book"": """", ""chapter"": 11, ""title"": ""ON DISSCOURN"", ""source_id"": ""S01"", ""url"": ""https://www.gutenberg.org/cache/epub/1329/pg1329-images.html#link2HCH0011"", ""note"": """"}, {""label"": ""Chapter 12. SPADEVIL"", ""book"": """", ""chapter"": 12, ""title"": ""SPADEVIL"", ""source_id"": ""S01"", ""url"": ""https://www.gutenberg.org/cache/epub/1329/pg1329-images.html#link2HCH0012"", ""note"": """"}, {""label"": ""Chapter 13. THE WOMBFLASH FOREST"", ""book"": """", ""chapter"": 13, ""title"": ""THE WOMBFLASH FOREST"", ""source_id"": ""S01"", ""url"": ""https://www.gutenberg.org/cache/epub/1329/pg1329-images.html#link2HCH0013"", ""note"": """"}], ""tags"": [], ""source_category"": ""moods"", ""related_entity_ids"": [], ""artwork_ids"": [], ""level_ids"": []}"
M06,entity,Haunted forest and remorse,mood,interpretive-story-mood,,interpretation,Wombflash’s silence and impossible scale hold Maskull’s recognition of his killings; drumming promises a stranger truth.,Spare encounter rhythm with one distant recurring pulse motif.,"[{""label"": ""Chapter 13. THE WOMBFLASH FOREST"", ""book"": """", ""chapter"": 13, ""title"": ""THE WOMBFLASH FOREST"", ""source_id"": ""S01"", ""url"": ""https://www.gutenberg.org/cache/epub/1329/pg1329-images.html#link2HCH0013"", ""note"": """"}, {""label"": ""Chapter 14. POLECRAB"", ""book"": """", ""chapter"": 14, ""title"": ""POLECRAB"", ""source_id"": ""S01"", ""url"": ""https://www.gutenberg.org/cache/epub/1329/pg1329-images.html#link2HCH0014"", ""note"": """"}]","[""S01""]",,"[""G06"", ""G14""]",[],[],"Mood label is a research interpretation of the cited events, not a quoted statement of authorial intent.",,,,,,,,,"{""id"": ""M06"", ""title"": ""Haunted forest and remorse"", ""name"": ""Haunted forest and remorse"", ""category"": ""mood"", ""subcategory"": ""interpretive-story-mood"", ""canon_status"": ""interpretation"", ""description"": ""Wombflash’s silence and impossible scale hold Maskull’s recognition of his killings; drumming promises a stranger truth."", ""visual_facts"": ""Wet leaves, distant tiny sky, immense widely separated trunks and wandering mist. Red trunks/ulfire leaves come from Panawe’s earlier recollection."", ""game_adaptation"": ""Spare encounter rhythm with one distant recurring pulse motif."", ""notes"": ""Mood label is a research interpretation of the cited events, not a quoted statement of authorial intent."", ""aliases"": [], ""source_ids"": [""S01""], ""chapter_refs"": [{""label"": ""Chapter 13. THE WOMBFLASH FOREST"", ""book"": """", ""chapter"": 13, ""title"": ""THE WOMBFLASH FOREST"", ""source_id"": ""S01"", ""url"": ""https://www.gutenberg.org/cache/epub/1329/pg1329-images.html#link2HCH0013"", ""note"": """"}, {""label"": ""Chapter 14. POLECRAB"", ""book"": """", ""chapter"": 14, ""title"": ""POLECRAB"", ""source_id"": ""S01"", ""url"": ""https://www.gutenberg.org/cache/epub/1329/pg1329-images.html#link2HCH0014"", ""note"": """"}], ""tags"": [], ""source_category"": ""moods"", ""related_entity_ids"": [], ""artwork_ids"": [""G06"", ""G14""], ""level_ids"": []}"
M07,entity,"Ecstatic, dangerous music",mood,interpretive-story-mood,,interpretation,Gleameil pursues the lake’s answer willingly; music enlarges perception but brings death and destruction.,Visual pulses support play; music never becomes an unseen rhythm-game requirement.,"[{""label"": ""Chapter 14. POLECRAB"", ""book"": """", ""chapter"": 14, ""title"": ""POLECRAB"", ""source_id"": ""S01"", ""url"": ""https://www.gutenberg.org/cache/epub/1329/pg1329-images.html#link2HCH0014"", ""note"": """"}, {""label"": ""Chapter 15. SWAYLONE’S ISLAND"", ""book"": """", ""chapter"": 15, ""title"": ""SWAYLONE’S ISLAND"", ""source_id"": ""S01"", ""url"": ""https://www.gutenberg.org/cache/epub/1329/pg1329-images.html#link2HCH0015"", ""note"": """"}]","[""S01""]",,"[""G14""]",[],[],"Mood label is a research interpretation of the cited events, not a quoted statement of authorial intent.",,,,,,,,,"{""id"": ""M07"", ""title"": ""Ecstatic, dangerous music"", ""name"": ""Ecstatic, dangerous music"", ""category"": ""mood"", ""subcategory"": ""interpretive-story-mood"", ""canon_status"": ""interpretation"", ""description"": ""Gleameil pursues the lake’s answer willingly; music enlarges perception but brings death and destruction."", ""visual_facts"": ""Ripples, moonlight, motion moving from stillness to violent water."", ""game_adaptation"": ""Visual pulses support play; music never becomes an unseen rhythm-game requirement."", ""notes"": ""Mood label is a research interpretation of the cited events, not a quoted statement of authorial intent."", ""aliases"": [], ""source_ids"": [""S01""], ""chapter_refs"": [{""label"": ""Chapter 14. POLECRAB"", ""book"": """", ""chapter"": 14, ""title"": ""POLECRAB"", ""source_id"": ""S01"", ""url"": ""https://www.gutenberg.org/cache/epub/1329/pg1329-images.html#link2HCH0014"", ""note"": """"}, {""label"": ""Chapter 15. SWAYLONE’S ISLAND"", ""book"": """", ""chapter"": 15, ""title"": ""SWAYLONE’S ISLAND"", ""source_id"": ""S01"", ""url"": ""https://www.gutenberg.org/cache/epub/1329/pg1329-images.html#link2HCH0015"", ""note"": """"}], ""tags"": [], ""source_category"": ""moods"", ""related_entity_ids"": [], ""artwork_ids"": [""G14""], ""level_ids"": []}"
M08,entity,Evolutionary excess,mood,interpretive-story-mood,,interpretation,Matterplay feels like a conversation of nature where every shape is unique and life transforms faster than it can be classified.,Use bounded scenery variation with a very small actual enemy roster.,"[{""label"": ""Chapter 16. LEEHALLFAE"", ""book"": """", ""chapter"": 16, ""title"": ""LEEHALLFAE"", ""source_id"": ""S01"", ""url"": ""https://www.gutenberg.org/cache/epub/1329/pg1329-images.html#link2HCH0016"", ""note"": """"}]","[""S01""]",,[],[],[],"Mood label is a research interpretation of the cited events, not a quoted statement of authorial intent.",,,,,,,,,"{""id"": ""M08"", ""title"": ""Evolutionary excess"", ""name"": ""Evolutionary excess"", ""category"": ""mood"", ""subcategory"": ""interpretive-story-mood"", ""canon_status"": ""interpretation"", ""description"": ""Matterplay feels like a conversation of nature where every shape is unique and life transforms faster than it can be classified."", ""visual_facts"": ""Crowded varied organic profiles framed by bare stone."", ""game_adaptation"": ""Use bounded scenery variation with a very small actual enemy roster."", ""notes"": ""Mood label is a research interpretation of the cited events, not a quoted statement of authorial intent."", ""aliases"": [], ""source_ids"": [""S01""], ""chapter_refs"": [{""label"": ""Chapter 16. LEEHALLFAE"", ""book"": """", ""chapter"": 16, ""title"": ""LEEHALLFAE"", ""source_id"": ""S01"", ""url"": ""https://www.gutenberg.org/cache/epub/1329/pg1329-images.html#link2HCH0016"", ""note"": """"}], ""tags"": [], ""source_category"": ""moods"", ""related_entity_ids"": [], ""artwork_ids"": [], ""level_ids"": []}"
M09,entity,Painful passion and sacrifice,mood,interpretive-story-mood,,interpretation,Lichstorm intensifies love and harm. Sullenbode’s devotion and guidance coexist with the deadly dependence of her life on Maskull’s love.,Garden manifestation can externalise attachment without casting Sullenbode as a monster.,"[{""label"": ""Chapter 18. HAUNTE"", ""book"": """", ""chapter"": 18, ""title"": ""HAUNTE"", ""source_id"": ""S01"", ""url"": ""https://www.gutenberg.org/cache/epub/1329/pg1329-images.html#link2HCH0018"", ""note"": """"}, {""label"": ""Chapter 19. SULLENBODE"", ""book"": """", ""chapter"": 19, ""title"": ""SULLENBODE"", ""source_id"": ""S01"", ""url"": ""https://www.gutenberg.org/cache/epub/1329/pg1329-images.html#link2HCH0019"", ""note"": """"}, {""label"": ""Chapter 20. BAREY"", ""book"": """", ""chapter"": 20, ""title"": ""BAREY"", ""source_id"": ""S01"", ""url"": ""https://www.gutenberg.org/cache/epub/1329/pg1329-images.html#link2HCH0020"", ""note"": """"}]","[""S01""]",,[],[],[],"Mood label is a research interpretation of the cited events, not a quoted statement of authorial intent.",,,,,,,,,"{""id"": ""M09"", ""title"": ""Painful passion and sacrifice"", ""name"": ""Painful passion and sacrifice"", ""category"": ""mood"", ""subcategory"": ""interpretive-story-mood"", ""canon_status"": ""interpretation"", ""description"": ""Lichstorm intensifies love and harm. Sullenbode’s devotion and guidance coexist with the deadly dependence of her life on Maskull’s love."", ""visual_facts"": ""Glow in black mist, green snow, lonely ridge and grave."", ""game_adaptation"": ""Garden manifestation can externalise attachment without casting Sullenbode as a monster."", ""notes"": ""Mood label is a research interpretation of the cited events, not a quoted statement of authorial intent."", ""aliases"": [], ""source_ids"": [""S01""], ""chapter_refs"": [{""label"": ""Chapter 18. HAUNTE"", ""book"": """", ""chapter"": 18, ""title"": ""HAUNTE"", ""source_id"": ""S01"", ""url"": ""https://www.gutenberg.org/cache/epub/1329/pg1329-images.html#link2HCH0018"", ""note"": """"}, {""label"": ""Chapter 19. SULLENBODE"", ""book"": """", ""chapter"": 19, ""title"": ""SULLENBODE"", ""source_id"": ""S01"", ""url"": ""https://www.gutenberg.org/cache/epub/1329/pg1329-images.html#link2HCH0019"", ""note"": """"}, {""label"": ""Chapter 20. BAREY"", ""book"": """", ""chapter"": 20, ""title"": ""BAREY"", ""source_id"": ""S01"", ""url"": ""https://www.gutenberg.org/cache/epub/1329/pg1329-images.html#link2HCH0020"", ""note"": """"}], ""tags"": [], ""source_category"": ""moods"", ""related_entity_ids"": [], ""artwork_ids"": [], ""level_ids"": []}"
M10,entity,Seductive false beauty,mood,interpretive-story-mood,,interpretation,Gangnet’s reassurance and Alppain’s apparent release threaten to make renunciation another pleasure inside Crystalman’s world.,Contrast calm framing with clearly telegraphed final echoes.,"[{""label"": ""Chapter 20. BAREY"", ""book"": """", ""chapter"": 20, ""title"": ""BAREY"", ""source_id"": ""S01"", ""url"": ""https://www.gutenberg.org/cache/epub/1329/pg1329-images.html#link2HCH0020"", ""note"": """"}, {""label"": ""Chapter 21. MUSPEL"", ""book"": """", ""chapter"": 21, ""title"": ""MUSPEL"", ""source_id"": ""S01"", ""url"": ""https://www.gutenberg.org/cache/epub/1329/pg1329-images.html#link2HCH0021"", ""note"": """"}]","[""S01""]",,"[""G14""]",[],[],"Mood label is a research interpretation of the cited events, not a quoted statement of authorial intent.",,,,,,,,,"{""id"": ""M10"", ""title"": ""Seductive false beauty"", ""name"": ""Seductive false beauty"", ""category"": ""mood"", ""subcategory"": ""interpretive-story-mood"", ""canon_status"": ""interpretation"", ""description"": ""Gangnet’s reassurance and Alppain’s apparent release threaten to make renunciation another pleasure inside Crystalman’s world."", ""visual_facts"": ""Soft blue/jale haze, charming face, pleasant landscape giving way to grin."", ""game_adaptation"": ""Contrast calm framing with clearly telegraphed final echoes."", ""notes"": ""Mood label is a research interpretation of the cited events, not a quoted statement of authorial intent."", ""aliases"": [], ""source_ids"": [""S01""], ""chapter_refs"": [{""label"": ""Chapter 20. BAREY"", ""book"": """", ""chapter"": 20, ""title"": ""BAREY"", ""source_id"": ""S01"", ""url"": ""https://www.gutenberg.org/cache/epub/1329/pg1329-images.html#link2HCH0020"", ""note"": """"}, {""label"": ""Chapter 21. MUSPEL"", ""book"": """", ""chapter"": 21, ""title"": ""MUSPEL"", ""source_id"": ""S01"", ""url"": ""https://www.gutenberg.org/cache/epub/1329/pg1329-images.html#link2HCH0021"", ""note"": """"}], ""tags"": [], ""source_category"": ""moods"", ""related_entity_ids"": [], ""artwork_ids"": [""G14""], ""level_ids"": []}"
M11,entity,Cosmic horror and unresolved struggle,mood,interpretive-story-mood,,interpretation,"The final windows expose spirit fragmented and trapped to feed Crystalman. Nightspore’s insight leads to renewed work and risk, not a universe restored by one blow.",Local boss victory grants an exit and changed understanding; retain ambiguity and ongoing struggle.,"[{""label"": ""Chapter 21. MUSPEL"", ""book"": """", ""chapter"": 21, ""title"": ""MUSPEL"", ""source_id"": ""S01"", ""url"": ""https://www.gutenberg.org/cache/epub/1329/pg1329-images.html#link2HCH0021"", ""note"": """"}]","[""S01""]",,"[""G15""]",[],[],"Mood label is a research interpretation of the cited events, not a quoted statement of authorial intent.",,,,,,,,,"{""id"": ""M11"", ""title"": ""Cosmic horror and unresolved struggle"", ""name"": ""Cosmic horror and unresolved struggle"", ""category"": ""mood"", ""subcategory"": ""interpretive-story-mood"", ""canon_status"": ""interpretation"", ""description"": ""The final windows expose spirit fragmented and trapped to feed Crystalman. Nightspore’s insight leads to renewed work and risk, not a universe restored by one blow."", ""visual_facts"": ""Bright shadow, green imprisoned sparks, white whirls and small tower in boundless darkness."", ""game_adaptation"": ""Local boss victory grants an exit and changed understanding; retain ambiguity and ongoing struggle."", ""notes"": ""Mood label is a research interpretation of the cited events, not a quoted statement of authorial intent."", ""aliases"": [], ""source_ids"": [""S01""], ""chapter_refs"": [{""label"": ""Chapter 21. MUSPEL"", ""book"": """", ""chapter"": 21, ""title"": ""MUSPEL"", ""source_id"": ""S01"", ""url"": ""https://www.gutenberg.org/cache/epub/1329/pg1329-images.html#link2HCH0021"", ""note"": """"}], ""tags"": [], ""source_category"": ""moods"", ""related_entity_ids"": [], ""artwork_ids"": [""G15""], ""level_ids"": []}"
P01,entity,Magn,props,sensory-organ,,novel_fact,Chest tentacle through which Poolingdred people intensify love and compassion. In Ifdawn it develops into a third arm with changed emotional implications.,Character reference; no new compulsory gesture or damage upgrade.,"[{""label"": ""Chapter 6. JOIWIND"", ""book"": """", ""chapter"": 6, ""title"": ""JOIWIND"", ""source_id"": ""S01"", ""url"": ""https://www.gutenberg.org/cache/epub/1329/pg1329-images.html#link2HCH0006"", ""note"": """"}, {""label"": ""Chapter 7. PANAWE"", ""book"": """", ""chapter"": 7, ""title"": ""PANAWE"", ""source_id"": ""S01"", ""url"": ""https://www.gutenberg.org/cache/epub/1329/pg1329-images.html#link2HCH0007"", ""note"": """"}, {""label"": ""Chapter 9. OCEAXE"", ""book"": """", ""chapter"": 9, ""title"": ""OCEAXE"", ""source_id"": ""S01"", ""url"": ""https://www.gutenberg.org/cache/epub/1329/pg1329-images.html#link2HCH0009"", ""note"": """"}]","[""S01""]",,"[""G02"", ""G16""]",[],[],,,,,,,,,,"{""id"": ""P01"", ""title"": ""Magn"", ""name"": ""Magn"", ""category"": ""props"", ""subcategory"": ""sensory-organ"", ""canon_status"": ""novel_fact"", ""description"": ""Chest tentacle through which Poolingdred people intensify love and compassion. In Ifdawn it develops into a third arm with changed emotional implications."", ""visual_facts"": ""Thin flexible whipcord tentacle from the heart region."", ""game_adaptation"": ""Character reference; no new compulsory gesture or damage upgrade."", ""notes"": """", ""aliases"": [], ""source_ids"": [""S01""], ""chapter_refs"": [{""label"": ""Chapter 6. JOIWIND"", ""book"": """", ""chapter"": 6, ""title"": ""JOIWIND"", ""source_id"": ""S01"", ""url"": ""https://www.gutenberg.org/cache/epub/1329/pg1329-images.html#link2HCH0006"", ""note"": """"}, {""label"": ""Chapter 7. PANAWE"", ""book"": """", ""chapter"": 7, ""title"": ""PANAWE"", ""source_id"": ""S01"", ""url"": ""https://www.gutenberg.org/cache/epub/1329/pg1329-images.html#link2HCH0007"", ""note"": """"}, {""label"": ""Chapter 9. OCEAXE"", ""book"": """", ""chapter"": 9, ""title"": ""OCEAXE"", ""source_id"": ""S01"", ""url"": ""https://www.gutenberg.org/cache/epub/1329/pg1329-images.html#link2HCH0009"", ""note"": """"}], ""tags"": [], ""related_entity_ids"": [], ""artwork_ids"": [""G02"", ""G16""], ""level_ids"": []}"
P02,entity,Breve,props,sensory-organ,,novel_fact,Hollow fleshy forehead organ used to read thoughts. Maskull’s changes to a sorb after entering Ifdawn.,Visual transition or lore; do not make UI hide itself behind fictional telepathy.,"[{""label"": ""Chapter 6. JOIWIND"", ""book"": """", ""chapter"": 6, ""title"": ""JOIWIND"", ""source_id"": ""S01"", ""url"": ""https://www.gutenberg.org/cache/epub/1329/pg1329-images.html#link2HCH0006"", ""note"": """"}, {""label"": ""Chapter 9. OCEAXE"", ""book"": """", ""chapter"": 9, ""title"": ""OCEAXE"", ""source_id"": ""S01"", ""url"": ""https://www.gutenberg.org/cache/epub/1329/pg1329-images.html#link2HCH0009"", ""note"": """"}]","[""S01""]",,"[""G02"", ""G16""]",[],[],,,,,,,,,,"{""id"": ""P02"", ""title"": ""Breve"", ""name"": ""Breve"", ""category"": ""props"", ""subcategory"": ""sensory-organ"", ""canon_status"": ""novel_fact"", ""description"": ""Hollow fleshy forehead organ used to read thoughts. Maskull’s changes to a sorb after entering Ifdawn."", ""visual_facts"": ""Plum-sized forehead protuberance with a cavity."", ""game_adaptation"": ""Visual transition or lore; do not make UI hide itself behind fictional telepathy."", ""notes"": """", ""aliases"": [], ""source_ids"": [""S01""], ""chapter_refs"": [{""label"": ""Chapter 6. JOIWIND"", ""book"": """", ""chapter"": 6, ""title"": ""JOIWIND"", ""source_id"": ""S01"", ""url"": ""https://www.gutenberg.org/cache/epub/1329/pg1329-images.html#link2HCH0006"", ""note"": """"}, {""label"": ""Chapter 9. OCEAXE"", ""book"": """", ""chapter"": 9, ""title"": ""OCEAXE"", ""source_id"": ""S01"", ""url"": ""https://www.gutenberg.org/cache/epub/1329/pg1329-images.html#link2HCH0009"", ""note"": """"}], ""tags"": [], ""related_entity_ids"": [], ""artwork_ids"": [""G02"", ""G16""], ""level_ids"": []}"
P03,entity,Poigns,props,sensory-organ,,novel_fact,Paired knobs beneath the ears allow understanding and sympathy with living creatures.,Anatomy sheet and compassionate silhouette.,"[{""label"": ""Chapter 6. JOIWIND"", ""book"": """", ""chapter"": 6, ""title"": ""JOIWIND"", ""source_id"": ""S01"", ""url"": ""https://www.gutenberg.org/cache/epub/1329/pg1329-images.html#link2HCH0006"", ""note"": """"}, {""label"": ""Chapter 7. PANAWE"", ""book"": """", ""chapter"": 7, ""title"": ""PANAWE"", ""source_id"": ""S01"", ""url"": ""https://www.gutenberg.org/cache/epub/1329/pg1329-images.html#link2HCH0007"", ""note"": """"}]","[""S01""]",,"[""G02"", ""G16""]",[],[],,,,,,,,,,"{""id"": ""P03"", ""title"": ""Poigns"", ""name"": ""Poigns"", ""category"": ""props"", ""subcategory"": ""sensory-organ"", ""canon_status"": ""novel_fact"", ""description"": ""Paired knobs beneath the ears allow understanding and sympathy with living creatures."", ""visual_facts"": ""One knob on each side of the neck."", ""game_adaptation"": ""Anatomy sheet and compassionate silhouette."", ""notes"": """", ""aliases"": [], ""source_ids"": [""S01""], ""chapter_refs"": [{""label"": ""Chapter 6. JOIWIND"", ""book"": """", ""chapter"": 6, ""title"": ""JOIWIND"", ""source_id"": ""S01"", ""url"": ""https://www.gutenberg.org/cache/epub/1329/pg1329-images.html#link2HCH0006"", ""note"": """"}, {""label"": ""Chapter 7. PANAWE"", ""book"": """", ""chapter"": 7, ""title"": ""PANAWE"", ""source_id"": ""S01"", ""url"": ""https://www.gutenberg.org/cache/epub/1329/pg1329-images.html#link2HCH0007"", ""note"": """"}], ""tags"": [], ""related_entity_ids"": [], ""artwork_ids"": [""G02"", ""G16""], ""level_ids"": []}"
P04,entity,Sorb,props,sensory-organ,,novel_fact,Will-associated forehead eye that treats the world according to personal needs and can impose transformations or domination.,Basis for clear projection/echo motifs; player input remains reliable.,"[{""label"": ""Chapter 7. PANAWE"", ""book"": """", ""chapter"": 7, ""title"": ""PANAWE"", ""source_id"": ""S01"", ""url"": ""https://www.gutenberg.org/cache/epub/1329/pg1329-images.html#link2HCH0007"", ""note"": """"}, {""label"": ""Chapter 8. THE LUSION PLAIN"", ""book"": """", ""chapter"": 8, ""title"": ""THE LUSION PLAIN"", ""source_id"": ""S01"", ""url"": ""https://www.gutenberg.org/cache/epub/1329/pg1329-images.html#link2HCH0008"", ""note"": """"}, {""label"": ""Chapter 9. OCEAXE"", ""book"": """", ""chapter"": 9, ""title"": ""OCEAXE"", ""source_id"": ""S01"", ""url"": ""https://www.gutenberg.org/cache/epub/1329/pg1329-images.html#link2HCH0009"", ""note"": """"}, {""label"": ""Chapter 10. TYDOMIN"", ""book"": """", ""chapter"": 10, ""title"": ""TYDOMIN"", ""source_id"": ""S01"", ""url"": ""https://www.gutenberg.org/cache/epub/1329/pg1329-images.html#link2HCH0010"", ""note"": """"}]","[""S01""]",,"[""G03"", ""G16""]",[],[],,,,,,,,,,"{""id"": ""P04"", ""title"": ""Sorb"", ""name"": ""Sorb"", ""category"": ""props"", ""subcategory"": ""sensory-organ"", ""canon_status"": ""novel_fact"", ""description"": ""Will-associated forehead eye that treats the world according to personal needs and can impose transformations or domination."", ""visual_facts"": ""Single third eye on the brow."", ""game_adaptation"": ""Basis for clear projection/echo motifs; player input remains reliable."", ""notes"": """", ""aliases"": [], ""source_ids"": [""S01""], ""chapter_refs"": [{""label"": ""Chapter 7. PANAWE"", ""book"": """", ""chapter"": 7, ""title"": ""PANAWE"", ""source_id"": ""S01"", ""url"": ""https://www.gutenberg.org/cache/epub/1329/pg1329-images.html#link2HCH0007"", ""note"": """"}, {""label"": ""Chapter 8. THE LUSION PLAIN"", ""book"": """", ""chapter"": 8, ""title"": ""THE LUSION PLAIN"", ""source_id"": ""S01"", ""url"": ""https://www.gutenberg.org/cache/epub/1329/pg1329-images.html#link2HCH0008"", ""note"": """"}, {""label"": ""Chapter 9. OCEAXE"", ""book"": """", ""chapter"": 9, ""title"": ""OCEAXE"", ""source_id"": ""S01"", ""url"": ""https://www.gutenberg.org/cache/epub/1329/pg1329-images.html#link2HCH0009"", ""note"": """"}, {""label"": ""Chapter 10. TYDOMIN"", ""book"": """", ""chapter"": 10, ""title"": ""TYDOMIN"", ""source_id"": ""S01"", ""url"": ""https://www.gutenberg.org/cache/epub/1329/pg1329-images.html#link2HCH0010"", ""note"": """"}], ""tags"": [], ""related_entity_ids"": [], ""artwork_ids"": [""G03"", ""G16""], ""level_ids"": []}"
P05,entity,Ifdawn third arm,props,sensory-organ,,novel_fact,"Magn develops into a muscular arm arising from the breast, strengthening security and passionate contact.","Optional character variant, not a mandatory extra attack button.","[{""label"": ""Chapter 8. THE LUSION PLAIN"", ""book"": """", ""chapter"": 8, ""title"": ""THE LUSION PLAIN"", ""source_id"": ""S01"", ""url"": ""https://www.gutenberg.org/cache/epub/1329/pg1329-images.html#link2HCH0008"", ""note"": """"}, {""label"": ""Chapter 9. OCEAXE"", ""book"": """", ""chapter"": 9, ""title"": ""OCEAXE"", ""source_id"": ""S01"", ""url"": ""https://www.gutenberg.org/cache/epub/1329/pg1329-images.html#link2HCH0009"", ""note"": """"}, {""label"": ""Chapter 13. THE WOMBFLASH FOREST"", ""book"": """", ""chapter"": 13, ""title"": ""THE WOMBFLASH FOREST"", ""source_id"": ""S01"", ""url"": ""https://www.gutenberg.org/cache/epub/1329/pg1329-images.html#link2HCH0013"", ""note"": """"}]","[""S01""]",,"[""G03"", ""G16""]",[],[],,,,,,,,,,"{""id"": ""P05"", ""title"": ""Ifdawn third arm"", ""name"": ""Ifdawn third arm"", ""category"": ""props"", ""subcategory"": ""sensory-organ"", ""canon_status"": ""novel_fact"", ""description"": ""Magn develops into a muscular arm arising from the breast, strengthening security and passionate contact."", ""visual_facts"": ""Chest-origin third arm and hand."", ""game_adaptation"": ""Optional character variant, not a mandatory extra attack button."", ""notes"": """", ""aliases"": [], ""source_ids"": [""S01""], ""chapter_refs"": [{""label"": ""Chapter 8. THE LUSION PLAIN"", ""book"": """", ""chapter"": 8, ""title"": ""THE LUSION PLAIN"", ""source_id"": ""S01"", ""url"": ""https://www.gutenberg.org/cache/epub/1329/pg1329-images.html#link2HCH0008"", ""note"": """"}, {""label"": ""Chapter 9. OCEAXE"", ""book"": """", ""chapter"": 9, ""title"": ""OCEAXE"", ""source_id"": ""S01"", ""url"": ""https://www.gutenberg.org/cache/epub/1329/pg1329-images.html#link2HCH0009"", ""note"": """"}, {""label"": ""Chapter 13. THE WOMBFLASH FOREST"", ""book"": """", ""chapter"": 13, ""title"": ""THE WOMBFLASH FOREST"", ""source_id"": ""S01"", ""url"": ""https://www.gutenberg.org/cache/epub/1329/pg1329-images.html#link2HCH0013"", ""note"": """"}], ""tags"": [], ""related_entity_ids"": [], ""artwork_ids"": [""G03"", ""G16""], ""level_ids"": []}"
P06,entity,Sant probes and membranes,props,sensory-organ,,novel_fact,Spadevil transforms the sorb into double forehead membranes; Catice possesses a single one. Maskull’s judgment changes with these faculties.,Lore/portrait variants. Do not grant permanent damage progression.,"[{""label"": ""Chapter 11. ON DISSCOURN"", ""book"": """", ""chapter"": 11, ""title"": ""ON DISSCOURN"", ""source_id"": ""S01"", ""url"": ""https://www.gutenberg.org/cache/epub/1329/pg1329-images.html#link2HCH0011"", ""note"": """"}, {""label"": ""Chapter 12. SPADEVIL"", ""book"": """", ""chapter"": 12, ""title"": ""SPADEVIL"", ""source_id"": ""S01"", ""url"": ""https://www.gutenberg.org/cache/epub/1329/pg1329-images.html#link2HCH0012"", ""note"": """"}, {""label"": ""Chapter 13. THE WOMBFLASH FOREST"", ""book"": """", ""chapter"": 13, ""title"": ""THE WOMBFLASH FOREST"", ""source_id"": ""S01"", ""url"": ""https://www.gutenberg.org/cache/epub/1329/pg1329-images.html#link2HCH0013"", ""note"": """"}]","[""S01""]",,[],[],[],,,,,,,,,,"{""id"": ""P06"", ""title"": ""Sant probes and membranes"", ""name"": ""Sant probes and membranes"", ""category"": ""props"", ""subcategory"": ""sensory-organ"", ""canon_status"": ""novel_fact"", ""description"": ""Spadevil transforms the sorb into double forehead membranes; Catice possesses a single one. Maskull’s judgment changes with these faculties."", ""visual_facts"": ""Flat rudimentary-eye membranes or projecting probes on the forehead."", ""game_adaptation"": ""Lore/portrait variants. Do not grant permanent damage progression."", ""notes"": """", ""aliases"": [], ""source_ids"": [""S01""], ""chapter_refs"": [{""label"": ""Chapter 11. ON DISSCOURN"", ""book"": """", ""chapter"": 11, ""title"": ""ON DISSCOURN"", ""source_id"": ""S01"", ""url"": ""https://www.gutenberg.org/cache/epub/1329/pg1329-images.html#link2HCH0011"", ""note"": """"}, {""label"": ""Chapter 12. SPADEVIL"", ""book"": """", ""chapter"": 12, ""title"": ""SPADEVIL"", ""source_id"": ""S01"", ""url"": ""https://www.gutenberg.org/cache/epub/1329/pg1329-images.html#link2HCH0012"", ""note"": """"}, {""label"": ""Chapter 13. THE WOMBFLASH FOREST"", ""book"": """", ""chapter"": 13, ""title"": ""THE WOMBFLASH FOREST"", ""source_id"": ""S01"", ""url"": ""https://www.gutenberg.org/cache/epub/1329/pg1329-images.html#link2HCH0013"", ""note"": """"}], ""tags"": [], ""related_entity_ids"": [], ""artwork_ids"": [], ""level_ids"": []}"
P07,entity,Wombflash third eye,props,sensory-organ,,novel_fact,"After Sant, Maskull again has a third forehead eye whose use he initially cannot identify. It is distinct from the earlier sorb in his uncertain understanding.",Sensory storytelling; avoid calling every forehead eye a sorb.,"[{""label"": ""Chapter 13. THE WOMBFLASH FOREST"", ""book"": """", ""chapter"": 13, ""title"": ""THE WOMBFLASH FOREST"", ""source_id"": ""S01"", ""url"": ""https://www.gutenberg.org/cache/epub/1329/pg1329-images.html#link2HCH0013"", ""note"": """"}, {""label"": ""Chapter 14. POLECRAB"", ""book"": """", ""chapter"": 14, ""title"": ""POLECRAB"", ""source_id"": ""S01"", ""url"": ""https://www.gutenberg.org/cache/epub/1329/pg1329-images.html#link2HCH0014"", ""note"": """"}, {""label"": ""Chapter 15. SWAYLONE’S ISLAND"", ""book"": """", ""chapter"": 15, ""title"": ""SWAYLONE’S ISLAND"", ""source_id"": ""S01"", ""url"": ""https://www.gutenberg.org/cache/epub/1329/pg1329-images.html#link2HCH0015"", ""note"": """"}]","[""S01""]",,"[""G02"", ""G16""]",[],[],,,,,,,,,,"{""id"": ""P07"", ""title"": ""Wombflash third eye"", ""name"": ""Wombflash third eye"", ""category"": ""props"", ""subcategory"": ""sensory-organ"", ""canon_status"": ""novel_fact"", ""description"": ""After Sant, Maskull again has a third forehead eye whose use he initially cannot identify. It is distinct from the earlier sorb in his uncertain understanding."", ""visual_facts"": ""Forehead eye and nerveless third arm."", ""game_adaptation"": ""Sensory storytelling; avoid calling every forehead eye a sorb."", ""notes"": """", ""aliases"": [], ""source_ids"": [""S01""], ""chapter_refs"": [{""label"": ""Chapter 13. THE WOMBFLASH FOREST"", ""book"": """", ""chapter"": 13, ""title"": ""THE WOMBFLASH FOREST"", ""source_id"": ""S01"", ""url"": ""https://www.gutenberg.org/cache/epub/1329/pg1329-images.html#link2HCH0013"", ""note"": """"}, {""label"": ""Chapter 14. POLECRAB"", ""book"": """", ""chapter"": 14, ""title"": ""POLECRAB"", ""source_id"": ""S01"", ""url"": ""https://www.gutenberg.org/cache/epub/1329/pg1329-images.html#link2HCH0014"", ""note"": """"}, {""label"": ""Chapter 15. SWAYLONE’S ISLAND"", ""book"": """", ""chapter"": 15, ""title"": ""SWAYLONE’S ISLAND"", ""source_id"": ""S01"", ""url"": ""https://www.gutenberg.org/cache/epub/1329/pg1329-images.html#link2HCH0015"", ""note"": """"}], ""tags"": [], ""related_entity_ids"": [], ""artwork_ids"": [""G02"", ""G16""], ""level_ids"": []}"
P08,entity,Hator’s Trifork,props,ritual-object,,novel_fact,"Hator’s three-forked symbol marks the route to Sant. Spadevil interprets stem and branches as hatred of pleasure, disentanglement, power and the cold glow of ascetic practice. Catice carries a smaller version.",Boss candidate telegraph silhouette; not a farmable weapon tier.,"[{""label"": ""Chapter 11. ON DISSCOURN"", ""book"": """", ""chapter"": 11, ""title"": ""ON DISSCOURN"", ""source_id"": ""S01"", ""url"": ""https://www.gutenberg.org/cache/epub/1329/pg1329-images.html#link2HCH0011"", ""note"": ""Large route marker and Hator’s symbol.""}, {""label"": ""Chapter 12. SPADEVIL"", ""book"": """", ""chapter"": 12, ""title"": ""SPADEVIL"", ""source_id"": ""S01"", ""url"": ""https://www.gutenberg.org/cache/epub/1329/pg1329-images.html#link2HCH0012"", ""note"": """"}]","[""S01""]",,"[""G17""]",[],[],The symbol and its doctrinal interpretation are given in chapters 11–12; Catice’s carried implement is not an independent weapon-upgrade tier.,,,,,,,,,"{""id"": ""P08"", ""title"": ""Hator’s Trifork"", ""name"": ""Hator’s Trifork"", ""category"": ""props"", ""subcategory"": ""ritual-object"", ""canon_status"": ""novel_fact"", ""description"": ""Hator’s three-forked symbol marks the route to Sant. Spadevil interprets stem and branches as hatred of pleasure, disentanglement, power and the cold glow of ascetic practice. Catice carries a smaller version."", ""visual_facts"": ""Plain forked ritual tool, austerely scaled to his body."", ""game_adaptation"": ""Boss candidate telegraph silhouette; not a farmable weapon tier."", ""notes"": ""The symbol and its doctrinal interpretation are given in chapters 11–12; Catice’s carried implement is not an independent weapon-upgrade tier."", ""aliases"": [], ""source_ids"": [""S01""], ""chapter_refs"": [{""label"": ""Chapter 11. ON DISSCOURN"", ""book"": """", ""chapter"": 11, ""title"": ""ON DISSCOURN"", ""source_id"": ""S01"", ""url"": ""https://www.gutenberg.org/cache/epub/1329/pg1329-images.html#link2HCH0011"", ""note"": ""Large route marker and Hator’s symbol.""}, {""label"": ""Chapter 12. SPADEVIL"", ""book"": """", ""chapter"": 12, ""title"": ""SPADEVIL"", ""source_id"": ""S01"", ""url"": ""https://www.gutenberg.org/cache/epub/1329/pg1329-images.html#link2HCH0012"", ""note"": """"}], ""tags"": [], ""related_entity_ids"": [], ""artwork_ids"": [""G17""], ""level_ids"": []}"
P09,entity,"Ulfire, jale and dolm",props,color-system,,novel_fact,Ulfire and jale are additional primary colors described through emotional analogy; dolm combines ulfire and blue. Two sun-derived sets share blue.,Any RGB palette is interpretive representation; never promise literally to display new primary colors.,"[{""label"": ""Chapter 6. JOIWIND"", ""book"": """", ""chapter"": 6, ""title"": ""JOIWIND"", ""source_id"": ""S01"", ""url"": ""https://www.gutenberg.org/cache/epub/1329/pg1329-images.html#link2HCH0006"", ""note"": """"}, {""label"": ""Chapter 18. HAUNTE"", ""book"": """", ""chapter"": 18, ""title"": ""HAUNTE"", ""source_id"": ""S01"", ""url"": ""https://www.gutenberg.org/cache/epub/1329/pg1329-images.html#link2HCH0018"", ""note"": """"}, {""label"": ""Chapter 20. BAREY"", ""book"": """", ""chapter"": 20, ""title"": ""BAREY"", ""source_id"": ""S01"", ""url"": ""https://www.gutenberg.org/cache/epub/1329/pg1329-images.html#link2HCH0020"", ""note"": """"}]","[""S01""]",,"[""G05"", ""G16""]",[],[],,,,,,,,,,"{""id"": ""P09"", ""title"": ""Ulfire, jale and dolm"", ""name"": ""Ulfire, jale and dolm"", ""category"": ""props"", ""subcategory"": ""color-system"", ""canon_status"": ""novel_fact"", ""description"": ""Ulfire and jale are additional primary colors described through emotional analogy; dolm combines ulfire and blue. Two sun-derived sets share blue."", ""visual_facts"": ""Ulfire is wild/painful by analogy; jale dreamlike/feverish/voluptuous; dolm appears in Haunte’s skin."", ""game_adaptation"": ""Any RGB palette is interpretive representation; never promise literally to display new primary colors."", ""notes"": """", ""aliases"": [], ""source_ids"": [""S01""], ""chapter_refs"": [{""label"": ""Chapter 6. JOIWIND"", ""book"": """", ""chapter"": 6, ""title"": ""JOIWIND"", ""source_id"": ""S01"", ""url"": ""https://www.gutenberg.org/cache/epub/1329/pg1329-images.html#link2HCH0006"", ""note"": """"}, {""label"": ""Chapter 18. HAUNTE"", ""book"": """", ""chapter"": 18, ""title"": ""HAUNTE"", ""source_id"": ""S01"", ""url"": ""https://www.gutenberg.org/cache/epub/1329/pg1329-images.html#link2HCH0018"", ""note"": """"}, {""label"": ""Chapter 20. BAREY"", ""book"": """", ""chapter"": 20, ""title"": ""BAREY"", ""source_id"": ""S01"", ""url"": ""https://www.gutenberg.org/cache/epub/1329/pg1329-images.html#link2HCH0020"", ""note"": """"}], ""tags"": [], ""related_entity_ids"": [], ""artwork_ids"": [""G05"", ""G16""], ""level_ids"": []}"
P10,entity,Changing skin and contrasting blood,props,body-material,,novel_fact,Tormance skin often shifts with emotion. Joiwind’s blood is milky and opalescent; Maskull’s red Earth blood is initially too heavy for the world.,"Character-material reference, not blood exchange as health farming.","[{""label"": ""Chapter 6. JOIWIND"", ""book"": """", ""chapter"": 6, ""title"": ""JOIWIND"", ""source_id"": ""S01"", ""url"": ""https://www.gutenberg.org/cache/epub/1329/pg1329-images.html#link2HCH0006"", ""note"": """"}, {""label"": ""Chapter 7. PANAWE"", ""book"": """", ""chapter"": 7, ""title"": ""PANAWE"", ""source_id"": ""S01"", ""url"": ""https://www.gutenberg.org/cache/epub/1329/pg1329-images.html#link2HCH0007"", ""note"": """"}, {""label"": ""Chapter 10. TYDOMIN"", ""book"": """", ""chapter"": 10, ""title"": ""TYDOMIN"", ""source_id"": ""S01"", ""url"": ""https://www.gutenberg.org/cache/epub/1329/pg1329-images.html#link2HCH0010"", ""note"": """"}]","[""S01""]",,"[""G16""]",[],[],,,,,,,,,,"{""id"": ""P10"", ""title"": ""Changing skin and contrasting blood"", ""name"": ""Changing skin and contrasting blood"", ""category"": ""props"", ""subcategory"": ""body-material"", ""canon_status"": ""novel_fact"", ""description"": ""Tormance skin often shifts with emotion. Joiwind’s blood is milky and opalescent; Maskull’s red Earth blood is initially too heavy for the world."", ""visual_facts"": ""Soft opalescence contrasted with red Earth blood."", ""game_adaptation"": ""Character-material reference, not blood exchange as health farming."", ""notes"": """", ""aliases"": [], ""source_ids"": [""S01""], ""chapter_refs"": [{""label"": ""Chapter 6. JOIWIND"", ""book"": """", ""chapter"": 6, ""title"": ""JOIWIND"", ""source_id"": ""S01"", ""url"": ""https://www.gutenberg.org/cache/epub/1329/pg1329-images.html#link2HCH0006"", ""note"": """"}, {""label"": ""Chapter 7. PANAWE"", ""book"": """", ""chapter"": 7, ""title"": ""PANAWE"", ""source_id"": ""S01"", ""url"": ""https://www.gutenberg.org/cache/epub/1329/pg1329-images.html#link2HCH0007"", ""note"": """"}, {""label"": ""Chapter 10. TYDOMIN"", ""book"": """", ""chapter"": 10, ""title"": ""TYDOMIN"", ""source_id"": ""S01"", ""url"": ""https://www.gutenberg.org/cache/epub/1329/pg1329-images.html#link2HCH0010"", ""note"": """"}], ""tags"": [], ""related_entity_ids"": [], ""artwork_ids"": [""G16""], ""level_ids"": []}"
P11,entity,Crystal trees and shrubs,props,flora,,novel_fact,Poolingdred contains a black-trunked shrine tree with transparent leaves and crystalline plant forms with colored blossoms.,Scenery landmark. Crystal appearance does not itself prove allegiance to Crystalman.,"[{""label"": ""Chapter 6. JOIWIND"", ""book"": """", ""chapter"": 6, ""title"": ""JOIWIND"", ""source_id"": ""S01"", ""url"": ""https://www.gutenberg.org/cache/epub/1329/pg1329-images.html#link2HCH0006"", ""note"": """"}, {""label"": ""Chapter 7. PANAWE"", ""book"": """", ""chapter"": 7, ""title"": ""PANAWE"", ""source_id"": ""S01"", ""url"": ""https://www.gutenberg.org/cache/epub/1329/pg1329-images.html#link2HCH0007"", ""note"": """"}]","[""S01""]",,"[""G17""]",[],[],,,,,,,,,,"{""id"": ""P11"", ""title"": ""Crystal trees and shrubs"", ""name"": ""Crystal trees and shrubs"", ""category"": ""props"", ""subcategory"": ""flora"", ""canon_status"": ""novel_fact"", ""description"": ""Poolingdred contains a black-trunked shrine tree with transparent leaves and crystalline plant forms with colored blossoms."", ""visual_facts"": ""Black branches, clear crystalline leaves and jale blossoms."", ""game_adaptation"": ""Scenery landmark. Crystal appearance does not itself prove allegiance to Crystalman."", ""notes"": """", ""aliases"": [], ""source_ids"": [""S01""], ""chapter_refs"": [{""label"": ""Chapter 6. JOIWIND"", ""book"": """", ""chapter"": 6, ""title"": ""JOIWIND"", ""source_id"": ""S01"", ""url"": ""https://www.gutenberg.org/cache/epub/1329/pg1329-images.html#link2HCH0006"", ""note"": """"}, {""label"": ""Chapter 7. PANAWE"", ""book"": """", ""chapter"": 7, ""title"": ""PANAWE"", ""source_id"": ""S01"", ""url"": ""https://www.gutenberg.org/cache/epub/1329/pg1329-images.html#link2HCH0007"", ""note"": """"}], ""tags"": [], ""related_entity_ids"": [], ""artwork_ids"": [""G17""], ""level_ids"": []}"
P12,entity,Crystal torpedo,props,transport,,novel_fact,Krag’s departure machine is a crystal torpedo used to carry the three travellers through space by exploiting extraordinary rays.,Journal/cinematic prop; no vehicle level required.,"[{""label"": ""Chapter 3. STARKNESS"", ""book"": """", ""chapter"": 3, ""title"": ""STARKNESS"", ""source_id"": ""S01"", ""url"": ""https://www.gutenberg.org/cache/epub/1329/pg1329-images.html#link2HCH0003"", ""note"": """"}, {""label"": ""Chapter 5. THE NIGHT OF DEPARTURE"", ""book"": """", ""chapter"": 5, ""title"": ""THE NIGHT OF DEPARTURE"", ""source_id"": ""S01"", ""url"": ""https://www.gutenberg.org/cache/epub/1329/pg1329-images.html#link2HCH0005"", ""note"": """"}]","[""S01""]",,[],[],[],,,,,,,,,,"{""id"": ""P12"", ""title"": ""Crystal torpedo"", ""name"": ""Crystal torpedo"", ""category"": ""props"", ""subcategory"": ""transport"", ""canon_status"": ""novel_fact"", ""description"": ""Krag’s departure machine is a crystal torpedo used to carry the three travellers through space by exploiting extraordinary rays."", ""visual_facts"": ""Transparent crystal craft and confined traveller arrangement."", ""game_adaptation"": ""Journal/cinematic prop; no vehicle level required."", ""notes"": """", ""aliases"": [], ""source_ids"": [""S01""], ""chapter_refs"": [{""label"": ""Chapter 3. STARKNESS"", ""book"": """", ""chapter"": 3, ""title"": ""STARKNESS"", ""source_id"": ""S01"", ""url"": ""https://www.gutenberg.org/cache/epub/1329/pg1329-images.html#link2HCH0003"", ""note"": """"}, {""label"": ""Chapter 5. THE NIGHT OF DEPARTURE"", ""book"": """", ""chapter"": 5, ""title"": ""THE NIGHT OF DEPARTURE"", ""source_id"": ""S01"", ""url"": ""https://www.gutenberg.org/cache/epub/1329/pg1329-images.html#link2HCH0005"", ""note"": """"}], ""tags"": [], ""related_entity_ids"": [], ""artwork_ids"": [], ""level_ids"": []}"
P13,entity,Solar back rays,props,apparatus,,novel_fact,The Starkness apparatus distinguishes light’s outward rays from return rays; the last revelation relates this distinction to Muspel’s spirit and its imprisonment.,"Foreshadowing motif, not real astronomical science.","[{""label"": ""Chapter 3. STARKNESS"", ""book"": """", ""chapter"": 3, ""title"": ""STARKNESS"", ""source_id"": ""S01"", ""url"": ""https://www.gutenberg.org/cache/epub/1329/pg1329-images.html#link2HCH0003"", ""note"": """"}, {""label"": ""Chapter 5. THE NIGHT OF DEPARTURE"", ""book"": """", ""chapter"": 5, ""title"": ""THE NIGHT OF DEPARTURE"", ""source_id"": ""S01"", ""url"": ""https://www.gutenberg.org/cache/epub/1329/pg1329-images.html#link2HCH0005"", ""note"": """"}, {""label"": ""Chapter 21. MUSPEL"", ""book"": """", ""chapter"": 21, ""title"": ""MUSPEL"", ""source_id"": ""S01"", ""url"": ""https://www.gutenberg.org/cache/epub/1329/pg1329-images.html#link2HCH0021"", ""note"": """"}]","[""S01""]",,[],[],[],,,,,,,,,,"{""id"": ""P13"", ""title"": ""Solar back rays"", ""name"": ""Solar back rays"", ""category"": ""props"", ""subcategory"": ""apparatus"", ""canon_status"": ""novel_fact"", ""description"": ""The Starkness apparatus distinguishes light’s outward rays from return rays; the last revelation relates this distinction to Muspel’s spirit and its imprisonment."", ""visual_facts"": ""Flasks and unusual light apparatus; final green corpuscles/white whirls are visionary."", ""game_adaptation"": ""Foreshadowing motif, not real astronomical science."", ""notes"": """", ""aliases"": [], ""source_ids"": [""S01""], ""chapter_refs"": [{""label"": ""Chapter 3. STARKNESS"", ""book"": """", ""chapter"": 3, ""title"": ""STARKNESS"", ""source_id"": ""S01"", ""url"": ""https://www.gutenberg.org/cache/epub/1329/pg1329-images.html#link2HCH0003"", ""note"": """"}, {""label"": ""Chapter 5. THE NIGHT OF DEPARTURE"", ""book"": """", ""chapter"": 5, ""title"": ""THE NIGHT OF DEPARTURE"", ""source_id"": ""S01"", ""url"": ""https://www.gutenberg.org/cache/epub/1329/pg1329-images.html#link2HCH0005"", ""note"": """"}, {""label"": ""Chapter 21. MUSPEL"", ""book"": """", ""chapter"": 21, ""title"": ""MUSPEL"", ""source_id"": ""S01"", ""url"": ""https://www.gutenberg.org/cache/epub/1329/pg1329-images.html#link2HCH0021"", ""note"": """"}], ""tags"": [], ""related_entity_ids"": [], ""artwork_ids"": [], ""level_ids"": []}"
P14,entity,Surtur’s drumming,props,sound-motif,,novel_fact,"Drumlike throbbing is first heard at the Gap of Sorgie, then calls through the forest and Ocean. Krag explains regular rhythm as the effect of passage through Crystalman’s atmosphere.",Audio can reinforce visible warnings; do not invent a literal drum shrine and label it canon.,"[{""label"": ""Chapter 4. THE VOICE"", ""book"": """", ""chapter"": 4, ""title"": ""THE VOICE"", ""source_id"": ""S01"", ""url"": ""https://www.gutenberg.org/cache/epub/1329/pg1329-images.html#link2HCH0004"", ""note"": ""Earth-frame foreshadowing: Drum Taps of Sorgie.""}, {""label"": ""Chapter 13. THE WOMBFLASH FOREST"", ""book"": """", ""chapter"": 13, ""title"": ""THE WOMBFLASH FOREST"", ""source_id"": ""S01"", ""url"": ""https://www.gutenberg.org/cache/epub/1329/pg1329-images.html#link2HCH0013"", ""note"": """"}, {""label"": ""Chapter 14. POLECRAB"", ""book"": """", ""chapter"": 14, ""title"": ""POLECRAB"", ""source_id"": ""S01"", ""url"": ""https://www.gutenberg.org/cache/epub/1329/pg1329-images.html#link2HCH0014"", ""note"": """"}, {""label"": ""Chapter 20. BAREY"", ""book"": """", ""chapter"": 20, ""title"": ""BAREY"", ""source_id"": ""S01"", ""url"": ""https://www.gutenberg.org/cache/epub/1329/pg1329-images.html#link2HCH0020"", ""note"": """"}, {""label"": ""Chapter 21. MUSPEL"", ""book"": """", ""chapter"": 21, ""title"": ""MUSPEL"", ""source_id"": ""S01"", ""url"": ""https://www.gutenberg.org/cache/epub/1329/pg1329-images.html#link2HCH0021"", ""note"": """"}]","[""S01""]",,"[""G17""]",[],[],,,,,,,,,,"{""id"": ""P14"", ""title"": ""Surtur’s drumming"", ""name"": ""Surtur’s drumming"", ""category"": ""props"", ""subcategory"": ""sound-motif"", ""canon_status"": ""novel_fact"", ""description"": ""Drumlike throbbing is first heard at the Gap of Sorgie, then calls through the forest and Ocean. Krag explains regular rhythm as the effect of passage through Crystalman’s atmosphere."", ""visual_facts"": ""A sound motif rather than a visible canonical drum object."", ""game_adaptation"": ""Audio can reinforce visible warnings; do not invent a literal drum shrine and label it canon."", ""notes"": """", ""aliases"": [], ""source_ids"": [""S01""], ""chapter_refs"": [{""label"": ""Chapter 4. THE VOICE"", ""book"": """", ""chapter"": 4, ""title"": ""THE VOICE"", ""source_id"": ""S01"", ""url"": ""https://www.gutenberg.org/cache/epub/1329/pg1329-images.html#link2HCH0004"", ""note"": ""Earth-frame foreshadowing: Drum Taps of Sorgie.""}, {""label"": ""Chapter 13. THE WOMBFLASH FOREST"", ""book"": """", ""chapter"": 13, ""title"": ""THE WOMBFLASH FOREST"", ""source_id"": ""S01"", ""url"": ""https://www.gutenberg.org/cache/epub/1329/pg1329-images.html#link2HCH0013"", ""note"": """"}, {""label"": ""Chapter 14. POLECRAB"", ""book"": """", ""chapter"": 14, ""title"": ""POLECRAB"", ""source_id"": ""S01"", ""url"": ""https://www.gutenberg.org/cache/epub/1329/pg1329-images.html#link2HCH0014"", ""note"": """"}, {""label"": ""Chapter 20. BAREY"", ""book"": """", ""chapter"": 20, ""title"": ""BAREY"", ""source_id"": ""S01"", ""url"": ""https://www.gutenberg.org/cache/epub/1329/pg1329-images.html#link2HCH0020"", ""note"": """"}, {""label"": ""Chapter 21. MUSPEL"", ""book"": """", ""chapter"": 21, ""title"": ""MUSPEL"", ""source_id"": ""S01"", ""url"": ""https://www.gutenberg.org/cache/epub/1329/pg1329-images.html#link2HCH0021"", ""note"": """"}], ""tags"": [], ""related_entity_ids"": [], ""artwork_ids"": [""G17""], ""level_ids"": []}"
P15,entity,Shell horn and pole raft,props,shore-props,,novel_fact,Polecrab uses a shell to call his sons and a crude pole to propel the raft across the creek/sea.,Peaceful shore kit; no new navigation controls.,"[{""label"": ""Chapter 14. POLECRAB"", ""book"": """", ""chapter"": 14, ""title"": ""POLECRAB"", ""source_id"": ""S01"", ""url"": ""https://www.gutenberg.org/cache/epub/1329/pg1329-images.html#link2HCH0014"", ""note"": """"}, {""label"": ""Chapter 15. SWAYLONE’S ISLAND"", ""book"": """", ""chapter"": 15, ""title"": ""SWAYLONE’S ISLAND"", ""source_id"": ""S01"", ""url"": ""https://www.gutenberg.org/cache/epub/1329/pg1329-images.html#link2HCH0015"", ""note"": """"}]","[""S01""]",,"[""G07"", ""G17""]",[],[],,,,,,,,,,"{""id"": ""P15"", ""title"": ""Shell horn and pole raft"", ""name"": ""Shell horn and pole raft"", ""category"": ""props"", ""subcategory"": ""shore-props"", ""canon_status"": ""novel_fact"", ""description"": ""Polecrab uses a shell to call his sons and a crude pole to propel the raft across the creek/sea."", ""visual_facts"": ""Seashell horn, rough floating platform and pole."", ""game_adaptation"": ""Peaceful shore kit; no new navigation controls."", ""notes"": """", ""aliases"": [], ""source_ids"": [""S01""], ""chapter_refs"": [{""label"": ""Chapter 14. POLECRAB"", ""book"": """", ""chapter"": 14, ""title"": ""POLECRAB"", ""source_id"": ""S01"", ""url"": ""https://www.gutenberg.org/cache/epub/1329/pg1329-images.html#link2HCH0014"", ""note"": """"}, {""label"": ""Chapter 15. SWAYLONE’S ISLAND"", ""book"": """", ""chapter"": 15, ""title"": ""SWAYLONE’S ISLAND"", ""source_id"": ""S01"", ""url"": ""https://www.gutenberg.org/cache/epub/1329/pg1329-images.html#link2HCH0015"", ""note"": """"}], ""tags"": [], ""related_entity_ids"": [], ""artwork_ids"": [""G07"", ""G17""], ""level_ids"": []}"
P16,entity,Irontick ripple instrument,props,music-object,,novel_fact,"Earthrid’s instrument is the lake itself, not a violin or keyboard; its disturbed water creates the music.",Represented by clearly outlined combat pulses in an alternate encounter; attack timing remains reaction-based.,"[{""label"": ""Chapter 15. SWAYLONE’S ISLAND"", ""book"": """", ""chapter"": 15, ""title"": ""SWAYLONE’S ISLAND"", ""source_id"": ""S01"", ""url"": ""https://www.gutenberg.org/cache/epub/1329/pg1329-images.html#link2HCH0015"", ""note"": """"}]","[""S01""]",,"[""G07""]",[],[],,,,,,,,,,"{""id"": ""P16"", ""title"": ""Irontick ripple instrument"", ""name"": ""Irontick ripple instrument"", ""category"": ""props"", ""subcategory"": ""music-object"", ""canon_status"": ""novel_fact"", ""description"": ""Earthrid’s instrument is the lake itself, not a violin or keyboard; its disturbed water creates the music."", ""visual_facts"": ""Circular reflective water, beats made with hands/feet, increasingly complex waves."", ""game_adaptation"": ""Represented by clearly outlined combat pulses in an alternate encounter; attack timing remains reaction-based."", ""notes"": """", ""aliases"": [], ""source_ids"": [""S01""], ""chapter_refs"": [{""label"": ""Chapter 15. SWAYLONE’S ISLAND"", ""book"": """", ""chapter"": 15, ""title"": ""SWAYLONE’S ISLAND"", ""source_id"": ""S01"", ""url"": ""https://www.gutenberg.org/cache/epub/1329/pg1329-images.html#link2HCH0015"", ""note"": """"}], ""tags"": [], ""related_entity_ids"": [], ""artwork_ids"": [""G07""], ""level_ids"": []}"
P17,entity,Moon-directed plant-animal,props,creature,,novel_fact,An upright floating living tree has a crown ring of eyelike membranes responding to moonlight. Maskull masks parts of it with leaves to steer toward Matterplay.,Ecology/concept prop; transport sequence can remain a transition.,"[{""label"": ""Chapter 16. LEEHALLFAE"", ""book"": """", ""chapter"": 16, ""title"": ""LEEHALLFAE"", ""source_id"": ""S01"", ""url"": ""https://www.gutenberg.org/cache/epub/1329/pg1329-images.html#link2HCH0016"", ""note"": """"}]","[""S01""]",,"[""G07""]",[],[],,,,,,,,,,"{""id"": ""P17"", ""title"": ""Moon-directed plant-animal"", ""name"": ""Moon-directed plant-animal"", ""category"": ""props"", ""subcategory"": ""creature"", ""canon_status"": ""novel_fact"", ""description"": ""An upright floating living tree has a crown ring of eyelike membranes responding to moonlight. Maskull masks parts of it with leaves to steer toward Matterplay."", ""visual_facts"": ""Thirty feet above water, seaweedlike leaves, enormous roots and headlike crown."", ""game_adaptation"": ""Ecology/concept prop; transport sequence can remain a transition."", ""notes"": """", ""aliases"": [], ""source_ids"": [""S01""], ""chapter_refs"": [{""label"": ""Chapter 16. LEEHALLFAE"", ""book"": """", ""chapter"": 16, ""title"": ""LEEHALLFAE"", ""source_id"": ""S01"", ""url"": ""https://www.gutenberg.org/cache/epub/1329/pg1329-images.html#link2HCH0016"", ""note"": """"}], ""tags"": [], ""related_entity_ids"": [], ""artwork_ids"": [""G07""], ""level_ids"": []}"
P18,entity,"Male stones, protecting light and skin boat",props,Lichstorm-props,,novel_fact,Haunte’s boat is supported by male stones; his protecting light guards him from women. Maskull’s theft of that light precedes Haunte’s fatal kiss.,Reference props; flight and boat-steering are not included in the ground-only campaign.,"[{""label"": ""Chapter 18. HAUNTE"", ""book"": """", ""chapter"": 18, ""title"": ""HAUNTE"", ""source_id"": ""S01"", ""url"": ""https://www.gutenberg.org/cache/epub/1329/pg1329-images.html#link2HCH0018"", ""note"": """"}, {""label"": ""Chapter 19. SULLENBODE"", ""book"": """", ""chapter"": 19, ""title"": ""SULLENBODE"", ""source_id"": ""S01"", ""url"": ""https://www.gutenberg.org/cache/epub/1329/pg1329-images.html#link2HCH0019"", ""note"": """"}]","[""S01""]",,"[""G04"", ""G17""]",[],[],,,,,,,,,,"{""id"": ""P18"", ""title"": ""Male stones, protecting light and skin boat"", ""name"": ""Male stones, protecting light and skin boat"", ""category"": ""props"", ""subcategory"": ""Lichstorm-props"", ""canon_status"": ""novel_fact"", ""description"": ""Haunte’s boat is supported by male stones; his protecting light guards him from women. Maskull’s theft of that light precedes Haunte’s fatal kiss."", ""visual_facts"": ""Skin boat, two male stones, vapor/light effects and a steering pole with a luminous tip. Haunte’s forehead has a stump-like organ, not a described lamp."", ""game_adaptation"": ""Reference props; flight and boat-steering are not included in the ground-only campaign."", ""notes"": """", ""aliases"": [], ""source_ids"": [""S01""], ""chapter_refs"": [{""label"": ""Chapter 18. HAUNTE"", ""book"": """", ""chapter"": 18, ""title"": ""HAUNTE"", ""source_id"": ""S01"", ""url"": ""https://www.gutenberg.org/cache/epub/1329/pg1329-images.html#link2HCH0018"", ""note"": """"}, {""label"": ""Chapter 19. SULLENBODE"", ""book"": """", ""chapter"": 19, ""title"": ""SULLENBODE"", ""source_id"": ""S01"", ""url"": ""https://www.gutenberg.org/cache/epub/1329/pg1329-images.html#link2HCH0019"", ""note"": """"}], ""tags"": [], ""related_entity_ids"": [], ""artwork_ids"": [""G04"", ""G17""], ""level_ids"": []}"
P19,entity,Teargeld,props,moon,,novel_fact,"Moon illuminates sea crossings and the Lichstorm ridge, making the green snow bright and directing the plant-animal.",Scenic night palette with readable floor contrast.,"[{""label"": ""Chapter 14. POLECRAB"", ""book"": """", ""chapter"": 14, ""title"": ""POLECRAB"", ""source_id"": ""S01"", ""url"": ""https://www.gutenberg.org/cache/epub/1329/pg1329-images.html#link2HCH0014"", ""note"": """"}, {""label"": ""Chapter 15. SWAYLONE’S ISLAND"", ""book"": """", ""chapter"": 15, ""title"": ""SWAYLONE’S ISLAND"", ""source_id"": ""S01"", ""url"": ""https://www.gutenberg.org/cache/epub/1329/pg1329-images.html#link2HCH0015"", ""note"": """"}, {""label"": ""Chapter 16. LEEHALLFAE"", ""book"": """", ""chapter"": 16, ""title"": ""LEEHALLFAE"", ""source_id"": ""S01"", ""url"": ""https://www.gutenberg.org/cache/epub/1329/pg1329-images.html#link2HCH0016"", ""note"": """"}, {""label"": ""Chapter 18. HAUNTE"", ""book"": """", ""chapter"": 18, ""title"": ""HAUNTE"", ""source_id"": ""S01"", ""url"": ""https://www.gutenberg.org/cache/epub/1329/pg1329-images.html#link2HCH0018"", ""note"": """"}, {""label"": ""Chapter 19. SULLENBODE"", ""book"": """", ""chapter"": 19, ""title"": ""SULLENBODE"", ""source_id"": ""S01"", ""url"": ""https://www.gutenberg.org/cache/epub/1329/pg1329-images.html#link2HCH0019"", ""note"": """"}]","[""S01""]",,[],[],[],,,,,,,,,,"{""id"": ""P19"", ""title"": ""Teargeld"", ""name"": ""Teargeld"", ""category"": ""props"", ""subcategory"": ""moon"", ""canon_status"": ""novel_fact"", ""description"": ""Moon illuminates sea crossings and the Lichstorm ridge, making the green snow bright and directing the plant-animal."", ""visual_facts"": ""Bright moon, unusual colored reflections and red-black shadows."", ""game_adaptation"": ""Scenic night palette with readable floor contrast."", ""notes"": """", ""aliases"": [], ""source_ids"": [""S01""], ""chapter_refs"": [{""label"": ""Chapter 14. POLECRAB"", ""book"": """", ""chapter"": 14, ""title"": ""POLECRAB"", ""source_id"": ""S01"", ""url"": ""https://www.gutenberg.org/cache/epub/1329/pg1329-images.html#link2HCH0014"", ""note"": """"}, {""label"": ""Chapter 15. SWAYLONE’S ISLAND"", ""book"": """", ""chapter"": 15, ""title"": ""SWAYLONE’S ISLAND"", ""source_id"": ""S01"", ""url"": ""https://www.gutenberg.org/cache/epub/1329/pg1329-images.html#link2HCH0015"", ""note"": """"}, {""label"": ""Chapter 16. LEEHALLFAE"", ""book"": """", ""chapter"": 16, ""title"": ""LEEHALLFAE"", ""source_id"": ""S01"", ""url"": ""https://www.gutenberg.org/cache/epub/1329/pg1329-images.html#link2HCH0016"", ""note"": """"}, {""label"": ""Chapter 18. HAUNTE"", ""book"": """", ""chapter"": 18, ""title"": ""HAUNTE"", ""source_id"": ""S01"", ""url"": ""https://www.gutenberg.org/cache/epub/1329/pg1329-images.html#link2HCH0018"", ""note"": """"}, {""label"": ""Chapter 19. SULLENBODE"", ""book"": """", ""chapter"": 19, ""title"": ""SULLENBODE"", ""source_id"": ""S01"", ""url"": ""https://www.gutenberg.org/cache/epub/1329/pg1329-images.html#link2HCH0019"", ""note"": """"}], ""tags"": [], ""related_entity_ids"": [], ""artwork_ids"": [], ""level_ids"": []}"
P20,entity,Blodsombre,props,climate,,novel_fact,"Roughly four midday hours when Branchspell’s heat is too intense to endure, influencing shelter and travel.",Atmosphere and narrative compression; no real-time four-hour waiting gate.,"[{""label"": ""Chapter 6. JOIWIND"", ""book"": """", ""chapter"": 6, ""title"": ""JOIWIND"", ""source_id"": ""S01"", ""url"": ""https://www.gutenberg.org/cache/epub/1329/pg1329-images.html#link2HCH0006"", ""note"": """"}, {""label"": ""Chapter 10. TYDOMIN"", ""book"": """", ""chapter"": 10, ""title"": ""TYDOMIN"", ""source_id"": ""S01"", ""url"": ""https://www.gutenberg.org/cache/epub/1329/pg1329-images.html#link2HCH0010"", ""note"": """"}, {""label"": ""Chapter 11. ON DISSCOURN"", ""book"": """", ""chapter"": 11, ""title"": ""ON DISSCOURN"", ""source_id"": ""S01"", ""url"": ""https://www.gutenberg.org/cache/epub/1329/pg1329-images.html#link2HCH0011"", ""note"": """"}, {""label"": ""Chapter 17. CORPANG"", ""book"": """", ""chapter"": 17, ""title"": ""CORPANG"", ""source_id"": ""S01"", ""url"": ""https://www.gutenberg.org/cache/epub/1329/pg1329-images.html#link2HCH0017"", ""note"": """"}]","[""S01""]",,[],[],[],,,,,,,,,,"{""id"": ""P20"", ""title"": ""Blodsombre"", ""name"": ""Blodsombre"", ""category"": ""props"", ""subcategory"": ""climate"", ""canon_status"": ""novel_fact"", ""description"": ""Roughly four midday hours when Branchspell’s heat is too intense to endure, influencing shelter and travel."", ""visual_facts"": ""White glare, still heat, shade/shelter contrast."", ""game_adaptation"": ""Atmosphere and narrative compression; no real-time four-hour waiting gate."", ""notes"": """", ""aliases"": [], ""source_ids"": [""S01""], ""chapter_refs"": [{""label"": ""Chapter 6. JOIWIND"", ""book"": """", ""chapter"": 6, ""title"": ""JOIWIND"", ""source_id"": ""S01"", ""url"": ""https://www.gutenberg.org/cache/epub/1329/pg1329-images.html#link2HCH0006"", ""note"": """"}, {""label"": ""Chapter 10. TYDOMIN"", ""book"": """", ""chapter"": 10, ""title"": ""TYDOMIN"", ""source_id"": ""S01"", ""url"": ""https://www.gutenberg.org/cache/epub/1329/pg1329-images.html#link2HCH0010"", ""note"": """"}, {""label"": ""Chapter 11. ON DISSCOURN"", ""book"": """", ""chapter"": 11, ""title"": ""ON DISSCOURN"", ""source_id"": ""S01"", ""url"": ""https://www.gutenberg.org/cache/epub/1329/pg1329-images.html#link2HCH0011"", ""note"": """"}, {""label"": ""Chapter 17. CORPANG"", ""book"": """", ""chapter"": 17, ""title"": ""CORPANG"", ""source_id"": ""S01"", ""url"": ""https://www.gutenberg.org/cache/epub/1329/pg1329-images.html#link2HCH0017"", ""note"": """"}], ""tags"": [], ""related_entity_ids"": [], ""artwork_ids"": [], ""level_ids"": []}"
P21,entity,Matterplay life streams,props,ecology,,novel_fact,Streams emerging from the direction of Threal sustain prolifically changing valley life and can provoke bodily transformations.,Safe boundary/scenery; no mandatory mutation roulette.,"[{""label"": ""Chapter 16. LEEHALLFAE"", ""book"": """", ""chapter"": 16, ""title"": ""LEEHALLFAE"", ""source_id"": ""S01"", ""url"": ""https://www.gutenberg.org/cache/epub/1329/pg1329-images.html#link2HCH0016"", ""note"": """"}, {""label"": ""Chapter 17. CORPANG"", ""book"": """", ""chapter"": 17, ""title"": ""CORPANG"", ""source_id"": ""S01"", ""url"": ""https://www.gutenberg.org/cache/epub/1329/pg1329-images.html#link2HCH0017"", ""note"": """"}]","[""S01""]",,"[""G16""]",[],[],,,,,,,,,,"{""id"": ""P21"", ""title"": ""Matterplay life streams"", ""name"": ""Matterplay life streams"", ""category"": ""props"", ""subcategory"": ""ecology"", ""canon_status"": ""novel_fact"", ""description"": ""Streams emerging from the direction of Threal sustain prolifically changing valley life and can provoke bodily transformations."", ""visual_facts"": ""Clear greenish shallow bubbling water among rank unique organisms."", ""game_adaptation"": ""Safe boundary/scenery; no mandatory mutation roulette."", ""notes"": """", ""aliases"": [], ""source_ids"": [""S01""], ""chapter_refs"": [{""label"": ""Chapter 16. LEEHALLFAE"", ""book"": """", ""chapter"": 16, ""title"": ""LEEHALLFAE"", ""source_id"": ""S01"", ""url"": ""https://www.gutenberg.org/cache/epub/1329/pg1329-images.html#link2HCH0016"", ""note"": """"}, {""label"": ""Chapter 17. CORPANG"", ""book"": """", ""chapter"": 17, ""title"": ""CORPANG"", ""source_id"": ""S01"", ""url"": ""https://www.gutenberg.org/cache/epub/1329/pg1329-images.html#link2HCH0017"", ""note"": """"}], ""tags"": [], ""related_entity_ids"": [], ""artwork_ids"": [""G16""], ""level_ids"": []}"
P22,entity,Matterplay changing animals,props,creature-group,,novel_fact,"Maskull watches organisms become translucent, reveal internal systems, turn invisible to sight yet palpable to emotion, and reform.",Concept studies as ecology; literal invisible damaging enemies would need new fair signals and are not assumed.,"[{""label"": ""Chapter 16. LEEHALLFAE"", ""book"": """", ""chapter"": 16, ""title"": ""LEEHALLFAE"", ""source_id"": ""S01"", ""url"": ""https://www.gutenberg.org/cache/epub/1329/pg1329-images.html#link2HCH0016"", ""note"": """"}]","[""S01""]",,[],[],[],,,,,,,,,,"{""id"": ""P22"", ""title"": ""Matterplay changing animals"", ""name"": ""Matterplay changing animals"", ""category"": ""props"", ""subcategory"": ""creature-group"", ""canon_status"": ""novel_fact"", ""description"": ""Maskull watches organisms become translucent, reveal internal systems, turn invisible to sight yet palpable to emotion, and reform."", ""visual_facts"": ""Variable organic bodies, visible skeletal/circulatory structures and disappearing outlines."", ""game_adaptation"": ""Concept studies as ecology; literal invisible damaging enemies would need new fair signals and are not assumed."", ""notes"": """", ""aliases"": [], ""source_ids"": [""S01""], ""chapter_refs"": [{""label"": ""Chapter 16. LEEHALLFAE"", ""book"": """", ""chapter"": 16, ""title"": ""LEEHALLFAE"", ""source_id"": ""S01"", ""url"": ""https://www.gutenberg.org/cache/epub/1329/pg1329-images.html#link2HCH0016"", ""note"": """"}], ""tags"": [], ""related_entity_ids"": [], ""artwork_ids"": [], ""level_ids"": []}"
P23,entity,"Muspel stream, green sparks and white whirls",props,visionary-material,,novel_fact,"At the tower windows, a spirit stream passing through Crystalman becomes green fragments striving home and larger white whirls seeking pleasure.",Final projection motif; interpretation rather than measurable particles in physical space.,"[{""label"": ""Chapter 21. MUSPEL"", ""book"": """", ""chapter"": 21, ""title"": ""MUSPEL"", ""source_id"": ""S01"", ""url"": ""https://www.gutenberg.org/cache/epub/1329/pg1329-images.html#link2HCH0021"", ""note"": """"}]","[""S01""]",,[],[],[],,,,,,,,,,"{""id"": ""P23"", ""title"": ""Muspel stream, green sparks and white whirls"", ""name"": ""Muspel stream, green sparks and white whirls"", ""category"": ""props"", ""subcategory"": ""visionary-material"", ""canon_status"": ""novel_fact"", ""description"": ""At the tower windows, a spirit stream passing through Crystalman becomes green fragments striving home and larger white whirls seeking pleasure."", ""visual_facts"": ""Green corpuscles imprisoned within dancing white vortices; bright shapeless shadow between world and Muspel."", ""game_adaptation"": ""Final projection motif; interpretation rather than measurable particles in physical space."", ""notes"": """", ""aliases"": [], ""source_ids"": [""S01""], ""chapter_refs"": [{""label"": ""Chapter 21. MUSPEL"", ""book"": """", ""chapter"": 21, ""title"": ""MUSPEL"", ""source_id"": ""S01"", ""url"": ""https://www.gutenberg.org/cache/epub/1329/pg1329-images.html#link2HCH0021"", ""note"": """"}], ""tags"": [], ""related_entity_ids"": [], ""artwork_ids"": [], ""level_ids"": []}"
P24,entity,Crystalman’s grin,props,expression-motif,,novel_fact,"Dead and exposed false forms repeatedly acquire the same repulsive grin, tying personal encounters to the final false creator.",Restrained recurring reveal motif; avoid rendering every compassionate person as secretly hostile.,"[{""label"": ""Chapter 1. THE SÉANCE"", ""book"": """", ""chapter"": 1, ""title"": ""THE SÉANCE"", ""source_id"": ""S01"", ""url"": ""https://www.gutenberg.org/cache/epub/1329/pg1329-images.html#link2HCH0001"", ""note"": """"}, {""label"": ""Chapter 9. OCEAXE"", ""book"": """", ""chapter"": 9, ""title"": ""OCEAXE"", ""source_id"": ""S01"", ""url"": ""https://www.gutenberg.org/cache/epub/1329/pg1329-images.html#link2HCH0009"", ""note"": """"}, {""label"": ""Chapter 10. TYDOMIN"", ""book"": """", ""chapter"": 10, ""title"": ""TYDOMIN"", ""source_id"": ""S01"", ""url"": ""https://www.gutenberg.org/cache/epub/1329/pg1329-images.html#link2HCH0010"", ""note"": """"}, {""label"": ""Chapter 12. SPADEVIL"", ""book"": """", ""chapter"": 12, ""title"": ""SPADEVIL"", ""source_id"": ""S01"", ""url"": ""https://www.gutenberg.org/cache/epub/1329/pg1329-images.html#link2HCH0012"", ""note"": """"}, {""label"": ""Chapter 17. CORPANG"", ""book"": """", ""chapter"": 17, ""title"": ""CORPANG"", ""source_id"": ""S01"", ""url"": ""https://www.gutenberg.org/cache/epub/1329/pg1329-images.html#link2HCH0017"", ""note"": """"}, {""label"": ""Chapter 20. BAREY"", ""book"": """", ""chapter"": 20, ""title"": ""BAREY"", ""source_id"": ""S01"", ""url"": ""https://www.gutenberg.org/cache/epub/1329/pg1329-images.html#link2HCH0020"", ""note"": """"}]","[""S01""]",,[],[],[],,,,,,,,,,"{""id"": ""P24"", ""title"": ""Crystalman’s grin"", ""name"": ""Crystalman’s grin"", ""category"": ""props"", ""subcategory"": ""expression-motif"", ""canon_status"": ""novel_fact"", ""description"": ""Dead and exposed false forms repeatedly acquire the same repulsive grin, tying personal encounters to the final false creator."", ""visual_facts"": ""Vulgar mocking distortion imposed on formerly beautiful or solemn faces."", ""game_adaptation"": ""Restrained recurring reveal motif; avoid rendering every compassionate person as secretly hostile."", ""notes"": """", ""aliases"": [], ""source_ids"": [""S01""], ""chapter_refs"": [{""label"": ""Chapter 1. THE SÉANCE"", ""book"": """", ""chapter"": 1, ""title"": ""THE SÉANCE"", ""source_id"": ""S01"", ""url"": ""https://www.gutenberg.org/cache/epub/1329/pg1329-images.html#link2HCH0001"", ""note"": """"}, {""label"": ""Chapter 9. OCEAXE"", ""book"": """", ""chapter"": 9, ""title"": ""OCEAXE"", ""source_id"": ""S01"", ""url"": ""https://www.gutenberg.org/cache/epub/1329/pg1329-images.html#link2HCH0009"", ""note"": """"}, {""label"": ""Chapter 10. TYDOMIN"", ""book"": """", ""chapter"": 10, ""title"": ""TYDOMIN"", ""source_id"": ""S01"", ""url"": ""https://www.gutenberg.org/cache/epub/1329/pg1329-images.html#link2HCH0010"", ""note"": """"}, {""label"": ""Chapter 12. SPADEVIL"", ""book"": """", ""chapter"": 12, ""title"": ""SPADEVIL"", ""source_id"": ""S01"", ""url"": ""https://www.gutenberg.org/cache/epub/1329/pg1329-images.html#link2HCH0012"", ""note"": """"}, {""label"": ""Chapter 17. CORPANG"", ""book"": """", ""chapter"": 17, ""title"": ""CORPANG"", ""source_id"": ""S01"", ""url"": ""https://www.gutenberg.org/cache/epub/1329/pg1329-images.html#link2HCH0017"", ""note"": """"}, {""label"": ""Chapter 20. BAREY"", ""book"": """", ""chapter"": 20, ""title"": ""BAREY"", ""source_id"": ""S01"", ""url"": ""https://www.gutenberg.org/cache/epub/1329/pg1329-images.html#link2HCH0020"", ""note"": """"}], ""tags"": [], ""related_entity_ids"": [], ""artwork_ids"": [], ""level_ids"": []}"
P25,entity,Forehead jewel/light and false Surtur vision,props,vision-prop,,novel_fact,"The Lusion encounter uses a crimson jewel-like light, trumpet sound and an imposing apparition that names itself Surtur and praises the world’s rhythm.",Early ambiguous vision can foreshadow deception. Do not merge this visual directly with true Krag/Surtur without caveat.,"[{""label"": ""Chapter 8. THE LUSION PLAIN"", ""book"": """", ""chapter"": 8, ""title"": ""THE LUSION PLAIN"", ""source_id"": ""S01"", ""url"": ""https://www.gutenberg.org/cache/epub/1329/pg1329-images.html#link2HCH0008"", ""note"": """"}, {""label"": ""Chapter 14. POLECRAB"", ""book"": """", ""chapter"": 14, ""title"": ""POLECRAB"", ""source_id"": ""S01"", ""url"": ""https://www.gutenberg.org/cache/epub/1329/pg1329-images.html#link2HCH0014"", ""note"": """"}, {""label"": ""Chapter 21. MUSPEL"", ""book"": """", ""chapter"": 21, ""title"": ""MUSPEL"", ""source_id"": ""S01"", ""url"": ""https://www.gutenberg.org/cache/epub/1329/pg1329-images.html#link2HCH0021"", ""note"": """"}]","[""S01""]",,[],[],[],,,,,,,,,,"{""id"": ""P25"", ""title"": ""Forehead jewel/light and false Surtur vision"", ""name"": ""Forehead jewel/light and false Surtur vision"", ""category"": ""props"", ""subcategory"": ""vision-prop"", ""canon_status"": ""novel_fact"", ""description"": ""The Lusion encounter uses a crimson jewel-like light, trumpet sound and an imposing apparition that names itself Surtur and praises the world’s rhythm."", ""visual_facts"": ""Red spark jewel, expanded concave cloud image and solitary trumpet note."", ""game_adaptation"": ""Early ambiguous vision can foreshadow deception. Do not merge this visual directly with true Krag/Surtur without caveat."", ""notes"": """", ""aliases"": [], ""source_ids"": [""S01""], ""chapter_refs"": [{""label"": ""Chapter 8. THE LUSION PLAIN"", ""book"": """", ""chapter"": 8, ""title"": ""THE LUSION PLAIN"", ""source_id"": ""S01"", ""url"": ""https://www.gutenberg.org/cache/epub/1329/pg1329-images.html#link2HCH0008"", ""note"": """"}, {""label"": ""Chapter 14. POLECRAB"", ""book"": """", ""chapter"": 14, ""title"": ""POLECRAB"", ""source_id"": ""S01"", ""url"": ""https://www.gutenberg.org/cache/epub/1329/pg1329-images.html#link2HCH0014"", ""note"": """"}, {""label"": ""Chapter 21. MUSPEL"", ""book"": """", ""chapter"": 21, ""title"": ""MUSPEL"", ""source_id"": ""S01"", ""url"": ""https://www.gutenberg.org/cache/epub/1329/pg1329-images.html#link2HCH0021"", ""note"": """"}], ""tags"": [], ""related_entity_ids"": [], ""artwork_ids"": [], ""level_ids"": []}"
B01,entity,Crimtyphon — Transmutation Tyrant,bosses,candidate-game-role,,game_proposal,Domination of Sature through the sorb inspires a boss that marks ground patches for delayed changes.,"Small arena, one locked transformation footprint at a time, attack the exposed controller during recovery.","[{""label"": ""Chapter 9. OCEAXE"", ""book"": """", ""chapter"": 9, ""title"": ""OCEAXE"", ""source_id"": ""S01"", ""url"": ""https://www.gutenberg.org/cache/epub/1329/pg1329-images.html#link2HCH0009"", ""note"": """"}]","[""S01""]",,"[""G12""]",[],[],Alternate early boss; current five-level plan saves bosses for levels 4 and 5.,,,,,,,,,"{""id"": ""B01"", ""title"": ""Crimtyphon — Transmutation Tyrant"", ""name"": ""Crimtyphon — Transmutation Tyrant"", ""category"": ""bosses"", ""subcategory"": ""candidate-game-role"", ""canon_status"": ""game_proposal"", ""description"": ""Domination of Sature through the sorb inspires a boss that marks ground patches for delayed changes."", ""visual_facts"": ""Boylike controlling figure with a prominent sorb; twisted rooting victim is a separate person."", ""game_adaptation"": ""Small arena, one locked transformation footprint at a time, attack the exposed controller during recovery."", ""notes"": ""Alternate early boss; current five-level plan saves bosses for levels 4 and 5."", ""aliases"": [], ""source_ids"": [""S01""], ""chapter_refs"": [{""label"": ""Chapter 9. OCEAXE"", ""book"": """", ""chapter"": 9, ""title"": ""OCEAXE"", ""source_id"": ""S01"", ""url"": ""https://www.gutenberg.org/cache/epub/1329/pg1329-images.html#link2HCH0009"", ""note"": """"}], ""tags"": [], ""selected"": false, ""canonical_character_id"": ""C19"", ""related_entity_ids"": [""C19""], ""artwork_ids"": [""G12""], ""level_ids"": []}"
B02,entity,Tydomin — Borrowed Will,bosses,candidate-game-role,,game_proposal,Manipulation and attempted body exchange inspire a delayed echo and false-position encounter.,Echo repeats a visible previous landing; actual controls never reverse or stop. The final opening breaks a local spell.,"[{""label"": ""Chapter 10. TYDOMIN"", ""book"": """", ""chapter"": 10, ""title"": ""TYDOMIN"", ""source_id"": ""S01"", ""url"": ""https://www.gutenberg.org/cache/epub/1329/pg1329-images.html#link2HCH0010"", ""note"": """"}, {""label"": ""Chapter 11. ON DISSCOURN"", ""book"": """", ""chapter"": 11, ""title"": ""ON DISSCOURN"", ""source_id"": ""S01"", ""url"": ""https://www.gutenberg.org/cache/epub/1329/pg1329-images.html#link2HCH0011"", ""note"": """"}, {""label"": ""Chapter 12. SPADEVIL"", ""book"": """", ""chapter"": 12, ""title"": ""SPADEVIL"", ""source_id"": ""S01"", ""url"": ""https://www.gutenberg.org/cache/epub/1329/pg1329-images.html#link2HCH0012"", ""note"": """"}]","[""S01""]",,"[""G12""]",[],[],Alternate candidate; retain repentance instead of making her permanently evil.,,,,,,,,,"{""id"": ""B02"", ""title"": ""Tydomin — Borrowed Will"", ""name"": ""Tydomin — Borrowed Will"", ""category"": ""bosses"", ""subcategory"": ""candidate-game-role"", ""canon_status"": ""game_proposal"", ""description"": ""Manipulation and attempted body exchange inspire a delayed echo and false-position encounter."", ""visual_facts"": ""Pale indigo-haired reptile-plate costume, sad black sorb; later twin membranes signal moral change."", ""game_adaptation"": ""Echo repeats a visible previous landing; actual controls never reverse or stop. The final opening breaks a local spell."", ""notes"": ""Alternate candidate; retain repentance instead of making her permanently evil."", ""aliases"": [], ""source_ids"": [""S01""], ""chapter_refs"": [{""label"": ""Chapter 10. TYDOMIN"", ""book"": """", ""chapter"": 10, ""title"": ""TYDOMIN"", ""source_id"": ""S01"", ""url"": ""https://www.gutenberg.org/cache/epub/1329/pg1329-images.html#link2HCH0010"", ""note"": """"}, {""label"": ""Chapter 11. ON DISSCOURN"", ""book"": """", ""chapter"": 11, ""title"": ""ON DISSCOURN"", ""source_id"": ""S01"", ""url"": ""https://www.gutenberg.org/cache/epub/1329/pg1329-images.html#link2HCH0011"", ""note"": """"}, {""label"": ""Chapter 12. SPADEVIL"", ""book"": """", ""chapter"": 12, ""title"": ""SPADEVIL"", ""source_id"": ""S01"", ""url"": ""https://www.gutenberg.org/cache/epub/1329/pg1329-images.html#link2HCH0012"", ""note"": """"}], ""tags"": [], ""selected"": false, ""canonical_character_id"": ""C20"", ""related_entity_ids"": [""C20""], ""artwork_ids"": [""G12""], ""level_ids"": []}"
B03,entity,Catice — Law of Rejection,bosses,candidate-game-role,,game_proposal,The single-probe ascetic and trifork suggest a severe arena with alternating refused lanes.,Two predictable locked zones and a reachable recovery side; no gear check.,"[{""label"": ""Chapter 12. SPADEVIL"", ""book"": """", ""chapter"": 12, ""title"": ""SPADEVIL"", ""source_id"": ""S01"", ""url"": ""https://www.gutenberg.org/cache/epub/1329/pg1329-images.html#link2HCH0012"", ""note"": """"}]","[""S01""]",,"[""G12""]",[],[],Alternate candidate or brief witness. The novel’s ideological coercion is adapted into spatial decisions.,,,,,,,,,"{""id"": ""B03"", ""title"": ""Catice — Law of Rejection"", ""name"": ""Catice — Law of Rejection"", ""category"": ""bosses"", ""subcategory"": ""candidate-game-role"", ""canon_status"": ""game_proposal"", ""description"": ""The single-probe ascetic and trifork suggest a severe arena with alternating refused lanes."", ""visual_facts"": ""Lemon-faced elder, sparse hair, deep facial ruts, single brow membrane and trifork."", ""game_adaptation"": ""Two predictable locked zones and a reachable recovery side; no gear check."", ""notes"": ""Alternate candidate or brief witness. The novel’s ideological coercion is adapted into spatial decisions."", ""aliases"": [], ""source_ids"": [""S01""], ""chapter_refs"": [{""label"": ""Chapter 12. SPADEVIL"", ""book"": """", ""chapter"": 12, ""title"": ""SPADEVIL"", ""source_id"": ""S01"", ""url"": ""https://www.gutenberg.org/cache/epub/1329/pg1329-images.html#link2HCH0012"", ""note"": """"}], ""tags"": [], ""selected"": false, ""canonical_character_id"": ""C25"", ""related_entity_ids"": [""C25""], ""artwork_ids"": [""G12""], ""level_ids"": []}"
B04,entity,Earthrid and Irontick — The Fatal Music,bosses,candidate-game-role,,game_proposal,A musician playing a dangerous lake provides the clearest canonical instrument-based encounter concept.,Ground shoreline arena with pulses previewed visibly; never require unseen beat synchronisation.,"[{""label"": ""Chapter 15. SWAYLONE’S ISLAND"", ""book"": """", ""chapter"": 15, ""title"": ""SWAYLONE’S ISLAND"", ""source_id"": ""S01"", ""url"": ""https://www.gutenberg.org/cache/epub/1329/pg1329-images.html#link2HCH0015"", ""note"": """"}]","[""S01""]",,"[""G12""]",[],[],Strong optional/alternate boss candidate. Current main path uses musical imagery as environment/story.,,,,,,,,,"{""id"": ""B04"", ""title"": ""Earthrid and Irontick — The Fatal Music"", ""name"": ""Earthrid and Irontick — The Fatal Music"", ""category"": ""bosses"", ""subcategory"": ""candidate-game-role"", ""canon_status"": ""game_proposal"", ""description"": ""A musician playing a dangerous lake provides the clearest canonical instrument-based encounter concept."", ""visual_facts"": ""Pale musician with circular ear-like forehead organ beside circular reflective water; sparse black hair, weak face gaining crafty grandeur in moonlight."", ""game_adaptation"": ""Ground shoreline arena with pulses previewed visibly; never require unseen beat synchronisation."", ""notes"": ""Strong optional/alternate boss candidate. Current main path uses musical imagery as environment/story."", ""aliases"": [], ""source_ids"": [""S01""], ""chapter_refs"": [{""label"": ""Chapter 15. SWAYLONE’S ISLAND"", ""book"": """", ""chapter"": 15, ""title"": ""SWAYLONE’S ISLAND"", ""source_id"": ""S01"", ""url"": ""https://www.gutenberg.org/cache/epub/1329/pg1329-images.html#link2HCH0015"", ""note"": """"}], ""tags"": [], ""selected"": false, ""canonical_character_id"": ""C29"", ""related_entity_ids"": [""C29""], ""artwork_ids"": [""G12""], ""level_ids"": []}"
B05,entity,Sullenbode’s Garden — Fabricated Attachment,bosses,candidate-game-role,,game_proposal,"Invented root-and-tether manifestation staged by Crystalman, borrowing an alluring image and the story’s dependence of life on love.",Attack the low external root knots only after locked tether/crescent commitments; clearing knots tears open the fabricated enclosing garden. The projected woman is never the damage target.,"[{""label"": ""Chapter 18. HAUNTE"", ""book"": """", ""chapter"": 18, ""title"": ""HAUNTE"", ""source_id"": ""S01"", ""url"": ""https://www.gutenberg.org/cache/epub/1329/pg1329-images.html#link2HCH0018"", ""note"": """"}, {""label"": ""Chapter 19. SULLENBODE"", ""book"": """", ""chapter"": 19, ""title"": ""SULLENBODE"", ""source_id"": ""S01"", ""url"": ""https://www.gutenberg.org/cache/epub/1329/pg1329-images.html#link2HCH0019"", ""note"": """"}, {""label"": ""Chapter 20. BAREY"", ""book"": """", ""chapter"": 20, ""title"": ""BAREY"", ""source_id"": ""S01"", ""url"": ""https://www.gutenberg.org/cache/epub/1329/pg1329-images.html#link2HCH0020"", ""note"": """"}]","[""S01""]",,"[""G08"", ""G10""]","[""A3-L4""]",[],"Entire garden, hostile roots and botanical boss are inventions. Sullenbode canonically guides and sacrifices; do not claim she rules this garden.",,,,,,,,,"{""id"": ""B05"", ""title"": ""Sullenbode’s Garden — Fabricated Attachment"", ""name"": ""Sullenbode’s Garden — Fabricated Attachment"", ""category"": ""bosses"", ""subcategory"": ""candidate-game-role"", ""canon_status"": ""game_proposal"", ""description"": ""Invented root-and-tether manifestation staged by Crystalman, borrowing an alluring image and the story’s dependence of life on love."", ""visual_facts"": ""Low external root knots, tethers and enclosing growth; a projected Sullenbode likeness stays non-damageable."", ""game_adaptation"": ""Attack the low external root knots only after locked tether/crescent commitments; clearing knots tears open the fabricated enclosing garden. The projected woman is never the damage target."", ""notes"": ""Entire garden, hostile roots and botanical boss are inventions. Sullenbode canonically guides and sacrifices; do not claim she rules this garden."", ""aliases"": [], ""source_ids"": [""S01""], ""chapter_refs"": [{""label"": ""Chapter 18. HAUNTE"", ""book"": """", ""chapter"": 18, ""title"": ""HAUNTE"", ""source_id"": ""S01"", ""url"": ""https://www.gutenberg.org/cache/epub/1329/pg1329-images.html#link2HCH0018"", ""note"": """"}, {""label"": ""Chapter 19. SULLENBODE"", ""book"": """", ""chapter"": 19, ""title"": ""SULLENBODE"", ""source_id"": ""S01"", ""url"": ""https://www.gutenberg.org/cache/epub/1329/pg1329-images.html#link2HCH0019"", ""note"": """"}, {""label"": ""Chapter 20. BAREY"", ""book"": """", ""chapter"": 20, ""title"": ""BAREY"", ""source_id"": ""S01"", ""url"": ""https://www.gutenberg.org/cache/epub/1329/pg1329-images.html#link2HCH0020"", ""note"": """"}], ""tags"": [], ""selected"": true, ""canonical_character_id"": ""C34"", ""related_entity_ids"": [""C34""], ""artwork_ids"": [""G08"", ""G10""], ""level_ids"": [""A3-L4""]}"
B06,entity,Crystalman — The False World,bosses,candidate-game-role,,game_proposal,A local manifested obstruction embodies the false creator’s grinning deception and imprisonment of spirit.,"Capture the player’s completed actual world dash and attack. Phase 1 holds one replay slot; phase 2 at most two, played sequentially from exact visible previews once. Attack a nearby slashable tether in recovery. No simultaneous solar/root attacks compete with the replay.","[{""label"": ""Chapter 20. BAREY"", ""book"": """", ""chapter"": 20, ""title"": ""BAREY"", ""source_id"": ""S01"", ""url"": ""https://www.gutenberg.org/cache/epub/1329/pg1329-images.html#link2HCH0020"", ""note"": """"}, {""label"": ""Chapter 21. MUSPEL"", ""book"": """", ""chapter"": 21, ""title"": ""MUSPEL"", ""source_id"": ""S01"", ""url"": ""https://www.gutenberg.org/cache/epub/1329/pg1329-images.html#link2HCH0021"", ""note"": """"}]","[""S01""]",,"[""G09"", ""G11"", ""G20""]","[""A3-L5""]",[],"Player breaks a local manifestation and leaves; novel ending is an ongoing spiritual struggle, not Crystalman’s total destruction.",,,,,,,,,"{""id"": ""B06"", ""title"": ""Crystalman — The False World"", ""name"": ""Crystalman — The False World"", ""category"": ""bosses"", ""subcategory"": ""candidate-game-role"", ""canon_status"": ""game_proposal"", ""description"": ""A local manifested obstruction embodies the false creator’s grinning deception and imprisonment of spirit."", ""visual_facts"": ""Bright nebulous shadow, refracted green sparks and white whirls; any crystal humanoid is art interpretation."", ""game_adaptation"": ""Capture the player’s completed actual world dash and attack. Phase 1 holds one replay slot; phase 2 at most two, played sequentially from exact visible previews once. Attack a nearby slashable tether in recovery. No simultaneous solar/root attacks compete with the replay."", ""notes"": ""Player breaks a local manifestation and leaves; novel ending is an ongoing spiritual struggle, not Crystalman’s total destruction."", ""aliases"": [], ""source_ids"": [""S01""], ""chapter_refs"": [{""label"": ""Chapter 20. BAREY"", ""book"": """", ""chapter"": 20, ""title"": ""BAREY"", ""source_id"": ""S01"", ""url"": ""https://www.gutenberg.org/cache/epub/1329/pg1329-images.html#link2HCH0020"", ""note"": """"}, {""label"": ""Chapter 21. MUSPEL"", ""book"": """", ""chapter"": 21, ""title"": ""MUSPEL"", ""source_id"": ""S01"", ""url"": ""https://www.gutenberg.org/cache/epub/1329/pg1329-images.html#link2HCH0021"", ""note"": """"}], ""tags"": [], ""selected"": true, ""canonical_character_id"": ""C04"", ""related_entity_ids"": [""C04""], ""artwork_ids"": [""G09"", ""G11"", ""G20""], ""level_ids"": [""A3-L5""]}"
B07,entity,Muremaker / Nuclamp — Suspended Will,bosses,candidate-game-role,,game_proposal,Panawe’s account of a cruel sorb-user suspended by a rival suggests an arena built around an imposed holding field.,Ground-floor adaptation would need to remove literal fatal falling and target a visible field source.,"[{""label"": ""Chapter 7. PANAWE"", ""book"": """", ""chapter"": 7, ""title"": ""PANAWE"", ""source_id"": ""S01"", ""url"": ""https://www.gutenberg.org/cache/epub/1329/pg1329-images.html#link2HCH0007"", ""note"": """"}]","[""S01""]",,[],[],[],Retrospective anecdote and substantial new arena logic; not selected.,,,,,,,,,"{""id"": ""B07"", ""title"": ""Muremaker / Nuclamp — Suspended Will"", ""name"": ""Muremaker / Nuclamp — Suspended Will"", ""category"": ""bosses"", ""subcategory"": ""candidate-game-role"", ""canon_status"": ""game_proposal"", ""description"": ""Panawe’s account of a cruel sorb-user suspended by a rival suggests an arena built around an imposed holding field."", ""visual_facts"": ""Suspended ogrelike figure above a gulf; Nuclamp’s appearance is unspecified."", ""game_adaptation"": ""Ground-floor adaptation would need to remove literal fatal falling and target a visible field source."", ""notes"": ""Retrospective anecdote and substantial new arena logic; not selected."", ""aliases"": [], ""source_ids"": [""S01""], ""chapter_refs"": [{""label"": ""Chapter 7. PANAWE"", ""book"": """", ""chapter"": 7, ""title"": ""PANAWE"", ""source_id"": ""S01"", ""url"": ""https://www.gutenberg.org/cache/epub/1329/pg1329-images.html#link2HCH0007"", ""note"": """"}], ""tags"": [], ""selected"": false, ""canonical_character_id"": ""C36"", ""related_entity_ids"": [""C36""], ""artwork_ids"": [], ""level_ids"": []}"
B08,entity,Three Figures — False Divinity,bosses,candidate-game-role,,game_proposal,The colossi’s changing divine appearances suggest a false-authority set piece or projected boss.,Scenic revelations around a single ground combat controller; no three additional boss health bars.,"[{""label"": ""Chapter 17. CORPANG"", ""book"": """", ""chapter"": 17, ""title"": ""CORPANG"", ""source_id"": ""S01"", ""url"": ""https://www.gutenberg.org/cache/epub/1329/pg1329-images.html#link2HCH0017"", ""note"": """"}]","[""S01""]",,"[""G12""]",[],[],Keep as reference imagery to avoid increasing the act’s boss count.,,,,,,,,,"{""id"": ""B08"", ""title"": ""Three Figures — False Divinity"", ""name"": ""Three Figures — False Divinity"", ""category"": ""bosses"", ""subcategory"": ""candidate-game-role"", ""canon_status"": ""game_proposal"", ""description"": ""The colossi’s changing divine appearances suggest a false-authority set piece or projected boss."", ""visual_facts"": ""Three immense statues/visions, rosy light and the exposed grin."", ""game_adaptation"": ""Scenic revelations around a single ground combat controller; no three additional boss health bars."", ""notes"": ""Keep as reference imagery to avoid increasing the act’s boss count."", ""aliases"": [], ""source_ids"": [""S01""], ""chapter_refs"": [{""label"": ""Chapter 17. CORPANG"", ""book"": """", ""chapter"": 17, ""title"": ""CORPANG"", ""source_id"": ""S01"", ""url"": ""https://www.gutenberg.org/cache/epub/1329/pg1329-images.html#link2HCH0017"", ""note"": """"}], ""tags"": [], ""selected"": false, ""canonical_character_id"": ""C44"", ""related_entity_ids"": [""C44""], ""artwork_ids"": [""G12""], ""level_ids"": []}"
E33,entity,Haillar Station and approach,environments,minor-setting,,novel_fact,"The travellers reach Starkness on foot from Haillar Station, seven miles away; a wild lonely coastal road supplies the approach.",Railway arrival is a brief framing reference; no train-management game.,"[{""label"": ""Chapter 3. STARKNESS"", ""book"": """", ""chapter"": 3, ""title"": ""STARKNESS"", ""source_id"": ""S01"", ""url"": ""https://www.gutenberg.org/cache/epub/1329/pg1329-images.html#link2HCH0003"", ""note"": """"}]","[""S01""]",,[],[],[],,,,,,,,,,"{""id"": ""E33"", ""title"": ""Haillar Station and approach"", ""name"": ""Haillar Station and approach"", ""category"": ""environments"", ""subcategory"": ""minor-setting"", ""canon_status"": ""novel_fact"", ""description"": ""The travellers reach Starkness on foot from Haillar Station, seven miles away; a wild lonely coastal road supplies the approach."", ""visual_facts"": ""The travellers reach Starkness on foot from Haillar Station, seven miles away; a wild lonely coastal road supplies the approach."", ""game_adaptation"": ""Railway arrival is a brief framing reference; no train-management game."", ""notes"": """", ""aliases"": [], ""source_ids"": [""S01""], ""chapter_refs"": [{""label"": ""Chapter 3. STARKNESS"", ""book"": """", ""chapter"": 3, ""title"": ""STARKNESS"", ""source_id"": ""S01"", ""url"": ""https://www.gutenberg.org/cache/epub/1329/pg1329-images.html#link2HCH0003"", ""note"": """"}], ""tags"": [], ""related_entity_ids"": [], ""artwork_ids"": [], ""level_ids"": []}"
E34,entity,Gap of Sorgie,environments,minor-setting,,novel_fact,A narrow sea inlet cuts the coastal cliffs. Nightspore and Maskull lie at its edge to hear the locally named Drum Taps of Sorgie from below.,Optional foreshadowing tableau; sound does not replace visible combat warnings.,"[{""label"": ""Chapter 4. THE VOICE"", ""book"": """", ""chapter"": 4, ""title"": ""THE VOICE"", ""source_id"": ""S01"", ""url"": ""https://www.gutenberg.org/cache/epub/1329/pg1329-images.html#link2HCH0004"", ""note"": """"}]","[""S01""]",,[],[],[],,,,,,,,,,"{""id"": ""E34"", ""title"": ""Gap of Sorgie"", ""name"": ""Gap of Sorgie"", ""category"": ""environments"", ""subcategory"": ""minor-setting"", ""canon_status"": ""novel_fact"", ""description"": ""A narrow sea inlet cuts the coastal cliffs. Nightspore and Maskull lie at its edge to hear the locally named Drum Taps of Sorgie from below."", ""visual_facts"": ""A narrow sea inlet cuts the coastal cliffs. Nightspore and Maskull lie at its edge to hear the locally named Drum Taps of Sorgie from below."", ""game_adaptation"": ""Optional foreshadowing tableau; sound does not replace visible combat warnings."", ""notes"": """", ""aliases"": [], ""source_ids"": [""S01""], ""chapter_refs"": [{""label"": ""Chapter 4. THE VOICE"", ""book"": """", ""chapter"": 4, ""title"": ""THE VOICE"", ""source_id"": ""S01"", ""url"": ""https://www.gutenberg.org/cache/epub/1329/pg1329-images.html#link2HCH0004"", ""note"": """"}], ""tags"": [], ""related_entity_ids"": [], ""artwork_ids"": [], ""level_ids"": []}"
E35,entity,North Sea coast,environments,minor-setting,,novel_fact,"Starkness stands on cliffs beside the North Sea; salt east wind, dark green white-flecked waves and plaintive gull cries contrast with Tormance.",Earth-frame color/sound reference.,"[{""label"": ""Chapter 3. STARKNESS"", ""book"": """", ""chapter"": 3, ""title"": ""STARKNESS"", ""source_id"": ""S01"", ""url"": ""https://www.gutenberg.org/cache/epub/1329/pg1329-images.html#link2HCH0003"", ""note"": """"}]","[""S01""]",,[],[],[],,,,,,,,,,"{""id"": ""E35"", ""title"": ""North Sea coast"", ""name"": ""North Sea coast"", ""category"": ""environments"", ""subcategory"": ""minor-setting"", ""canon_status"": ""novel_fact"", ""description"": ""Starkness stands on cliffs beside the North Sea; salt east wind, dark green white-flecked waves and plaintive gull cries contrast with Tormance."", ""visual_facts"": ""Starkness stands on cliffs beside the North Sea; salt east wind, dark green white-flecked waves and plaintive gull cries contrast with Tormance."", ""game_adaptation"": ""Earth-frame color/sound reference."", ""notes"": """", ""aliases"": [], ""source_ids"": [""S01""], ""chapter_refs"": [{""label"": ""Chapter 3. STARKNESS"", ""book"": """", ""chapter"": 3, ""title"": ""STARKNESS"", ""source_id"": ""S01"", ""url"": ""https://www.gutenberg.org/cache/epub/1329/pg1329-images.html#link2HCH0003"", ""note"": """"}], ""tags"": [], ""related_entity_ids"": [], ""artwork_ids"": [], ""level_ids"": []}"
E36,entity,Arcturus — fictional destination,environments,minor-setting,,novel_fact,The travellers name Arcturus as the destination and Tormance as the planet with its twin suns. This is the novel’s astronomical fiction.,Sky/reference framing; not a scientific model of the real star.,"[{""label"": ""Chapter 2. IN THE STREET"", ""book"": """", ""chapter"": 2, ""title"": ""IN THE STREET"", ""source_id"": ""S01"", ""url"": ""https://www.gutenberg.org/cache/epub/1329/pg1329-images.html#link2HCH0002"", ""note"": """"}]","[""S01""]",,[],[],[],,,,,,,,,,"{""id"": ""E36"", ""title"": ""Arcturus — fictional destination"", ""name"": ""Arcturus — fictional destination"", ""category"": ""environments"", ""subcategory"": ""minor-setting"", ""canon_status"": ""novel_fact"", ""description"": ""The travellers name Arcturus as the destination and Tormance as the planet with its twin suns. This is the novel’s astronomical fiction."", ""visual_facts"": ""The travellers name Arcturus as the destination and Tormance as the planet with its twin suns. This is the novel’s astronomical fiction."", ""game_adaptation"": ""Sky/reference framing; not a scientific model of the real star."", ""notes"": """", ""aliases"": [], ""source_ids"": [""S01""], ""chapter_refs"": [{""label"": ""Chapter 2. IN THE STREET"", ""book"": """", ""chapter"": 2, ""title"": ""IN THE STREET"", ""source_id"": ""S01"", ""url"": ""https://www.gutenberg.org/cache/epub/1329/pg1329-images.html#link2HCH0002"", ""note"": """"}], ""tags"": [], ""related_entity_ids"": [], ""artwork_ids"": [], ""level_ids"": []}"
E37,entity,Crimtyphon’s peninsula clearing,environments,minor-setting,,novel_fact,"A shaded two-acre copse has a central tree, high moss couch, iron-red bubbling fountain and thorn/flower/creeper-fringed precipices. Crimtyphon transforms Sature there.","Alternate transmutation-boss arena; the source’s iron-red water belongs here, not to Poolingdred’s well.","[{""label"": ""Chapter 9. OCEAXE"", ""book"": """", ""chapter"": 9, ""title"": ""OCEAXE"", ""source_id"": ""S01"", ""url"": ""https://www.gutenberg.org/cache/epub/1329/pg1329-images.html#link2HCH0009"", ""note"": """"}]","[""S01""]",,[],[],[],,,,,,,,,,"{""id"": ""E37"", ""title"": ""Crimtyphon’s peninsula clearing"", ""name"": ""Crimtyphon’s peninsula clearing"", ""category"": ""environments"", ""subcategory"": ""minor-setting"", ""canon_status"": ""novel_fact"", ""description"": ""A shaded two-acre copse has a central tree, high moss couch, iron-red bubbling fountain and thorn/flower/creeper-fringed precipices. Crimtyphon transforms Sature there."", ""visual_facts"": ""A shaded two-acre copse has a central tree, high moss couch, iron-red bubbling fountain and thorn/flower/creeper-fringed precipices. Crimtyphon transforms Sature there."", ""game_adaptation"": ""Alternate transmutation-boss arena; the source’s iron-red water belongs here, not to Poolingdred’s well."", ""notes"": """", ""aliases"": [], ""source_ids"": [""S01""], ""chapter_refs"": [{""label"": ""Chapter 9. OCEAXE"", ""book"": """", ""chapter"": 9, ""title"": ""OCEAXE"", ""source_id"": ""S01"", ""url"": ""https://www.gutenberg.org/cache/epub/1329/pg1329-images.html#link2HCH0009"", ""note"": """"}], ""tags"": [], ""related_entity_ids"": [], ""artwork_ids"": [], ""level_ids"": []}"
G01,artwork,Earth frame and the travellers,characters,,concept-sheet,game_proposal,"Travellers, séance cast and materialisation studies.",,,"[""S01""]","[""C01"", ""C02"", ""C03"", ""C05"", ""C06"", ""C07"", ""C08"", ""C09"", ""C10"", ""C11"", ""C12"", ""C42""]",,[],"[""characters"", ""act3""]","Original generated game proposal, not an implemented screenshot or production asset.",../../concept-art/act3/characters/01-earth-and-travellers.png,generated,True,febd68a91261ffbdecd3b6a281c1171dd9c5d10fb885efdd7d97cbed0a0a750d,2715452,1536,1024,,"{""id"": ""G01"", ""title"": ""Earth frame and the travellers"", ""category"": ""characters"", ""local_path"": ""../../concept-art/act3/characters/01-earth-and-travellers.png"", ""description"": ""Travellers, séance cast and materialisation studies."", ""study_count"": 12, ""prompt"": ""Use case: precise-object-edit. Keep every character and composition. Remove the invented quotation in left panel and its attribution to A Voyage to Arcturus (1920). Replace that block with plain unquoted text 'SOURCE-INSPIRED CASTING STUDIES' then 'Faces and costumes are game interpretations.' No quotation marks or author quotation attribution anywhere."", ""entity_ids"": [""C01"", ""C02"", ""C03"", ""C05"", ""C06"", ""C07"", ""C08"", ""C09"", ""C10"", ""C11"", ""C12"", ""C42""], ""kind"": ""concept-sheet"", ""canon_status"": ""game_proposal"", ""status"": ""generated"", ""generation_method"": ""built-in image_gen"", ""date"": ""2026-10-08"", ""tags"": [""characters"", ""act3""], ""notes"": ""Original generated game proposal, not an implemented screenshot or production asset."", ""original_generation_path"": ""/Users/howardchen/.codex/generated_images/01a119a8-0a06-78d3-8a80-e6a34c7005bf/exec-d2a23027-ba78-4f98-b3f2-f692f6ca0281.png"", ""revision_prompts"": [""Use case: precise-object-edit. Keep every character and composition. Remove the invented quotation in left panel and its attribution to A Voyage to Arcturus (1920). Replace that block with plain unquoted text 'SOURCE-INSPIRED CASTING STUDIES' then 'Faces and costumes are game interpretations.' No quotation marks or author quotation attribution anywhere.""], ""initial_prompt"": ""Use case: stylized-concept. Asset type: original professional game-development concept board for CINDER Act 3, TORMANCE — THE FALSE WORLD, inspired by David Lindsay's A Voyage to Arcturus (1920). Style/medium: carefully drawn tactile ink and gouache, strange early speculative-fiction imagination, strong silhouettes, sophisticated production design with six separated visual studies; generous gutters and clean restrained short labels. Landscape board roughly 3:2. Proposed game palette black, unnatural violet and sulphur-green with ivory highlights; respect any specifically mentioned novel colors. These colors/patterns are proposed equivalents for impossible colors, never a claim to literally render ulfire/jale. No lunar theatre, no modern science-fiction armor, no generic elves or medieval fantasy, no logos/watermarks, no graphic gore. Board should feel useful to environment and character artists. Exact costumes and architecture are adaptation proposals. Twelve separated full-body casting studies, 3 rows of 4 on pale paper. Source characters: MASKULL a giant broad robust man with heavy features, full black beard, short bristling black hair, tweed suit; NIGHTSpore lean middle-height, clean-shaven, wild distant eyes, tweeds; KRAG angular unsettling guide in ordinary period travel clothing (costume interpreted); BACKHOUSE short thickset pointed beard medium; MONTAGUE FAULL rich South-American merchant in an early-1900 lounge suit; MRS JAMESON refined small patrician pianist; KENT-SMITH elderly bright-eyed former magistrate; PRIOR genial coffee importer; LANG tall thinning bald stockbroker; PROFESSOR HALBART small meagre psychologist; MRS TRENT tall graceful black-haired woman in expensive evening dress; the unnamed luminous séance MATERIALISATION as a still uncanny human figure. Clothing early twentieth-century civilian, no astronaut suits. Small bottom strip of traveler pixel-silhouette translation proposals, not replacement costumes for all cast. Character demeanor differentiated, no generic warrior squad. Labels just names."", ""final_generation_path"": ""/Users/howardchen/.codex/generated_images/01a119a8-0a06-78d3-8a80-e6a34c7005bf/exec-6358201f-0d63-402e-b7f0-5f9bc54db721.png"", ""review_status"": ""visually_reviewed_concept"", ""source_ids"": [""S01""], ""repo_path"": ""docs/concept-art/act3/characters/01-earth-and-travellers.png"", ""file_exists"": true, ""manifest_status"": ""generated"", ""sha256"": ""febd68a91261ffbdecd3b6a281c1171dd9c5d10fb885efdd7d97cbed0a0a750d"", ""file_bytes"": 2715452, ""width"": 1536, ""height"": 1024, ""level_ids"": []}"
G02,artwork,Compassion and shore companions,characters,,concept-sheet,game_proposal,"Joiwind, Panawe, shore companions and early Maskull organ studies.",,,"[""S01""]","[""C01"", ""C14"", ""C15"", ""C27"", ""C28"", ""C21"", ""P01"", ""P02"", ""P03"", ""P07""]",,[],"[""characters"", ""act3""]","Original generated game proposal, not an implemented screenshot or production asset.",../../concept-art/act3/characters/02-compassion-and-shore.png,generated,True,fb962de586eb2c00a9a4137ca55f3fb9137f4a54428505d1b37f35f840af4b4f,3041857,1536,1024,,"{""id"": ""G02"", ""title"": ""Compassion and shore companions"", ""category"": ""characters"", ""local_path"": ""../../concept-art/act3/characters/02-compassion-and-shore.png"", ""description"": ""Joiwind, Panawe, shore companions and early Maskull organ studies."", ""study_count"": 8, ""prompt"": ""Use case: precise-object-edit. Keep the polished board layout and architectural background as GAME interpretation. Correct source character anatomy: MASKULL must be a large broad robust mature man, full black beard, short black bristling hair, also in far-right scale comparison, matching the Earth character board. POLECRAB must be BALD and BEARDLESS, short thickset sturdy body, wrinkled walnut-like leathery face, huge hands, three eyes jade-green/blue/patterned ulfire, coarse hide clothing; remove shaggy hair and full beard. GLEAMEIL must be young tall slender with lightly tanned skin, yellow hair coiled with loose strands and THREE eyes, not dark-haired ordinary-eyed man. JOIWIND flaxen hair stays. Preserve dignified fully clothed poses. Remove invented quotation near top left; replace with 'SOURCE-INSPIRED GAME CHARACTER STUDIES'. Label added architecture and raft sails 'Visual adaptation'. No quotes falsely credited to novel."", ""entity_ids"": [""C01"", ""C14"", ""C15"", ""C27"", ""C28"", ""C21"", ""P01"", ""P02"", ""P03"", ""P07""], ""kind"": ""concept-sheet"", ""canon_status"": ""game_proposal"", ""status"": ""generated"", ""generation_method"": ""built-in image_gen"", ""date"": ""2026-10-08"", ""tags"": [""characters"", ""act3""], ""notes"": ""Original generated game proposal, not an implemented screenshot or production asset."", ""original_generation_path"": ""/Users/howardchen/.codex/generated_images/01a119a8-0a06-78d3-8a80-e6a34c7005bf/exec-1b23ca4c-014e-48dd-a7da-11abec8e37d0.png"", ""revision_prompts"": [""Use case: precise-object-edit. Keep the polished board layout and architectural background as GAME interpretation. Correct source character anatomy: MASKULL must be a large broad robust mature man, full black beard, short black bristling hair, also in far-right scale comparison, matching the Earth character board. POLECRAB must be BALD and BEARDLESS, short thickset sturdy body, wrinkled walnut-like leathery face, huge hands, three eyes jade-green/blue/patterned ulfire, coarse hide clothing; remove shaggy hair and full beard. GLEAMEIL must be young tall slender with lightly tanned skin, yellow hair coiled with loose strands and THREE eyes, not dark-haired ordinary-eyed man. JOIWIND flaxen hair stays. Preserve dignified fully clothed poses. Remove invented quotation near top left; replace with 'SOURCE-INSPIRED GAME CHARACTER STUDIES'. Label added architecture and raft sails 'Visual adaptation'. No quotes falsely credited to novel.""], ""initial_prompt"": ""Use case: stylized-concept. Asset type: original professional game-development concept board for CINDER Act 3, TORMANCE — THE FALSE WORLD, inspired by David Lindsay's A Voyage to Arcturus (1920). Style/medium: carefully drawn tactile ink and gouache, strange early speculative-fiction imagination, strong silhouettes, sophisticated production design with six separated visual studies; generous gutters and clean restrained short labels. Landscape board roughly 3:2. Proposed game palette black, unnatural violet and sulphur-green with ivory highlights; respect any specifically mentioned novel colors. These colors/patterns are proposed equivalents for impossible colors, never a claim to literally render ulfire/jale. No lunar theatre, no modern science-fiction armor, no generic elves or medieval fantasy, no logos/watermarks, no graphic gore. Board should feel useful to environment and character artists. Exact costumes and architecture are adaptation proposals. Eight spacious character studies for nonhostile companions. JOIWIND twice: tall slender, very long loosely plaited flaxen hair, softly shifting opalescent skin, gentle open face, rounded forehead breve, paired small sensory buds beneath ears, one supple chest magn tentacle; simple fully clothed draped robe is a modest game costume proposal. PANAWE in white clothes, beardless, snowy soft skin and thought-reading forehead organ; DIGRUNG skeptical younger companion in simple proposal clothing; POLECRAB grounded rough fisherman with three different-colored eyes (jade-green, blue and pattern representing ulfire) beside humble corded branch raft; GLEAMEIL attentive serious companion in unostentatious clothing; MASKULL with forehead breve and quiet chest magn shown over clothing; Maskull and Joiwind friendly scale comparison. No staff/generic healer armor, no blood-exchange surgery scene. Compassion feels intelligent, not sentimental. These people are NPCs not hostile enemies."", ""final_generation_path"": ""/Users/howardchen/.codex/generated_images/01a119a8-0a06-78d3-8a80-e6a34c7005bf/exec-40b74be6-114d-4219-b262-35b1545e94be.png"", ""review_status"": ""visually_reviewed_concept"", ""source_ids"": [""S01""], ""repo_path"": ""docs/concept-art/act3/characters/02-compassion-and-shore.png"", ""file_exists"": true, ""manifest_status"": ""generated"", ""sha256"": ""fb962de586eb2c00a9a4137ca55f3fb9137f4a54428505d1b37f35f840af4b4f"", ""file_bytes"": 3041857, ""width"": 1536, ""height"": 1024, ""level_ids"": []}"
G03,artwork,"Will, doctrine and dangerous attachment",characters,,concept-sheet,game_proposal,"Character studies for will, coercion, doctrine and attachment.",,,"[""S01""]","[""C18"", ""C19"", ""C20"", ""C25"", ""C34"", ""C22"", ""P04"", ""P05""]",,"[""A3-L4""]","[""characters"", ""act3""]","Original generated game proposal, not an implemented screenshot or production asset.",../../concept-art/act3/characters/03-will-and-attachment.png,generated,True,cb0effd39c9054e9afc0d4d8f2e1ea446948ce2b7191d30141bd5cf95437d5bd,2605197,1536,1024,,"{""id"": ""G03"", ""title"": ""Will, doctrine and dangerous attachment"", ""category"": ""characters"", ""local_path"": ""../../concept-art/act3/characters/03-will-and-attachment.png"", ""description"": ""Character studies for will, coercion, doctrine and attachment."", ""study_count"": 8, ""prompt"": ""Use case: precise-object-edit. Keep all eight character and value studies exactly. Remove ALL quotation-style text and ALL quotation marks and attributed author/novel lines, particularly the invented top-left 'Things are more real here...' credited to A Voyage to Arcturus. Replace top-left quote block with 'SOURCE-INSPIRED CHARACTER STUDIES' and 'Visual details are game interpretations.' Smaller poetic quote blocks should become simple unquoted headings 'Persuasion', 'Doctrine', 'Questioning', 'Luminous presence'. No other changes."", ""entity_ids"": [""C18"", ""C19"", ""C20"", ""C25"", ""C34"", ""C22"", ""P04"", ""P05""], ""kind"": ""concept-sheet"", ""canon_status"": ""game_proposal"", ""status"": ""generated"", ""generation_method"": ""built-in image_gen"", ""date"": ""2026-10-08"", ""tags"": [""characters"", ""act3""], ""notes"": ""Original generated game proposal, not an implemented screenshot or production asset."", ""original_generation_path"": ""/Users/howardchen/.codex/generated_images/01a119a8-0a06-78d3-8a80-e6a34c7005bf/exec-1c707205-715c-43e7-a20d-22ade6a1a197.png"", ""revision_prompts"": [""Use case: precise-object-edit. Keep all eight character and value studies exactly. Remove ALL quotation-style text and ALL quotation marks and attributed author/novel lines, particularly the invented top-left 'Things are more real here...' credited to A Voyage to Arcturus. Replace top-left quote block with 'SOURCE-INSPIRED CHARACTER STUDIES' and 'Visual details are game interpretations.' Smaller poetic quote blocks should become simple unquoted headings 'Persuasion', 'Doctrine', 'Questioning', 'Luminous presence'. No other changes.""], ""initial_prompt"": ""Use case: stylized-concept. Asset type: original professional game-development concept board for CINDER Act 3, TORMANCE — THE FALSE WORLD, inspired by David Lindsay's A Voyage to Arcturus (1920). Style/medium: carefully drawn tactile ink and gouache, strange early speculative-fiction imagination, strong silhouettes, sophisticated production design with six separated visual studies; generous gutters and clean restrained short labels. Landscape board roughly 3:2. Proposed game palette black, unnatural violet and sulphur-green with ivory highlights; respect any specifically mentioned novel colors. These colors/patterns are proposed equivalents for impossible colors, never a claim to literally render ulfire/jale. No lunar theatre, no modern science-fiction armor, no generic elves or medieval fantasy, no logos/watermarks, no graphic gore. Board should feel useful to environment and character artists. Exact costumes and architecture are adaptation proposals. Eight character studies: OCEAXE proud bold figure with carmine/ivory/opalescent skin, forehead sorb, third arm from breast shown over modest layered clothing; CRIMTYPHON youthful cruel figure with pale skin and violet hair, dangerous composure rather than enormous warrior; TYDOMIN twice, composed quietly imposing woman with a chest-grown third arm over draped clothing, persuasive hand pose and close portrait; SPADEVIL austere philosophical teacher; CATICE rigid questioning figure with severe simple costume; SULLENBODE softly luminous skin, dark maroon hair, rose-red lips, clothed robe invisible in dark background interpreted as charcoal silhouette; small Sullenbode daylight-versus-night value study. All exact costume design proposals. Dread arises from stillness, control and ideals, not spiked armor or monster faces. No nudity/gore. Clear name labels and small forehead/arm anatomy insets."", ""final_generation_path"": ""/Users/howardchen/.codex/generated_images/01a119a8-0a06-78d3-8a80-e6a34c7005bf/exec-10ca69ec-a2a2-45a1-be3a-ec13819f34bf.png"", ""review_status"": ""visually_reviewed_concept"", ""source_ids"": [""S01""], ""repo_path"": ""docs/concept-art/act3/characters/03-will-and-attachment.png"", ""file_exists"": true, ""manifest_status"": ""generated"", ""sha256"": ""cb0effd39c9054e9afc0d4d8f2e1ea446948ce2b7191d30141bd5cf95437d5bd"", ""file_bytes"": 2605197, ""width"": 1536, ""height"": 1024, ""level_ids"": [""A3-L4""]}"
G04,artwork,"Seekers, phaens and revelation",characters,,concept-sheet,game_proposal,Late companions and metaphysical presence studies.,,,"[""S01""]","[""C02"", ""C03"", ""C26"", ""C29"", ""C31"", ""C32"", ""C33"", ""C04"", ""C40"", ""P18""]",,"[""A3-L5""]","[""characters"", ""act3""]","Original generated game proposal, not an implemented screenshot or production asset.",../../concept-art/act3/characters/04-seekers-and-revelation.png,generated,True,4d2e44683bbdf6d7a501ee913bc742126febe8b10c587176ed63be8cbc7f3abb,3144803,1536,1024,,"{""id"": ""G04"", ""title"": ""Seekers, phaens and revelation"", ""category"": ""characters"", ""local_path"": ""../../concept-art/act3/characters/04-seekers-and-revelation.png"", ""description"": ""Late companions and metaphysical presence studies."", ""study_count"": 10, ""prompt"": ""Use case: precise-object-edit. Preserve ten study layout and refined ink/gouache style. Correct DREAMSINTER: enormous robust male overtopping giant Maskull, thick black coiled hair, THREE luminous pale-green eyes, faint phosphorescent skin, staff; use modest rough draped cloth rather than nudity. Replace skinny elderly skeletal figure. Correct EARTHRID: pale weak vacant disagreeable mature male, sparse black sprouts on head and chin, perfectly circular convoluted EAR-shaped forehead organ, concentrated playing of water-resonance rather than ordinary harp; replace harp with small invented resonance-frame explicitly labeled 'Instrument interpretation'. Correct HAUNTE: hairless sharp ugly face, protruding teeth, deep chest/long trunk, stump-like forehead organ and blue-violet patterned dolm skin under close fur clothing, remove long braids. NIGHTSpore should be clean-shaven tough middle height with short hair; KRAG ordinary rugged severe man, avoid full enormous beard if not specified. Keep LEEHALLFAE third-sex phaen, turban, TWO eyes, very long ankle-length SINGLE plait and ae label. Remove any decorative quotation marks; all captions are design notes, no invented Lindsay quotes."", ""entity_ids"": [""C02"", ""C03"", ""C26"", ""C29"", ""C31"", ""C32"", ""C33"", ""C04"", ""C40"", ""P18""], ""kind"": ""concept-sheet"", ""canon_status"": ""game_proposal"", ""status"": ""generated"", ""generation_method"": ""built-in image_gen"", ""date"": ""2026-10-08"", ""tags"": [""characters"", ""act3""], ""notes"": ""Original generated game proposal, not an implemented screenshot or production asset."", ""original_generation_path"": ""/Users/howardchen/.codex/generated_images/01a119a8-0a06-78d3-8a80-e6a34c7005bf/exec-826e916c-5587-4ec6-acc5-33cf3ec0b034.png"", ""revision_prompts"": [""Use case: precise-object-edit. Preserve ten study layout and refined ink/gouache style. Correct DREAMSINTER: enormous robust male overtopping giant Maskull, thick black coiled hair, THREE luminous pale-green eyes, faint phosphorescent skin, staff; use modest rough draped cloth rather than nudity. Replace skinny elderly skeletal figure. Correct EARTHRID: pale weak vacant disagreeable mature male, sparse black sprouts on head and chin, perfectly circular convoluted EAR-shaped forehead organ, concentrated playing of water-resonance rather than ordinary harp; replace harp with small invented resonance-frame explicitly labeled 'Instrument interpretation'. Correct HAUNTE: hairless sharp ugly face, protruding teeth, deep chest/long trunk, stump-like forehead organ and blue-violet patterned dolm skin under close fur clothing, remove long braids. NIGHTSpore should be clean-shaven tough middle height with short hair; KRAG ordinary rugged severe man, avoid full enormous beard if not specified. Keep LEEHALLFAE third-sex phaen, turban, TWO eyes, very long ankle-length SINGLE plait and ae label. Remove any decorative quotation marks; all captions are design notes, no invented Lindsay quotes.""], ""initial_prompt"": ""Use case: stylized-concept. Asset type: original professional game-development concept board for CINDER Act 3, TORMANCE — THE FALSE WORLD, inspired by David Lindsay's A Voyage to Arcturus (1920). Style/medium: carefully drawn tactile ink and gouache, strange early speculative-fiction imagination, strong silhouettes, sophisticated production design with six separated visual studies; generous gutters and clean restrained short labels. Landscape board roughly 3:2. Proposed game palette black, unnatural violet and sulphur-green with ivory highlights; respect any specifically mentioned novel colors. These colors/patterns are proposed equivalents for impossible colors, never a claim to literally render ulfire/jale. No lunar theatre, no modern science-fiction armor, no generic elves or medieval fantasy, no logos/watermarks, no graphic gore. Board should feel useful to environment and character artists. Exact costumes and architecture are adaptation proposals. Ten separated late-journey casting studies: DREAMSINTER uncanny elderly forest observer (precise visage interpreted); EARTHRID severe concentrated musician at shore; LEEHALLFAE twice, a dignified third-sex phaen labeled PHAEN / AE, beardless self-luminous face, two eyes, very long single plait to ankles, turban projecting over forehead organ, simple full clothing, neither ordinary male nor ordinary female caricature; CORPANG earnest devotee with grounded heavy gaze; HAUNTE luminous patterned blue-violet dolm skin, sneering resourceful expression and small skin/canework flying boat as separate inset; NIGHTSPORE hunger and awakening portrait; KRAG/SURTUR as guide with harsh but purposeful presence; GANGNET luminous benign-seeming false-world persona; CRYSTALMAN/SHAPING as an abstract immense almost-human smile dissolved into landscape. Last figures metaphysical game interpretations, no claim that novel gives these literal costumes. Short labels, no glowing generic wizard robes."", ""final_generation_path"": ""/Users/howardchen/.codex/generated_images/01a119a8-0a06-78d3-8a80-e6a34c7005bf/exec-5c6e5936-e211-42a0-8744-2d10f4e19f7d.png"", ""review_status"": ""visually_reviewed_concept"", ""source_ids"": [""S01""], ""repo_path"": ""docs/concept-art/act3/characters/04-seekers-and-revelation.png"", ""file_exists"": true, ""manifest_status"": ""generated"", ""sha256"": ""4d2e44683bbdf6d7a501ee913bc742126febe8b10c587176ed63be8cbc7f3abb"", ""file_bytes"": 3144803, ""width"": 1536, ""height"": 1024, ""level_ids"": [""A3-L5""]}"
G05,artwork,Twin Suns — Poolingdred kit,environments,,concept-sheet,game_proposal,"Poolingdred dunes, two suns, white shadows and modular ground.",,,"[""S01""]","[""E06"", ""E07"", ""P09""]",,"[""A3-L1"", ""A3-O1""]","[""act3"", ""environments""]","Original generated game proposal, not an implemented screenshot or production asset. An earlier correction request returned HTTP 408; this selected correction succeeded on retry.",../../concept-art/act3/environments/01-twin-suns.png,generated,True,4e864368843a6cafd420dd8ca966643c853bafa82d67250b5d701ac30bc5e612,2764490,1536,1024,,"{""id"": ""G05"", ""title"": ""Twin Suns — Poolingdred kit"", ""category"": ""environments"", ""local_path"": ""../../concept-art/act3/environments/01-twin-suns.png"", ""description"": ""Poolingdred dunes, two suns, white shadows and modular ground."", ""study_count"": 6, ""prompt"": ""Use case: precise-object-edit. Preserve this six-panel ink/gouache Twin Suns concept board composition and typography. Correct these facts only. Panel3 currently shows red river: change WATER to clear cool blue-grey and the banks to SCARLET SAND. Change panel3 title to exact '3. GNAWL WATER', subtitle 'Clear water, scarlet sand. A game composition.' Likewise change red water in shore-edge module to clear cool water. This is a staged gnawl-water scene, not Shaping's desert well (that separate well is dark green). Blue fruits must be labeled 'BLUE FRUIT', not jale-fruits; feathery root-ball plants 'FLOATING ROOT-BALLS', their ulfire represented by violet pattern. Remove the invented top-right quote 'Not a dream, but a truer seeing' and novel attribution; replace with plain 'SOURCE-INSPIRED GAME CONCEPT' then 'Exact scenery is a visual proposal.' Remove any other quote marks; no new invented source quotations. Replace panel2 lower collision text with 'Sun-state previews are a game proposal. Base floor and safe pockets remain.' Keep the white and blue suns, white shadows, clear broad ground and six panel layout unchanged."", ""kind"": ""concept-sheet"", ""canon_status"": ""game_proposal"", ""status"": ""generated"", ""generation_method"": ""built-in image_gen"", ""date"": ""2026-10-08"", ""entity_ids"": [""E06"", ""E07"", ""P09""], ""tags"": [""act3"", ""environments""], ""notes"": ""Original generated game proposal, not an implemented screenshot or production asset. An earlier correction request returned HTTP 408; this selected correction succeeded on retry."", ""original_generation_path"": ""/Users/howardchen/.codex/generated_images/01a119a8-0a06-78d3-8a80-e6a34c7005bf/exec-5e79877d-e916-479a-ae73-498404ba9f7b.png"", ""initial_prompt"": ""Use case: stylized-concept. Asset type: original professional game-development concept board for CINDER Act 3, TORMANCE — THE FALSE WORLD, inspired by David Lindsay's A Voyage to Arcturus (1920). Style/medium: carefully drawn tactile ink and gouache, strange early speculative-fiction imagination, strong silhouettes, sophisticated production design with six separated visual studies; generous gutters and clean restrained short labels. Landscape board roughly 3:2. Proposed game palette black, unnatural violet and sulphur-green with ivory highlights; respect any specifically mentioned novel colors. These colors/patterns are proposed equivalents for impossible colors, never a claim to literally render ulfire/jale. No lunar theatre, no modern science-fiction armor, no generic elves or medieval fantasy, no logos/watermarks, no graphic gore. Board should feel useful to environment and character artists. Exact costumes and architecture are adaptation proposals. Scene: six-panel environment kit. Main cinematic landscape of alien desert dunes and dark purple hills under TWO suns: immense white Branchspell, smaller blue Alppain; a plainly white shadow projected from a black standing stone lies on violet sand. Smaller studies: blood-red stream through grounded dunes; separated hard blue egg-shaped fruits and floating feathery root-ball plants; abstract living-color shrine beside a green lake; two broad ground-level arena arrangements under alternating light; six reusable rock/dune/shore modules. Calm wonder with uncanny perception. Gameplay floor is continuous broad ground, not suspended platforms. Alternating collision changes are a GAME proposal shown in inset floor diagrams with outline previews and a permanent safe pocket. No player HUD. Short headings: TWIN SUNS, WHITE SHADOW, LIVING COLOUR, GROUND KIT. Source desert and red water retain distinctive material texture."", ""revision_prompts"": [""Use case: precise-object-edit. Preserve this six-panel ink/gouache Twin Suns concept board composition and typography. Correct these facts only. Panel3 currently shows red river: change WATER to clear cool blue-grey and the banks to SCARLET SAND. Change panel3 title to exact '3. GNAWL WATER', subtitle 'Clear water, scarlet sand. A game composition.' Likewise change red water in shore-edge module to clear cool water. This is a staged gnawl-water scene, not Shaping's desert well (that separate well is dark green). Blue fruits must be labeled 'BLUE FRUIT', not jale-fruits; feathery root-ball plants 'FLOATING ROOT-BALLS', their ulfire represented by violet pattern. Remove the invented top-right quote 'Not a dream, but a truer seeing' and novel attribution; replace with plain 'SOURCE-INSPIRED GAME CONCEPT' then 'Exact scenery is a visual proposal.' Remove any other quote marks; no new invented source quotations. Replace panel2 lower collision text with 'Sun-state previews are a game proposal. Base floor and safe pockets remain.' Keep the white and blue suns, white shadows, clear broad ground and six panel layout unchanged.""], ""final_generation_path"": ""/Users/howardchen/.codex/generated_images/01a119a8-0a06-78d3-8a80-e6a34c7005bf/exec-598bfa1a-e369-4fb8-b2c4-d1ad169aca64.png"", ""review_status"": ""visually_reviewed_concept"", ""source_ids"": [""S01""], ""repo_path"": ""docs/concept-art/act3/environments/01-twin-suns.png"", ""file_exists"": true, ""manifest_status"": ""generated"", ""sha256"": ""4e864368843a6cafd420dd8ca966643c853bafa82d67250b5d701ac30bc5e612"", ""file_bytes"": 2764490, ""width"": 1536, ""height"": 1024, ""level_ids"": [""A3-L1"", ""A3-O1""]}"
G06,artwork,Living Forest — Wombflash kit,environments,,concept-sheet,game_proposal,Wombflash's immense forest developed into a readable ground combat kit.,,,"[""S01""]","[""E15"", ""M06""]",,"[""A3-L2"", ""A3-O2""]","[""act3"", ""environments""]","Original generated game proposal, not an implemented screenshot or production asset.",../../concept-art/act3/environments/02-living-forest.png,generated,True,ec99da5f0b5c8c85ddd931069155c1f90aeabe60a7b2647ba13bd3d75c30e4ff,3038670,1536,1024,,"{""id"": ""G06"", ""title"": ""Living Forest — Wombflash kit"", ""category"": ""environments"", ""local_path"": ""../../concept-art/act3/environments/02-living-forest.png"", ""description"": ""Wombflash's immense forest developed into a readable ground combat kit."", ""study_count"": 6, ""prompt"": ""Use case: precise-object-edit. Keep entire six-panel forest composition. Remove the invented top-right quotation 'Other colours breathe here' and attribution David Lindsay / A Voyage to Arcturus (1920); replace with 'SOURCE-INSPIRED GAME ENVIRONMENT' and 'Red bark, eyes and organ textures are visual adaptations.' Make ground and air visibly misty and damp with dead wet leaves while preserving broad empty playable center. Keep towering scale. No new objects, no source-attributed quotes."", ""kind"": ""concept-sheet"", ""canon_status"": ""game_proposal"", ""status"": ""generated"", ""generation_method"": ""built-in image_gen"", ""date"": ""2026-10-08"", ""entity_ids"": [""E15"", ""M06""], ""tags"": [""act3"", ""environments""], ""notes"": ""Original generated game proposal, not an implemented screenshot or production asset."", ""original_generation_path"": ""/Users/howardchen/.codex/generated_images/01a119a8-0a06-78d3-8a80-e6a34c7005bf/exec-501f38b4-0aa0-43e5-a675-5fb9b7543656.png"", ""revision_prompts"": [""Use case: precise-object-edit. Keep entire six-panel forest composition. Remove the invented top-right quotation 'Other colours breathe here' and attribution David Lindsay / A Voyage to Arcturus (1920); replace with 'SOURCE-INSPIRED GAME ENVIRONMENT' and 'Red bark, eyes and organ textures are visual adaptations.' Make ground and air visibly misty and damp with dead wet leaves while preserving broad empty playable center. Keep towering scale. No new objects, no source-attributed quotes.""], ""initial_prompt"": ""Use case: stylized-concept. Asset type: original professional game-development concept board for CINDER Act 3, TORMANCE — THE FALSE WORLD, inspired by David Lindsay's A Voyage to Arcturus (1920). Style/medium: carefully drawn tactile ink and gouache, strange early speculative-fiction imagination, strong silhouettes, sophisticated production design with six separated visual studies; generous gutters and clean restrained short labels. Landscape board roughly 3:2. Proposed game palette black, unnatural violet and sulphur-green with ivory highlights; respect any specifically mentioned novel colors. These colors/patterns are proposed equivalents for impossible colors, never a claim to literally render ulfire/jale. No lunar theatre, no modern science-fiction armor, no generic elves or medieval fantasy, no logos/watermarks, no graphic gore. Board should feel useful to environment and character artists. Exact costumes and architecture are adaptation proposals. Scene: six-panel WOMBFLASH FOREST development board. Main view: impossibly tall deep red tree trunks disappear into dark dense crowns, distant leaves represented by restless violet/green checker-pattern shimmer as a proposed ulfire equivalent. Large bowed roots frame a broad clear violet earth floor and a small lone traveller. Secondary studies: towering trunk scale, roots as reusable low blockers, distant three-eyed observer silhouette, suggested drum vibration as square ripples through bark, a two-route ground-level clearing, same-kit optional drum grove. Organic and fleshlike bark is a game interpretation, not literal mouths on every tree. A single subtle eye-like knot evokes watching scenery. Preserve a calm readable combat center, no trunk hiding player, no bridge or required climbing. Short headings LIVING FOREST, RED TRUNKS, DRUM GROVE. Foreboding yet beautiful. No HUD."", ""final_generation_path"": ""/Users/howardchen/.codex/generated_images/01a119a8-0a06-78d3-8a80-e6a34c7005bf/exec-2c5a18ff-7b45-4be1-98d4-c56f6eb1e606.png"", ""review_status"": ""visually_reviewed_concept"", ""source_ids"": [""S01""], ""repo_path"": ""docs/concept-art/act3/environments/02-living-forest.png"", ""file_exists"": true, ""manifest_status"": ""generated"", ""sha256"": ""ec99da5f0b5c8c85ddd931069155c1f90aeabe60a7b2647ba13bd3d75c30e4ff"", ""file_bytes"": 3038670, ""width"": 1536, ""height"": 1024, ""level_ids"": [""A3-L2"", ""A3-O2""]}"
G07,artwork,Mirror Sea — shores and Swaylone,environments,,concept-sheet,game_proposal,Sinking Sea shore kit with separate Irontick lake and reflection proposals.,,,"[""S01""]","[""E16"", ""E18"", ""E19"", ""C29"", ""C27"", ""P15"", ""P16"", ""P17""]",,"[""A3-L3"", ""A3-O3""]","[""environments"", ""act3""]","Original generated game proposal, not an implemented screenshot or production asset.",../../concept-art/act3/environments/03-mirror-sea.png,generated,True,748aa4abc09625e68b128bae9edd89bacacdcd489922cf7d516402d4f4f731c3,2724487,1536,1024,,"{""id"": ""G07"", ""title"": ""Mirror Sea — shores and Swaylone"", ""category"": ""environments"", ""local_path"": ""../../concept-art/act3/environments/03-mirror-sea.png"", ""description"": ""Sinking Sea shore kit with separate Irontick lake and reflection proposals."", ""study_count"": 6, ""prompt"": ""Use case: precise-object-edit. Keep entire six-panel board composition, painting, typography and modular shore. Remove top-left invented quotation 'A more real thing wears a false appearance' and its David Lindsay / A Voyage to Arcturus (1920) attribution; replace that block with 'SOURCE-INSPIRED GAME CONCEPT' and 'Mirror Sea and architecture are adaptations.' No source-attributed quotation remains. Keep Irontick clearly separate lake and dry ground diagrams; no other changes."", ""entity_ids"": [""E16"", ""E18"", ""E19"", ""C29"", ""C27"", ""P15"", ""P16"", ""P17""], ""kind"": ""concept-sheet"", ""canon_status"": ""game_proposal"", ""status"": ""generated"", ""generation_method"": ""built-in image_gen"", ""date"": ""2026-10-08"", ""tags"": [""environments"", ""act3""], ""notes"": ""Original generated game proposal, not an implemented screenshot or production asset."", ""original_generation_path"": ""/Users/howardchen/.codex/generated_images/01a119a8-0a06-78d3-8a80-e6a34c7005bf/exec-ad408f50-ebfc-4d64-ac21-cfc113c0667c.png"", ""revision_prompts"": [""Use case: precise-object-edit. Keep entire six-panel board composition, painting, typography and modular shore. Remove top-left invented quotation 'A more real thing wears a false appearance' and its David Lindsay / A Voyage to Arcturus (1920) attribution; replace that block with 'SOURCE-INSPIRED GAME CONCEPT' and 'Mirror Sea and architecture are adaptations.' No source-attributed quotation remains. Keep Irontick clearly separate lake and dry ground diagrams; no other changes.""], ""initial_prompt"": ""Use case: stylized-concept. Asset type: original professional game-development concept board for CINDER Act 3, TORMANCE — THE FALSE WORLD, inspired by David Lindsay's A Voyage to Arcturus (1920). Style/medium: carefully drawn tactile ink and gouache, strange early speculative-fiction imagination, strong silhouettes, sophisticated production design with six separated visual studies; generous gutters and clean restrained short labels. Landscape board roughly 3:2. Proposed game palette black, unnatural violet and sulphur-green with ivory highlights; respect any specifically mentioned novel colors. These colors/patterns are proposed equivalents for impossible colors, never a claim to literally render ulfire/jale. No lunar theatre, no modern science-fiction armor, no generic elves or medieval fantasy, no logos/watermarks, no graphic gore. Board should feel useful to environment and character artists. Exact costumes and architecture are adaptation proposals. Six-panel MIRROR SEA board. Large alien sea-shore scene: dark uneven-density sea with vertical water spouts, blue-black glassy-looking reflections as game interpretation, broad dry mineral foreland and tree raft scenery. Other studies: Swaylone's Island silhouette; the musical LAKE IRONTICK inset explicitly separated from open sea, shore and vibrating water; root-grown drift tree standing upright in water; black rock shore/ground module set; two mirrored dry arena arrangements sharing same material kit. All mandatory playable surfaces are broad dry connected ground; raft crossing a story transition, not new piloting control. Reflections never disguise collision boundaries. Strange silence punctuated by dangerous music. No tropical palm beach or mandatory swimming. Short headings SHORE, SWAYLONE, IRONTICK LAKE, GROUND KIT."", ""final_generation_path"": ""/Users/howardchen/.codex/generated_images/01a119a8-0a06-78d3-8a80-e6a34c7005bf/exec-d8e66ad8-8cb9-4787-b0dd-08dc58e01117.png"", ""review_status"": ""visually_reviewed_concept"", ""source_ids"": [""S01""], ""repo_path"": ""docs/concept-art/act3/environments/03-mirror-sea.png"", ""file_exists"": true, ""manifest_status"": ""generated"", ""sha256"": ""748aa4abc09625e68b128bae9edd89bacacdcd489922cf7d516402d4f4f731c3"", ""file_bytes"": 2724487, ""width"": 1536, ""height"": 1024, ""level_ids"": [""A3-L3"", ""A3-O3""]}"
G08,artwork,False Paradise — attachment garden,environments,,concept-sheet,game_proposal,Matterplay and Sullenbode themes combined into an invented garden kit.,,,"[""S01""]","[""E20"", ""E26"", ""C34"", ""B05""]",,"[""A3-L2"", ""A3-L4""]","[""environments"", ""act3""]","Original generated game proposal, not an implemented screenshot or production asset.",../../concept-art/act3/environments/04-false-paradise.png,generated,True,5a70337c70100ea9078352995a64b4e2abc0799e168550a5a21515d8a424ac6e,3336783,1536,1024,,"{""id"": ""G08"", ""title"": ""False Paradise — attachment garden"", ""category"": ""environments"", ""local_path"": ""../../concept-art/act3/environments/04-false-paradise.png"", ""description"": ""Matterplay and Sullenbode themes combined into an invented garden kit."", ""study_count"": 6, ""prompt"": ""Use case: stylized-concept. Asset type: original professional game-development concept board for CINDER Act 3, TORMANCE — THE FALSE WORLD, inspired by David Lindsay's A Voyage to Arcturus (1920). Style/medium: carefully drawn tactile ink and gouache, strange early speculative-fiction imagination, strong silhouettes, sophisticated production design with six separated visual studies; generous gutters and clean restrained short labels. Landscape board roughly 3:2. Proposed game palette black, unnatural violet and sulphur-green with ivory highlights; respect any specifically mentioned novel colors. These colors/patterns are proposed equivalents for impossible colors, never a claim to literally render ulfire/jale. No lunar theatre, no modern science-fiction armor, no generic elves or medieval fantasy, no logos/watermarks, no graphic gore. Board should feel useful to environment and character artists. Exact costumes and architecture are adaptation proposals. Six-panel FALSE PARADISE development board. Source-inspired game invention: a serene violet-green garden combining Matterplay's erupting changes of life with Sullenbode's luminous presence. Spacious black soil courtyard with pale flowers, geometrical living shrubs, subtle humanlike stem shapes; exact garden is not an authenticated novel location. Secondary panels: growing evolutionary plant variations; welcoming light and stripped unsettling light using SAME ground layout; softly luminous Sullenbode-like manifestation, dark maroon hair, at perimeter not attack target; low exposed attachment-root target; optional small seed court using same modules. Calm beauty becomes oppressive dependency. Ground remains broad and continuous. Root attacks have separate outline telegraphs, safe pockets are visible. No gore/body horror wounds, no mandatory new plant interaction button. Headings FALSE PARADISE / GAME ADAPTATION / ATTACHMENT ROOT."", ""entity_ids"": [""E20"", ""E26"", ""C34"", ""B05""], ""kind"": ""concept-sheet"", ""canon_status"": ""game_proposal"", ""status"": ""generated"", ""generation_method"": ""built-in image_gen"", ""date"": ""2026-10-08"", ""tags"": [""environments"", ""act3""], ""notes"": ""Original generated game proposal, not an implemented screenshot or production asset."", ""original_generation_path"": ""/Users/howardchen/.codex/generated_images/01a119a8-0a06-78d3-8a80-e6a34c7005bf/exec-75e01e14-3491-4d15-b2f0-02e363e2362d.png"", ""review_status"": ""visually_reviewed_concept"", ""source_ids"": [""S01""], ""repo_path"": ""docs/concept-art/act3/environments/04-false-paradise.png"", ""file_exists"": true, ""manifest_status"": ""generated"", ""sha256"": ""5a70337c70100ea9078352995a64b4e2abc0799e168550a5a21515d8a424ac6e"", ""file_bytes"": 3336783, ""width"": 1536, ""height"": 1024, ""level_ids"": [""A3-L2"", ""A3-L4""]}"
G09,artwork,Crystalman — false world and Muspel,environments,,concept-sheet,game_proposal,"Local climax arena, peeling scenic layers and Muspel coda.",,,"[""S01""]","[""C04"", ""E29"", ""E31"", ""E32"", ""B06""]",,"[""A3-L5""]","[""environments"", ""act3""]","Original generated game proposal, not an implemented screenshot or production asset.",../../concept-art/act3/environments/05-crystalman-and-muspel.png,generated,True,ec552f88423e1240ddd45fa40aafd24c8157056c38da3c2ffbfbb007f368417f,2737555,1536,1024,,"{""id"": ""G09"", ""title"": ""Crystalman — false world and Muspel"", ""category"": ""environments"", ""local_path"": ""../../concept-art/act3/environments/05-crystalman-and-muspel.png"", ""description"": ""Local climax arena, peeling scenic layers and Muspel coda."", ""study_count"": 6, ""prompt"": ""Use case: precise-object-edit. Preserve overall sophisticated Crystalman environment board. Remove top-right invented quotation 'All things lovely here are parts of a greater body' and attribution to novel; replace with 'SOURCE-INSPIRED GAME ENVIRONMENT' and 'Landscape-body and tether are adaptations.' Completely replace only narrow bridge painting in panel TETHER with local broad flat obsidian gameplay floor and a low green-white rooted crystalline knot next to upright traveller, within ordinary short sword reach. The tether is a rooted scenic connection at ankle/knee height, not a bridge, no dangerous gap or required climb. Keep rest of board including three stripped states unchanged. No invented quote attributed to David Lindsay."", ""entity_ids"": [""C04"", ""E29"", ""E31"", ""E32"", ""B06""], ""kind"": ""concept-sheet"", ""canon_status"": ""game_proposal"", ""status"": ""generated"", ""generation_method"": ""built-in image_gen"", ""date"": ""2026-10-08"", ""tags"": [""environments"", ""act3""], ""notes"": ""Original generated game proposal, not an implemented screenshot or production asset."", ""original_generation_path"": ""/Users/howardchen/.codex/generated_images/01a119a8-0a06-78d3-8a80-e6a34c7005bf/exec-527514ac-4a3c-49b4-8f53-2bf7cfdc50a7.png"", ""revision_prompts"": [""Use case: precise-object-edit. Preserve overall sophisticated Crystalman environment board. Remove top-right invented quotation 'All things lovely here are parts of a greater body' and attribution to novel; replace with 'SOURCE-INSPIRED GAME ENVIRONMENT' and 'Landscape-body and tether are adaptations.' Completely replace only narrow bridge painting in panel TETHER with local broad flat obsidian gameplay floor and a low green-white rooted crystalline knot next to upright traveller, within ordinary short sword reach. The tether is a rooted scenic connection at ankle/knee height, not a bridge, no dangerous gap or required climb. Keep rest of board including three stripped states unchanged. No invented quote attributed to David Lindsay.""], ""initial_prompt"": ""Use case: stylized-concept. Asset type: original professional game-development concept board for CINDER Act 3, TORMANCE — THE FALSE WORLD, inspired by David Lindsay's A Voyage to Arcturus (1920). Style/medium: carefully drawn tactile ink and gouache, strange early speculative-fiction imagination, strong silhouettes, sophisticated production design with six separated visual studies; generous gutters and clean restrained short labels. Landscape board roughly 3:2. Proposed game palette black, unnatural violet and sulphur-green with ivory highlights; respect any specifically mentioned novel colors. These colors/patterns are proposed equivalents for impossible colors, never a claim to literally render ulfire/jale. No lunar theatre, no modern science-fiction armor, no generic elves or medieval fantasy, no logos/watermarks, no graphic gore. Board should feel useful to environment and character artists. Exact costumes and architecture are adaptation proposals. Six-panel climax board. Main scene invented local arena made of violet crystalline shrubs, symmetrical shore stones and improbable luminous scenery, a benevolent almost-human smile hinted in the far boundary; the beautiful world itself is Crystalman's body in GAME ADAPTATION. Secondary panels: three progressively stripped SCENERY states expose void at the distant perimeter while the permanent broad obsidian gameplay floor stays intact; a reachable low crystalline tether linking scenic roots; Barey calm glassy sea shore; tower/windows of Muspel as a separate quiet ending vignette; modular broken illusion faces without gore. White shadows and sulphur-green false highlights. No player victory by killing Surtur/Krag, no destruction of all reality shown. Escape is local and ambiguous. Short labels BEAUTIFUL / STRIPPED / TETHER / MUSPEL CODA."", ""final_generation_path"": ""/Users/howardchen/.codex/generated_images/01a119a8-0a06-78d3-8a80-e6a34c7005bf/exec-f95a6c2d-d272-4fd2-9bbf-abb6b9b5b1a6.png"", ""review_status"": ""visually_reviewed_concept"", ""source_ids"": [""S01""], ""repo_path"": ""docs/concept-art/act3/environments/05-crystalman-and-muspel.png"", ""file_exists"": true, ""manifest_status"": ""generated"", ""sha256"": ""ec552f88423e1240ddd45fa40aafd24c8157056c38da3c2ffbfbb007f368417f"", ""file_bytes"": 2737555, ""width"": 1536, ""height"": 1024, ""level_ids"": [""A3-L5""]}"
G10,artwork,Sullenbode's Garden — manifestation boss,bosses,,concept-sheet,game_proposal,"Selected earlier boss; external attachment roots, not Sullenbode herself.",,,"[""S01""]","[""C34"", ""B05"", ""E26""]",,"[""A3-L4""]","[""bosses"", ""act3""]","Original generated game proposal, not an implemented screenshot or production asset.",../../concept-art/act3/bosses/01-sullenbode-garden.png,generated,True,6f58fef102d7ed4c3db1892cb0fa779d4488b21caeda6c28b2032f0be10f197e,2789826,1536,1024,,"{""id"": ""G10"", ""title"": ""Sullenbode's Garden — manifestation boss"", ""category"": ""bosses"", ""local_path"": ""../../concept-art/act3/bosses/01-sullenbode-garden.png"", ""description"": ""Selected earlier boss; external attachment roots, not Sullenbode herself."", ""study_count"": 8, ""prompt"": ""Use case: precise-object-edit. Preserve eight-study boss board and root/tether diagrams. Remove top-right invented quotation 'Things grow here that are not of our world's design' and attribution to David Lindsay/A Voyage to Arcturus; replace with 'FABRICATED GARDEN MANIFESTATION' and 'Named likeness is a nonhostile projection.' Make the human woman a STILL distant non-damageable likeness in all large pose studies: lower her arms/hands calmly to her sides in panels 3 and 4; roots move independently and no hand directs attacks. Keep root windup and sweeping fan, their floor warnings, and exposed low knot the actual target. Replace caption 'The Sullenbode in full manifestation' with 'False-world projection. Attack target: external root network.' Make panel7 show LOCAL GAME-CAMERA diagram: overhead view of traveller, low root target, nearby safe ground and small likeness at boundary, instead of close-up head portrait. Keep broad floor, fully clothed form, no gore, no new controls."", ""entity_ids"": [""C34"", ""B05"", ""E26""], ""kind"": ""concept-sheet"", ""canon_status"": ""game_proposal"", ""status"": ""generated"", ""generation_method"": ""built-in image_gen"", ""date"": ""2026-10-08"", ""tags"": [""bosses"", ""act3""], ""notes"": ""Original generated game proposal, not an implemented screenshot or production asset."", ""original_generation_path"": ""/Users/howardchen/.codex/generated_images/01a119a8-0a06-78d3-8a80-e6a34c7005bf/exec-ff46f493-d040-4cbb-94cb-1d38415400a8.png"", ""revision_prompts"": [""Use case: precise-object-edit. Preserve eight-study boss board and root/tether diagrams. Remove top-right invented quotation 'Things grow here that are not of our world's design' and attribution to David Lindsay/A Voyage to Arcturus; replace with 'FABRICATED GARDEN MANIFESTATION' and 'Named likeness is a nonhostile projection.' Make the human woman a STILL distant non-damageable likeness in all large pose studies: lower her arms/hands calmly to her sides in panels 3 and 4; roots move independently and no hand directs attacks. Keep root windup and sweeping fan, their floor warnings, and exposed low knot the actual target. Replace caption 'The Sullenbode in full manifestation' with 'False-world projection. Attack target: external root network.' Make panel7 show LOCAL GAME-CAMERA diagram: overhead view of traveller, low root target, nearby safe ground and small likeness at boundary, instead of close-up head portrait. Keep broad floor, fully clothed form, no gore, no new controls.""], ""initial_prompt"": ""Use case: stylized-concept. Asset type: original professional game-development concept board for CINDER Act 3, TORMANCE — THE FALSE WORLD, inspired by David Lindsay's A Voyage to Arcturus (1920). Style/medium: carefully drawn tactile ink and gouache, strange early speculative-fiction imagination, strong silhouettes, sophisticated production design with six separated visual studies; generous gutters and clean restrained short labels. Landscape board roughly 3:2. Proposed game palette black, unnatural violet and sulphur-green with ivory highlights; respect any specifically mentioned novel colors. These colors/patterns are proposed equivalents for impossible colors, never a claim to literally render ulfire/jale. No lunar theatre, no modern science-fiction armor, no generic elves or medieval fantasy, no logos/watermarks, no graphic gore. Board should feel useful to environment and character artists. Exact costumes and architecture are adaptation proposals. Eight-study boss development sheet, exact heading SULLENBODE'S GARDEN / GAME ADAPTATION. A still softly luminous dark-maroon-haired human likeness stands at one edge within pale flower arches and living roots, but the ATTACK TARGET is external low attachment root. Eight studies show full manifestation, external root/tether material, windup root raised with floor-double-outline preview, committed short root fan, uncovered low root-knot during recovery, same broad garden floor stripped of decorative flowers, local portrait-camera composition, small pixel silhouette translation. No fight pose or damage to woman, no seduction caricature, no giant health sponge, no hidden instant-hit lash. Protect continuous safe ground and a clear melee approach. Two familiar attack combinations, no new gesture icons."", ""final_generation_path"": ""/Users/howardchen/.codex/generated_images/01a119a8-0a06-78d3-8a80-e6a34c7005bf/exec-3d3928fe-e39d-45df-83ea-2cd3c28e2242.png"", ""review_status"": ""visually_reviewed_concept"", ""source_ids"": [""S01""], ""repo_path"": ""docs/concept-art/act3/bosses/01-sullenbode-garden.png"", ""file_exists"": true, ""manifest_status"": ""generated"", ""sha256"": ""6f58fef102d7ed4c3db1892cb0fa779d4488b21caeda6c28b2032f0be10f197e"", ""file_bytes"": 2789826, ""width"": 1536, ""height"": 1024, ""level_ids"": [""A3-L4""]}"
G11,artwork,Crystalman — the world remembers,bosses,,concept-sheet,game_proposal,"Final boss landscape, fixed world-space echo and melee tether.",,,"[""S01""]","[""C01"", ""C04"", ""B06""]",,"[""A3-L5""]","[""bosses"", ""act3""]","Original generated game proposal, not an implemented screenshot or production asset.",../../concept-art/act3/bosses/02-crystalman-echo.png,generated,True,841cb0818c742ca1b4ec764b66ad83cc469e8e035cc0fe430627e2d9ba0dd280,2894707,1536,1024,,"{""id"": ""G11"", ""title"": ""Crystalman — the world remembers"", ""category"": ""bosses"", ""local_path"": ""../../concept-art/act3/bosses/02-crystalman-echo.png"", ""description"": ""Final boss landscape, fixed world-space echo and melee tether."", ""study_count"": 8, ""prompt"": ""Use case: precise-object-edit. Preserve this polished multi-study concept board, its entire composition, paintings, gutters, labels and material/character designs. Remove ALL invented quotations, all decorative quotation marks, and every line that attributes a decorative sentence to David Lindsay or A Voyage to Arcturus. These sentences are not verified source quotes. Replace the particular author-quote area with plain uppercase 'SOURCE-INSPIRED GAME CONCEPT' then plain small 'Visual interpretation; not a source illustration.' Do not quote or attribute any new sentence. Keep source-object labels as object existence references, not exact shape authenticity. "", ""entity_ids"": [""C01"", ""C04"", ""B06""], ""kind"": ""concept-sheet"", ""canon_status"": ""game_proposal"", ""status"": ""generated"", ""generation_method"": ""built-in image_gen"", ""date"": ""2026-10-08"", ""tags"": [""bosses"", ""act3""], ""notes"": ""Original generated game proposal, not an implemented screenshot or production asset."", ""original_generation_path"": ""/Users/howardchen/.codex/generated_images/01a119a8-0a06-78d3-8a80-e6a34c7005bf/exec-a068b49d-a6be-4827-906e-c5d4ce4dda5b.png"", ""initial_prompt"": ""Use case: stylized-concept. Asset type: original professional game-development concept board for CINDER Act 3, TORMANCE — THE FALSE WORLD, inspired by David Lindsay's A Voyage to Arcturus (1920). Style/medium: carefully drawn tactile ink and gouache, strange early speculative-fiction imagination, strong silhouettes, sophisticated production design with six separated visual studies; generous gutters and clean restrained short labels. Landscape board roughly 3:2. Proposed game palette black, unnatural violet and sulphur-green with ivory highlights; respect any specifically mentioned novel colors. These colors/patterns are proposed equivalents for impossible colors, never a claim to literally render ulfire/jale. No lunar theatre, no modern science-fiction armor, no generic elves or medieval fantasy, no logos/watermarks, no graphic gore. Board should feel useful to environment and character artists. Exact costumes and architecture are adaptation proposals. Eight-study final boss board heading CRYSTALMAN / THE WORLD REMEMBERS. Boss is a beautiful deceptive environment, NOT a generic humanoid crystal knight. Large scene: immense benevolent face implied by luminous ridges and crystal flora surrounds permanent broad dark floor. Smaller studies: low glowing rooted tether within slash reach; three sequential silhouette frames of an ivory-coated player's completed short diagonal ground dash then one slash; apparition echo route clearly shown as fixed dotted chevrons and outlined swept slash sector; committed replay with a visible safe neighboring landing; exposed tether opening after replay; broken tether strips perimeter scenery; final quiet escape slit through false backdrop with floor intact. Use small arrowed study diagrams for visual combat proposal, no joystick or unfamiliar controls. Echo is world-positioned, not camera-drifting, no arbitrary retargeting. No claim this duel is literal novel ending."", ""revision_prompts"": [""Use case: precise-object-edit. Preserve this polished multi-study concept board, its entire composition, paintings, gutters, labels and material/character designs. Remove ALL invented quotations, all decorative quotation marks, and every line that attributes a decorative sentence to David Lindsay or A Voyage to Arcturus. These sentences are not verified source quotes. Replace the particular author-quote area with plain uppercase 'SOURCE-INSPIRED GAME CONCEPT' then plain small 'Visual interpretation; not a source illustration.' Do not quote or attribute any new sentence. Keep source-object labels as object existence references, not exact shape authenticity. ""], ""final_generation_path"": ""/Users/howardchen/.codex/generated_images/01a119a8-0a06-78d3-8a80-e6a34c7005bf/exec-f97e8042-03f8-4163-ae55-77301e1aaf3e.png"", ""review_status"": ""visually_reviewed_concept"", ""source_ids"": [""S01""], ""repo_path"": ""docs/concept-art/act3/bosses/02-crystalman-echo.png"", ""file_exists"": true, ""manifest_status"": ""generated"", ""sha256"": ""841cb0818c742ca1b4ec764b66ad83cc469e8e035cc0fe430627e2d9ba0dd280"", ""file_bytes"": 2894707, ""width"": 1536, ""height"": 1024, ""level_ids"": [""A3-L5""]}"
G12,artwork,Unselected bosses and regular threats,bosses,,concept-sheet,game_proposal,Source-derived alternative bosses and invented regular threat silhouettes.,,,"[""S01""]","[""C19"", ""C20"", ""C25"", ""C29"", ""C04"", ""C50"", ""C51"", ""C52"", ""B01"", ""B02"", ""B03"", ""B04"", ""B08"", ""C42"", ""C44""]",,"[""A3-L1"", ""A3-L2"", ""A3-L3"", ""A3-L4"", ""A3-L5"", ""A3-O1"", ""A3-O2"", ""A3-O3""]","[""bosses"", ""act3""]","Original generated game proposal, not an implemented screenshot or production asset.",../../concept-art/act3/bosses/03-candidates-and-threats.png,generated,True,9f6f66676c5d7415a82d42403dfdc9ec71ac1bb6e9250738051d84b19fa503d1,2599450,1536,1024,,"{""id"": ""G12"", ""title"": ""Unselected bosses and regular threats"", ""category"": ""bosses"", ""local_path"": ""../../concept-art/act3/bosses/03-candidates-and-threats.png"", ""description"": ""Source-derived alternative bosses and invented regular threat silhouettes."", ""study_count"": 9, ""prompt"": ""Use case: precise-object-edit. Preserve this polished multi-study concept board, its entire composition, paintings, gutters, labels and material/character designs. Remove ALL invented quotations, all decorative quotation marks, and every line that attributes a decorative sentence to David Lindsay or A Voyage to Arcturus. These sentences are not verified source quotes. Replace the particular author-quote area with plain uppercase 'SOURCE-INSPIRED GAME CONCEPT' then plain small 'Visual interpretation; not a source illustration.' Do not quote or attribute any new sentence. Keep source-object labels as object existence references, not exact shape authenticity. "", ""entity_ids"": [""C19"", ""C20"", ""C25"", ""C29"", ""C04"", ""C50"", ""C51"", ""C52"", ""B01"", ""B02"", ""B03"", ""B04"", ""B08"", ""C42"", ""C44""], ""kind"": ""concept-sheet"", ""canon_status"": ""game_proposal"", ""status"": ""generated"", ""generation_method"": ""built-in image_gen"", ""date"": ""2026-10-08"", ""tags"": [""bosses"", ""act3""], ""notes"": ""Original generated game proposal, not an implemented screenshot or production asset."", ""original_generation_path"": ""/Users/howardchen/.codex/generated_images/01a119a8-0a06-78d3-8a80-e6a34c7005bf/exec-b87fb840-37e7-401b-8174-7a9768cd68d6.png"", ""initial_prompt"": ""Use case: stylized-concept. Asset type: original professional game-development concept board for CINDER Act 3, TORMANCE — THE FALSE WORLD, inspired by David Lindsay's A Voyage to Arcturus (1920). Style/medium: carefully drawn tactile ink and gouache, strange early speculative-fiction imagination, strong silhouettes, sophisticated production design with six separated visual studies; generous gutters and clean restrained short labels. Landscape board roughly 3:2. Proposed game palette black, unnatural violet and sulphur-green with ivory highlights; respect any specifically mentioned novel colors. These colors/patterns are proposed equivalents for impossible colors, never a claim to literally render ulfire/jale. No lunar theatre, no modern science-fiction armor, no generic elves or medieval fantasy, no logos/watermarks, no graphic gore. Board should feel useful to environment and character artists. Exact costumes and architecture are adaptation proposals. Nine-study decision board with two visibly distinct labeled sections. Six upper studies under UNSELECTED CANDIDATES: Crimtyphon transmutation as trees taking a human outline; Tydomin control as carefully bounded projected likeness, no forced input reversal; Catice doctrine with geometric trio boundary; Earthrid dangerous lake music as concentric water ripples; the Earth séance materialisation with uncanny closed smile; Threal divine three statues as one grouped scenery candidate. Three lower studies under INVENTED REGULAR THREATS: a violet glassy Sunbound Stalker with short fixed lane and low reachable seam; small black-green Root Latcher with raised root-arm indicating grounded fan strike; porcelain-white Mirror Echo tracing one short marked world-space dash. These creatures are synthetic false-world game constructs, not named canonical Tormance species or normal humans to farm. Each hostile role has readable tell and exposed slash-range recovery. No spikes/cybernetics, clean small silhouette translations."", ""revision_prompts"": [""Use case: precise-object-edit. Preserve this polished multi-study concept board, its entire composition, paintings, gutters, labels and material/character designs. Remove ALL invented quotations, all decorative quotation marks, and every line that attributes a decorative sentence to David Lindsay or A Voyage to Arcturus. These sentences are not verified source quotes. Replace the particular author-quote area with plain uppercase 'SOURCE-INSPIRED GAME CONCEPT' then plain small 'Visual interpretation; not a source illustration.' Do not quote or attribute any new sentence. Keep source-object labels as object existence references, not exact shape authenticity. ""], ""final_generation_path"": ""/Users/howardchen/.codex/generated_images/01a119a8-0a06-78d3-8a80-e6a34c7005bf/exec-01fbc9fd-189a-4827-8077-4061838a8454.png"", ""review_status"": ""visually_reviewed_concept"", ""source_ids"": [""S01""], ""repo_path"": ""docs/concept-art/act3/bosses/03-candidates-and-threats.png"", ""file_exists"": true, ""manifest_status"": ""generated"", ""sha256"": ""9f6f66676c5d7415a82d42403dfdc9ec71ac1bb6e9250738051d84b19fa503d1"", ""file_bytes"": 2599450, ""width"": 1536, ""height"": 1024, ""level_ids"": [""A3-L1"", ""A3-L2"", ""A3-L3"", ""A3-L4"", ""A3-L5"", ""A3-O1"", ""A3-O2"", ""A3-O3""]}"
G13,artwork,Wonder and altered perception,mood,,concept-sheet,game_proposal,"Six atmosphere frames for arrival, compassion and altered senses.",,,"[""S01""]","[""E06"", ""E07"", ""C14"", ""M01""]",,"[""A3-L1"", ""A3-O1""]","[""act3"", ""mood""]","Original generated game proposal, not an implemented screenshot or production asset.",../../concept-art/act3/mood/01-wonder-and-perception.png,generated,True,2003c12c33ed88ef8e4cb5d1b70602264a5ba36dfe240d4297d39a3c3786ad04,2976293,1536,1024,,"{""id"": ""G13"", ""title"": ""Wonder and altered perception"", ""category"": ""mood"", ""local_path"": ""../../concept-art/act3/mood/01-wonder-and-perception.png"", ""description"": ""Six atmosphere frames for arrival, compassion and altered senses."", ""study_count"": 6, ""prompt"": ""Use case: precise-object-edit. Preserve six frame layout and polished paintings. Correct third frame red stream: show clear cool blue-grey well water reflecting sky; red color belongs to surrounding SCARLET SAND, not water. Caption below '3. JOIWIND AND THE TRAVELLER', subtitle 'At the clear well, a quieter companionship.' Correct all twin suns in frames to giant WHITE Branchspell and smaller BLUE Alppain; no two yellow suns. Second frame feathery floating plants should be titled '2. FLOATING ROOT-BALLS', not Branchspell (which is a sun). Other scenery is visual interpretation. No author-attributed invented quotes."", ""kind"": ""concept-sheet"", ""canon_status"": ""game_proposal"", ""status"": ""generated"", ""generation_method"": ""built-in image_gen"", ""date"": ""2026-10-08"", ""entity_ids"": [""E06"", ""E07"", ""C14"", ""M01""], ""tags"": [""act3"", ""mood""], ""notes"": ""Original generated game proposal, not an implemented screenshot or production asset."", ""original_generation_path"": ""/Users/howardchen/.codex/generated_images/01a119a8-0a06-78d3-8a80-e6a34c7005bf/exec-6a7b0949-88c0-4a4a-a9dc-0b8f88f82ddc.png"", ""revision_prompts"": [""Use case: precise-object-edit. Preserve six frame layout and polished paintings. Correct third frame red stream: show clear cool blue-grey well water reflecting sky; red color belongs to surrounding SCARLET SAND, not water. Caption below '3. JOIWIND AND THE TRAVELLER', subtitle 'At the clear well, a quieter companionship.' Correct all twin suns in frames to giant WHITE Branchspell and smaller BLUE Alppain; no two yellow suns. Second frame feathery floating plants should be titled '2. FLOATING ROOT-BALLS', not Branchspell (which is a sun). Other scenery is visual interpretation. No author-attributed invented quotes.""], ""initial_prompt"": ""Use case: stylized-concept. Asset type: original professional game-development concept board for CINDER Act 3, TORMANCE — THE FALSE WORLD, inspired by David Lindsay's A Voyage to Arcturus (1920). Style/medium: carefully drawn tactile ink and gouache, strange early speculative-fiction imagination, strong silhouettes, sophisticated production design with six separated visual studies; generous gutters and clean restrained short labels. Landscape board roughly 3:2. Proposed game palette black, unnatural violet and sulphur-green with ivory highlights; respect any specifically mentioned novel colors. These colors/patterns are proposed equivalents for impossible colors, never a claim to literally render ulfire/jale. No lunar theatre, no modern science-fiction armor, no generic elves or medieval fantasy, no logos/watermarks, no graphic gore. Board should feel useful to environment and character artists. Exact costumes and architecture are adaptation proposals. Mood board of six generous scenic frames, emotional sequence WONDER / COMPASSION / DISQUIET. Twin suns above dunes; a white stone-shadow on purple sand; floating feathery plants caught by an alien pale compassionate hand; Joiwind and a weary large bearded traveller at a blood-red stream, gentle companionship without injury; an abstract pulsating color-shrine against a lake; distant fantastically colored mobile mountain walls. Lead with stunning otherworldly beauty, then subtle visual contradictions. Branchspell white and Alppain blue. Impossible color represented by clashing tiny hatch patterns inside the violet/green palette. Minimal clean typography, no dense notes. Strong distinctive images rather than color swatches alone."", ""final_generation_path"": ""/Users/howardchen/.codex/generated_images/01a119a8-0a06-78d3-8a80-e6a34c7005bf/exec-21c0ff03-a1d2-4a32-ab47-ab0b770cf6bf.png"", ""review_status"": ""visually_reviewed_concept"", ""source_ids"": [""S01""], ""repo_path"": ""docs/concept-art/act3/mood/01-wonder-and-perception.png"", ""file_exists"": true, ""manifest_status"": ""generated"", ""sha256"": ""2003c12c33ed88ef8e4cb5d1b70602264a5ba36dfe240d4297d39a3c3786ad04"", ""file_bytes"": 2976293, ""width"": 1536, ""height"": 1024, ""level_ids"": [""A3-L1"", ""A3-O1""]}"
G14,artwork,"Dominion, music and false beauty",mood,,concept-sheet,game_proposal,"Mood frames through control, unease and alluring danger.",,,"[""S01""]","[""M04"", ""M06"", ""M07"", ""M10""]",,"[""A3-L2"", ""A3-L3"", ""A3-L4""]","[""mood"", ""act3""]","Original generated game proposal, not an implemented screenshot or production asset.",../../concept-art/act3/mood/02-dominion-and-false-beauty.png,generated,True,332e55c3294d8dbfb737a01f59a584cd77f1f7d35785bc6a3efa0bf5a5bfd64f,2665850,1536,1024,,"{""id"": ""G14"", ""title"": ""Dominion, music and false beauty"", ""category"": ""mood"", ""local_path"": ""../../concept-art/act3/mood/02-dominion-and-false-beauty.png"", ""description"": ""Mood frames through control, unease and alluring danger."", ""study_count"": 6, ""prompt"": ""Use case: precise-object-edit. Preserve this polished multi-study concept board, its entire composition, paintings, gutters, labels and material/character designs. Remove ALL invented quotations, all decorative quotation marks, and every line that attributes a decorative sentence to David Lindsay or A Voyage to Arcturus. These sentences are not verified source quotes. Replace the particular author-quote area with plain uppercase 'SOURCE-INSPIRED GAME CONCEPT' then plain small 'Visual interpretation; not a source illustration.' Do not quote or attribute any new sentence. Keep source-object labels as object existence references, not exact shape authenticity. "", ""entity_ids"": [""M04"", ""M06"", ""M07"", ""M10""], ""kind"": ""concept-sheet"", ""canon_status"": ""game_proposal"", ""status"": ""generated"", ""generation_method"": ""built-in image_gen"", ""date"": ""2026-10-08"", ""tags"": [""mood"", ""act3""], ""notes"": ""Original generated game proposal, not an implemented screenshot or production asset."", ""original_generation_path"": ""/Users/howardchen/.codex/generated_images/01a119a8-0a06-78d3-8a80-e6a34c7005bf/exec-4ecea197-dcfd-41ad-a4f4-253b4e300425.png"", ""initial_prompt"": ""Use case: stylized-concept. Asset type: original professional game-development concept board for CINDER Act 3, TORMANCE — THE FALSE WORLD, inspired by David Lindsay's A Voyage to Arcturus (1920). Style/medium: carefully drawn tactile ink and gouache, strange early speculative-fiction imagination, strong silhouettes, sophisticated production design with six separated visual studies; generous gutters and clean restrained short labels. Landscape board roughly 3:2. Proposed game palette black, unnatural violet and sulphur-green with ivory highlights; respect any specifically mentioned novel colors. These colors/patterns are proposed equivalents for impossible colors, never a claim to literally render ulfire/jale. No lunar theatre, no modern science-fiction armor, no generic elves or medieval fantasy, no logos/watermarks, no graphic gore. Board should feel useful to environment and character artists. Exact costumes and architecture are adaptation proposals. Six scenic mood frames: loudly colored rearranging Ifdawn walls dominate tiny traveller; spare black plateau and Hator's trifork under punishing light; damp towering Wombflash mist, quiet drum ripple in bark; Swaylone's shore listening toward vibrating Irontick; radiant Sullenbode likeness reflected among calm pale flowers; same false paradise now uncomfortably symmetrical and watching. Emotions dominion, doubt, entrapment, listening, allure, attachment. Dread from rhythm, proportions and contradictions, no gore/scare-face collage. Keep warm compassionate figures distinct from hostile invented game manifestations. Artistic palette violet/green/black proposed rather than Act1 lunar grayscale."", ""revision_prompts"": [""Use case: precise-object-edit. Preserve this polished multi-study concept board, its entire composition, paintings, gutters, labels and material/character designs. Remove ALL invented quotations, all decorative quotation marks, and every line that attributes a decorative sentence to David Lindsay or A Voyage to Arcturus. These sentences are not verified source quotes. Replace the particular author-quote area with plain uppercase 'SOURCE-INSPIRED GAME CONCEPT' then plain small 'Visual interpretation; not a source illustration.' Do not quote or attribute any new sentence. Keep source-object labels as object existence references, not exact shape authenticity. ""], ""final_generation_path"": ""/Users/howardchen/.codex/generated_images/01a119a8-0a06-78d3-8a80-e6a34c7005bf/exec-6a0ad534-a84d-4d19-94d2-ace4772bb769.png"", ""review_status"": ""visually_reviewed_concept"", ""source_ids"": [""S01""], ""repo_path"": ""docs/concept-art/act3/mood/02-dominion-and-false-beauty.png"", ""file_exists"": true, ""manifest_status"": ""generated"", ""sha256"": ""332e55c3294d8dbfb737a01f59a584cd77f1f7d35785bc6a3efa0bf5a5bfd64f"", ""file_bytes"": 2665850, ""width"": 1536, ""height"": 1024, ""level_ids"": [""A3-L2"", ""A3-L3"", ""A3-L4""]}"
G15,artwork,"Revelation, stripping and escape",mood,,concept-sheet,game_proposal,Late mood sequence with a restrained ambiguous release.,,,"[""S01""]","[""M11"", ""E29"", ""E31"", ""E32"", ""C02"", ""C03""]",,"[""A3-L5""]","[""mood"", ""act3""]","Original generated game proposal, not an implemented screenshot or production asset.",../../concept-art/act3/mood/03-revelation-and-escape.png,generated,True,7951bd1c003c5512291e7f3eafcb19a530a42058e46806cdc4fef11101c52065,2767629,1536,1024,,"{""id"": ""G15"", ""title"": ""Revelation, stripping and escape"", ""category"": ""mood"", ""local_path"": ""../../concept-art/act3/mood/03-revelation-and-escape.png"", ""description"": ""Late mood sequence with a restrained ambiguous release."", ""study_count"": 6, ""prompt"": ""Use case: precise-object-edit. Preserve this polished multi-study concept board, its entire composition, paintings, gutters, labels and material/character designs. Remove ALL invented quotations, all decorative quotation marks, and every line that attributes a decorative sentence to David Lindsay or A Voyage to Arcturus. These sentences are not verified source quotes. Replace the particular author-quote area with plain uppercase 'SOURCE-INSPIRED GAME CONCEPT' then plain small 'Visual interpretation; not a source illustration.' Do not quote or attribute any new sentence. Keep source-object labels as object existence references, not exact shape authenticity. Also remove antlers/horns from Krag guide in final boat and window watchers; use ordinary severe human head silhouette, no monster guide."", ""entity_ids"": [""M11"", ""E29"", ""E31"", ""E32"", ""C02"", ""C03""], ""kind"": ""concept-sheet"", ""canon_status"": ""game_proposal"", ""status"": ""generated"", ""generation_method"": ""built-in image_gen"", ""date"": ""2026-10-08"", ""tags"": [""mood"", ""act3""], ""notes"": ""Original generated game proposal, not an implemented screenshot or production asset."", ""original_generation_path"": ""/Users/howardchen/.codex/generated_images/01a119a8-0a06-78d3-8a80-e6a34c7005bf/exec-a3a40426-3236-4898-8332-f2f8a657917b.png"", ""initial_prompt"": ""Use case: stylized-concept. Asset type: original professional game-development concept board for CINDER Act 3, TORMANCE — THE FALSE WORLD, inspired by David Lindsay's A Voyage to Arcturus (1920). Style/medium: carefully drawn tactile ink and gouache, strange early speculative-fiction imagination, strong silhouettes, sophisticated production design with six separated visual studies; generous gutters and clean restrained short labels. Landscape board roughly 3:2. Proposed game palette black, unnatural violet and sulphur-green with ivory highlights; respect any specifically mentioned novel colors. These colors/patterns are proposed equivalents for impossible colors, never a claim to literally render ulfire/jale. No lunar theatre, no modern science-fiction armor, no generic elves or medieval fantasy, no logos/watermarks, no graphic gore. Board should feel useful to environment and character artists. Exact costumes and architecture are adaptation proposals. Six connected atmosphere paintings, emotional progression FALSE COMFORT / DOUBT / REVELATION / RELEASE. Crystalman's flattering light surrounds isolated figure; white shadow detaches visually from body while floor remains intact; a broken landscape tether sheds square fragments as scenic veil lifts; quiet glassy Barey shore under a dark sky; Nightspore-like figure at successive Muspel tower windows watching cosmic light; guide Krag/Surtur and traveller departing in small boat into sober darkness. The final image is purposeful yet unresolved, no triumphant loot/victory banners, no claim of definitive cosmic deity death. Violet-green beauty gradually gives way to black and ivory light, metaphysical isolation without nihilistic gore. Frame labels short."", ""revision_prompts"": [""Use case: precise-object-edit. Preserve this polished multi-study concept board, its entire composition, paintings, gutters, labels and material/character designs. Remove ALL invented quotations, all decorative quotation marks, and every line that attributes a decorative sentence to David Lindsay or A Voyage to Arcturus. These sentences are not verified source quotes. Replace the particular author-quote area with plain uppercase 'SOURCE-INSPIRED GAME CONCEPT' then plain small 'Visual interpretation; not a source illustration.' Do not quote or attribute any new sentence. Keep source-object labels as object existence references, not exact shape authenticity. Also remove antlers/horns from Krag guide in final boat and window watchers; use ordinary severe human head silhouette, no monster guide.""], ""final_generation_path"": ""/Users/howardchen/.codex/generated_images/01a119a8-0a06-78d3-8a80-e6a34c7005bf/exec-9e239a34-74a3-49fe-95f5-ec17917441c8.png"", ""review_status"": ""visually_reviewed_concept"", ""source_ids"": [""S01""], ""repo_path"": ""docs/concept-art/act3/mood/03-revelation-and-escape.png"", ""file_exists"": true, ""manifest_status"": ""generated"", ""sha256"": ""7951bd1c003c5512291e7f3eafcb19a530a42058e46806cdc4fef11101c52065"", ""file_bytes"": 2767629, ""width"": 1536, ""height"": 1024, ""level_ids"": [""A3-L5""]}"
G16,artwork,Sensory organs and alien ecology,props,,concept-sheet,game_proposal,Organ and ecology design studies grounded in the novel; gameplay effects proposed.,,,"[""S01""]","[""C01"", ""P01"", ""P02"", ""P03"", ""P04"", ""P09"", ""P10"", ""P05"", ""P07"", ""P21""]",,"[""A3-L1"", ""A3-L2"", ""A3-O2""]","[""act3"", ""props""]","Original generated game proposal, not an implemented screenshot or production asset.",../../concept-art/act3/props/01-organs-and-ecology.png,generated,True,d025ebe06ff6c8471e78047bf5633ab777f1c0356215bb5622805c84c4c697ae,2764962,1536,1024,,"{""id"": ""G16"", ""title"": ""Sensory organs and alien ecology"", ""category"": ""props"", ""local_path"": ""../../concept-art/act3/props/01-organs-and-ecology.png"", ""description"": ""Organ and ecology design studies grounded in the novel; gameplay effects proposed."", ""study_count"": 10, ""prompt"": ""Use case: precise-object-edit. Preserve every visual, colour, layout and all ten studies on this board exactly. Make ONLY a small research label correction in panel 10. Replace heading '10. SHAPING’S WELL STUDY' with exact '10. GNAWL WATER STUDY'. Keep subtitle 'Clear gnawl water; scenic basin is an adaptation.' Shaping's actual desert well in the novel is dark green and is a separate site, so this CLEAR water must be labeled gnawl, not Shaping's well. Nothing else changes. No author-attributed quotes."", ""kind"": ""concept-sheet"", ""canon_status"": ""game_proposal"", ""status"": ""generated"", ""generation_method"": ""built-in image_gen"", ""date"": ""2026-10-08"", ""entity_ids"": [""C01"", ""P01"", ""P02"", ""P03"", ""P04"", ""P09"", ""P10"", ""P05"", ""P07"", ""P21""], ""tags"": [""act3"", ""props""], ""notes"": ""Original generated game proposal, not an implemented screenshot or production asset."", ""original_generation_path"": ""/Users/howardchen/.codex/generated_images/01a119a8-0a06-78d3-8a80-e6a34c7005bf/exec-d7df4751-1169-4e4c-9131-4fb713da3b20.png"", ""revision_prompts"": [""Use case: precise-object-edit. Keep ten organ/ecology studies and layout. Correct tenth panel red drinking water: transparent clear blue-grey water in basin, red belongs to SCARLET SAND around basin. Exact label '10. SHAPING’S WELL STUDY', subtitle 'Clear gnawl water; scenic basin is an adaptation.' Remove source claim of red drinking water everywhere on sheet, including environment inset recolor red water transparent cool reflection. Under paired poign buds replace generic balance/humour note with 'Paired neck organs; sympathy'. Under magn chest tentacle say 'Magn; loving connection'. Optional collectible at bottom says 'Optional earlier opening preview / game proposal', not no combat function; no damage upgrade. Maintain anatomy no gore, no new designs."", ""Use case: precise-object-edit. Preserve every visual, colour, layout and all ten studies on this board exactly. Make ONLY a small research label correction in panel 10. Replace heading '10. SHAPING’S WELL STUDY' with exact '10. GNAWL WATER STUDY'. Keep subtitle 'Clear gnawl water; scenic basin is an adaptation.' Shaping's actual desert well in the novel is dark green and is a separate site, so this CLEAR water must be labeled gnawl, not Shaping's well. Nothing else changes. No author-attributed quotes.""], ""initial_prompt"": ""Use case: stylized-concept. Asset type: original professional game-development concept board for CINDER Act 3, TORMANCE — THE FALSE WORLD, inspired by David Lindsay's A Voyage to Arcturus (1920). Style/medium: carefully drawn tactile ink and gouache, strange early speculative-fiction imagination, strong silhouettes, sophisticated production design with six separated visual studies; generous gutters and clean restrained short labels. Landscape board roughly 3:2. Proposed game palette black, unnatural violet and sulphur-green with ivory highlights; respect any specifically mentioned novel colors. These colors/patterns are proposed equivalents for impossible colors, never a claim to literally render ulfire/jale. No lunar theatre, no modern science-fiction armor, no generic elves or medieval fantasy, no logos/watermarks, no graphic gore. Board should feel useful to environment and character artists. Exact costumes and architecture are adaptation proposals. Ten clearly separated object/anatomy studies on an ivory-violet research sheet. A forehead breve as living rounded sensory organ; paired fleshy poign buds beneath ears; chest tentacle in a clothed torso diagram; a changed third arm silhouette; a three-eye cluster; a short fleshy proboscis profile; a floating feather-ball with hanging roots; a blue egg-shaped fruit with hard shell; purple miniature tree; dark red drinking-water rivulet in a stone basin. Use calm museum anatomical design, no wounds, surgery or gore, clothing around torso anatomy. Novel organ shapes vary across regions; labels ORGAN STUDIES / ECOLOGY / GAME ADAPTATION; optional gameplay eye pickup shown as a small glowing bud with dashed reveal-line motif, no invented damage upgrade. Anatomical visual exactness is interpretation; no generic cybernetics or magical equipment."", ""final_generation_path"": ""/Users/howardchen/.codex/generated_images/01a119a8-0a06-78d3-8a80-e6a34c7005bf/exec-117aeb21-b642-4d70-afc1-64eb05dd8846.png"", ""review_status"": ""visually_reviewed_concept"", ""source_ids"": [""S01""], ""repo_path"": ""docs/concept-art/act3/props/01-organs-and-ecology.png"", ""file_exists"": true, ""manifest_status"": ""generated"", ""sha256"": ""d025ebe06ff6c8471e78047bf5633ab777f1c0356215bb5622805c84c4c697ae"", ""file_bytes"": 2764962, ""width"": 1536, ""height"": 1024, ""level_ids"": [""A3-L1"", ""A3-L2"", ""A3-O2""]}"
G17,artwork,Journey objects and modular scenery,props,,concept-sheet,game_proposal,"Story objects, repeated scenery and optional-level additions.",,,"[""S01""]","[""P08"", ""P11"", ""P14"", ""E16"", ""E32"", ""C23"", ""C27"", ""C33"", ""P15"", ""P18""]",,"[""A3-L3"", ""A3-L5""]","[""props"", ""act3""]","Original generated game proposal, not an implemented screenshot or production asset.",../../concept-art/act3/props/02-journey-and-modules.png,generated,True,f79f993fd64ef04f4821d3cd36c1aefa0a7fda8e0a1ba5763083d2213b046485,2752803,1536,1024,,"{""id"": ""G17"", ""title"": ""Journey objects and modular scenery"", ""category"": ""props"", ""local_path"": ""../../concept-art/act3/props/02-journey-and-modules.png"", ""description"": ""Story objects, repeated scenery and optional-level additions."", ""study_count"": 10, ""prompt"": ""Use case: precise-object-edit. Preserve this polished multi-study concept board, its entire composition, paintings, gutters, labels and material/character designs. Remove ALL invented quotations, all decorative quotation marks, and every line that attributes a decorative sentence to David Lindsay or A Voyage to Arcturus. These sentences are not verified source quotes. Replace the particular author-quote area with plain uppercase 'SOURCE-INSPIRED GAME CONCEPT' then plain small 'Visual interpretation; not a source illustration.' Do not quote or attribute any new sentence. Keep source-object labels as object existence references, not exact shape authenticity. Also correct panel1 Hator's trifork: upright natural stem with THREE branches artificially fastened to top at equal intervals. Keep bark and scale; replace wrong caption 'grown not made' with 'Three branches fastened to a stem.' Explicitly label exact shrine architecture and tower-window ornament as 'Visual interpretation'."", ""entity_ids"": [""P08"", ""P11"", ""P14"", ""E16"", ""E32"", ""C23"", ""C27"", ""C33"", ""P15"", ""P18""], ""kind"": ""concept-sheet"", ""canon_status"": ""game_proposal"", ""status"": ""generated"", ""generation_method"": ""built-in image_gen"", ""date"": ""2026-10-08"", ""tags"": [""props"", ""act3""], ""notes"": ""Original generated game proposal, not an implemented screenshot or production asset."", ""original_generation_path"": ""/Users/howardchen/.codex/generated_images/01a119a8-0a06-78d3-8a80-e6a34c7005bf/exec-aa178afa-5a19-4cb2-b333-b1714392189a.png"", ""initial_prompt"": ""Use case: stylized-concept. Asset type: original professional game-development concept board for CINDER Act 3, TORMANCE — THE FALSE WORLD, inspired by David Lindsay's A Voyage to Arcturus (1920). Style/medium: carefully drawn tactile ink and gouache, strange early speculative-fiction imagination, strong silhouettes, sophisticated production design with six separated visual studies; generous gutters and clean restrained short labels. Landscape board roughly 3:2. Proposed game palette black, unnatural violet and sulphur-green with ivory highlights; respect any specifically mentioned novel colors. These colors/patterns are proposed equivalents for impossible colors, never a claim to literally render ulfire/jale. No lunar theatre, no modern science-fiction armor, no generic elves or medieval fantasy, no logos/watermarks, no graphic gore. Board should feel useful to environment and character artists. Exact costumes and architecture are adaptation proposals. Ten carefully spaced prop and modular-asset studies: Hator's trifork made from a natural upright stem with three attached branches; living-color desert shrine shown abstractly; crystal shrub as branching clear mineral; Polecrab's corded branch raft; Haunte's canework-and-skin airborne boat with vapor-emitting paired stones as SEPARATE STORY SCENERY, not controllable vehicle; humble fishing tools; Muspel tower window module; simple low rooted garden tether invented for melee; broken mirror pebble as optional collection prop game addition; dry shore stone and grove root modular ground kit. Show small scale reference with ordinary traveller, tactile materials. No spacecraft rockets, magical treasure chests or damage upgrade weapons. Clear source objects vs GAME ADDITIONS labels."", ""revision_prompts"": [""Use case: precise-object-edit. Preserve this polished multi-study concept board, its entire composition, paintings, gutters, labels and material/character designs. Remove ALL invented quotations, all decorative quotation marks, and every line that attributes a decorative sentence to David Lindsay or A Voyage to Arcturus. These sentences are not verified source quotes. Replace the particular author-quote area with plain uppercase 'SOURCE-INSPIRED GAME CONCEPT' then plain small 'Visual interpretation; not a source illustration.' Do not quote or attribute any new sentence. Keep source-object labels as object existence references, not exact shape authenticity. Also correct panel1 Hator's trifork: upright natural stem with THREE branches artificially fastened to top at equal intervals. Keep bark and scale; replace wrong caption 'grown not made' with 'Three branches fastened to a stem.' Explicitly label exact shrine architecture and tower-window ornament as 'Visual interpretation'.""], ""final_generation_path"": ""/Users/howardchen/.codex/generated_images/01a119a8-0a06-78d3-8a80-e6a34c7005bf/exec-0b1f8796-b3bd-426b-b7ca-f5280ea6d31d.png"", ""review_status"": ""visually_reviewed_concept"", ""source_ids"": [""S01""], ""repo_path"": ""docs/concept-art/act3/props/02-journey-and-modules.png"", ""file_exists"": true, ""manifest_status"": ""generated"", ""sha256"": ""f79f993fd64ef04f4821d3cd36c1aefa0a7fda8e0a1ba5763083d2213b046485"", ""file_bytes"": 2752803, ""width"": 1536, ""height"": 1024, ""level_ids"": [""A3-L3"", ""A3-L5""]}"
G18,artwork,Game view — Twin Suns,gameplay,,gameplay-mockup,game_proposal,"Portrait view of changing light, fixed warning and a safe attack approach.",,,"[""S01""]","[""E06"", ""E07"", ""C50""]",,"[""A3-L1"", ""A3-L2"", ""A3-L3"", ""A3-L4"", ""A3-L5"", ""A3-O1"", ""A3-O2"", ""A3-O3""]","[""gameplay"", ""act3""]","Original generated game proposal, not an implemented screenshot or production asset.",../../concept-art/act3/gameplay/01-twin-suns-gameplay.png,generated,True,b73510182167dca61fe15746759101c1d19f668da74a288ac8fc389d50572f96,2533874,850,1850,,"{""id"": ""G18"", ""title"": ""Game view — Twin Suns"", ""category"": ""gameplay"", ""local_path"": ""../../concept-art/act3/gameplay/01-twin-suns-gameplay.png"", ""description"": ""Portrait view of changing light, fixed warning and a safe attack approach."", ""study_count"": 1, ""prompt"": ""Use case: stylized-concept. Asset type: single possible GAMEPLAY VIEW, not a collage, illustration of what the planned game could look like, not an implemented screenshot. Original concept art for CINDER Act 3 Tormance — The False World, inspired by A Voyage to Arcturus. Palette violet, sulphur-green, black, ivory with source-specific exceptions; invented colors shown through unusual crisp pixel patterns, not a literal reproduction. No lunar theatre, no modern armor, no medieval fantasy, no gore, no logos/watermarks. Portrait image approximately 9:19.5. Cohesive crisp large-cluster pixel art, deliberate nearest-neighbor edges and restrained dithering, billboard pixel character sprites against chunky three-dimensional scenery. Close FIXED-ANGLE ORTHOGRAPHIC overhead camera following a prominent full-body ivory-coated traveller with dark square face, black boots and ONE short blade, near frame center at about one tenth of frame height. Ground-plane free any-direction dash combat; broad continuous connected navigable floor with generous landings, no required jumping, no required swimming, no bridges over lethal gaps. Player is experienced. Clear attack source, outline warning and safe landing share local view. White shadows are scenery with soft flat edge; gameplay warnings use crisp double outlines and directional chevrons so they are distinct by shape. No controller, joystick, hotbar, buttons, HUD, labels, text, phone frame or tutorial overlays. No smooth painterly blur, photorealism or distant whole-level camera. Scene: Twin Suns local desert clearing. Violet dune rock at perimeter and scarlet sand bank and clear well water as edge scenery; giant white and smaller blue suns only partially visible above horizon in top background. White shadow of a standing stone lies off-center. Player faces ONE invented angular Sunbound Stalker near a low rock. Sentinel has marked a short diagonal narrow double-outlined ray lane that ends before safe open floor; a fresh lime-violet seam exposed on its low torso is within slash range after commitment. Faint next-light outline in a side root blocker shows future arrangement; plenty of permanent safe floor. Show readable ONE current danger and useful safe approach, not wall of glowing effects. Square dust from recent dash. Experienced tactical quiet, beautiful but suspect."", ""entity_ids"": [""E06"", ""E07"", ""C50""], ""kind"": ""gameplay-mockup"", ""canon_status"": ""game_proposal"", ""status"": ""generated"", ""generation_method"": ""built-in image_gen"", ""date"": ""2026-10-08"", ""tags"": [""gameplay"", ""act3""], ""notes"": ""Original generated game proposal, not an implemented screenshot or production asset."", ""original_generation_path"": ""/Users/howardchen/.codex/generated_images/01a119a8-0a06-78d3-8a80-e6a34c7005bf/exec-c4644aa6-bce0-4b70-bf9f-72abf1d92f74.png"", ""review_status"": ""visually_reviewed_concept"", ""source_ids"": [""S01""], ""repo_path"": ""docs/concept-art/act3/gameplay/01-twin-suns-gameplay.png"", ""file_exists"": true, ""manifest_status"": ""generated"", ""sha256"": ""b73510182167dca61fe15746759101c1d19f668da74a288ac8fc389d50572f96"", ""file_bytes"": 2533874, ""width"": 850, ""height"": 1850, ""level_ids"": [""A3-L1"", ""A3-L2"", ""A3-L3"", ""A3-L4"", ""A3-L5"", ""A3-O1"", ""A3-O2"", ""A3-O3""]}"
G19,artwork,Game view — Mirror Sea,gameplay,,gameplay-mockup,game_proposal,Dry shore combat with one fixed replay echo and a clear safe landing.,,,"[""S01""]","[""E16"", ""E18"", ""C52""]",,"[""A3-L3"", ""A3-L4"", ""A3-L5"", ""A3-O3""]","[""gameplay"", ""act3""]","Original generated game proposal, not an implemented screenshot or production asset.",../../concept-art/act3/gameplay/02-mirror-sea-gameplay.png,generated,True,e3a77d3e2fb87b5af2b77f08777e428c0eb454188f45b02928111354972d0ed5,2421720,850,1850,,"{""id"": ""G19"", ""title"": ""Game view — Mirror Sea"", ""category"": ""gameplay"", ""local_path"": ""../../concept-art/act3/gameplay/02-mirror-sea-gameplay.png"", ""description"": ""Dry shore combat with one fixed replay echo and a clear safe landing."", ""study_count"": 1, ""prompt"": ""Use case: stylized-concept. Asset type: single possible GAMEPLAY VIEW, not a collage, illustration of what the planned game could look like, not an implemented screenshot. Original concept art for CINDER Act 3 Tormance — The False World, inspired by A Voyage to Arcturus. Palette violet, sulphur-green, black, ivory with source-specific exceptions; invented colors shown through unusual crisp pixel patterns, not a literal reproduction. No lunar theatre, no modern armor, no medieval fantasy, no gore, no logos/watermarks. Portrait image approximately 9:19.5. Cohesive crisp large-cluster pixel art, deliberate nearest-neighbor edges and restrained dithering, billboard pixel character sprites against chunky three-dimensional scenery. Close FIXED-ANGLE ORTHOGRAPHIC overhead camera following a prominent full-body ivory-coated traveller with dark square face, black boots and ONE short blade, near frame center at about one tenth of frame height. Ground-plane free any-direction dash combat; broad continuous connected navigable floor with generous landings, no required jumping, no required swimming, no bridges over lethal gaps. Player is experienced. Clear attack source, outline warning and safe landing share local view. White shadows are scenery with soft flat edge; gameplay warnings use crisp double outlines and directional chevrons so they are distinct by shape. No controller, joystick, hotbar, buttons, HUD, labels, text, phone frame or tutorial overlays. No smooth painterly blur, photorealism or distant whole-level camera. Scene: Mirror Sea broad dry black-violet mineral foreland bounded by still reflective dark seawater, grounded pale crystal shrubs at corners, distant Swaylone island. The prominent traveller has just landed a short diagonal dash. A single pale Mirror Echo stands nearby, its next imitation shown as a SHORT FIXED floor route with outlined chevrons followed by one outlined slash sector; a broad empty pocket beside it is clearly safe. Sea reflection is atmospheric and faint, never a second confusing HUD warning. A low echo seam will be reachable in recovery. Black-green reflected sky, white cast shadow, spare square particles. No swimming or offscreen targets, no narrow platform walk."", ""entity_ids"": [""E16"", ""E18"", ""C52""], ""kind"": ""gameplay-mockup"", ""canon_status"": ""game_proposal"", ""status"": ""generated"", ""generation_method"": ""built-in image_gen"", ""date"": ""2026-10-08"", ""tags"": [""gameplay"", ""act3""], ""notes"": ""Original generated game proposal, not an implemented screenshot or production asset."", ""original_generation_path"": ""/Users/howardchen/.codex/generated_images/01a119a8-0a06-78d3-8a80-e6a34c7005bf/exec-fea08829-b967-4dae-a560-d10bb9e04761.png"", ""review_status"": ""visually_reviewed_concept"", ""source_ids"": [""S01""], ""repo_path"": ""docs/concept-art/act3/gameplay/02-mirror-sea-gameplay.png"", ""file_exists"": true, ""manifest_status"": ""generated"", ""sha256"": ""e3a77d3e2fb87b5af2b77f08777e428c0eb454188f45b02928111354972d0ed5"", ""file_bytes"": 2421720, ""width"": 850, ""height"": 1850, ""level_ids"": [""A3-L3"", ""A3-L4"", ""A3-L5"", ""A3-O3""]}"
G20,artwork,Game view — Crystalman,gameplay,,gameplay-mockup,game_proposal,Local final arena with clearly previewed echo and reachable tether.,,,"[""S01""]","[""C04"", ""B06"", ""E31""]",,"[""A3-L5""]","[""gameplay"", ""act3""]","Original generated game proposal, not an implemented screenshot or production asset.",../../concept-art/act3/gameplay/03-crystalman-gameplay.png,generated,True,e2406f6367ad7925f397f3b19640af10db02724c8a98ee2e572170c5044e2c07,2588849,850,1850,,"{""id"": ""G20"", ""title"": ""Game view — Crystalman"", ""category"": ""gameplay"", ""local_path"": ""../../concept-art/act3/gameplay/03-crystalman-gameplay.png"", ""description"": ""Local final arena with clearly previewed echo and reachable tether."", ""study_count"": 1, ""prompt"": ""Use case: stylized-concept. Asset type: single possible GAMEPLAY VIEW, not a collage, illustration of what the planned game could look like, not an implemented screenshot. Original concept art for CINDER Act 3 Tormance — The False World, inspired by A Voyage to Arcturus. Palette violet, sulphur-green, black, ivory with source-specific exceptions; invented colors shown through unusual crisp pixel patterns, not a literal reproduction. No lunar theatre, no modern armor, no medieval fantasy, no gore, no logos/watermarks. Portrait image approximately 9:19.5. Cohesive crisp large-cluster pixel art, deliberate nearest-neighbor edges and restrained dithering, billboard pixel character sprites against chunky three-dimensional scenery. Close FIXED-ANGLE ORTHOGRAPHIC overhead camera following a prominent full-body ivory-coated traveller with dark square face, black boots and ONE short blade, near frame center at about one tenth of frame height. Ground-plane free any-direction dash combat; broad continuous connected navigable floor with generous landings, no required jumping, no required swimming, no bridges over lethal gaps. Player is experienced. Clear attack source, outline warning and safe landing share local view. White shadows are scenery with soft flat edge; gameplay warnings use crisp double outlines and directional chevrons so they are distinct by shape. No controller, joystick, hotbar, buttons, HUD, labels, text, phone frame or tutorial overlays. No smooth painterly blur, photorealism or distant whole-level camera. Scene: final Crystalman local arena on a permanent broad obsidian floor. Crystal flora and an almost-human luminous facial suggestion inhabit far perimeter. A low green-white crystalline ROOTED TETHER is planted next to the traveller within ordinary blade range. One translucent player-shaped apparition is completing a short clearly outlined diagonal dash route and ONE slash, leaving a visible safe pocket near tether. Violet false scenery at one edge peels away in restrained square fragments revealing distant black void; navigable floor does NOT crumble. Focus composition on player, echo, safe floor and low tether, readable even as scaled-down phone image. Grand cosmic discomfort at close gameplay scale. No literal crystal-armored humanoid boss or giant eye shooting lasers."", ""entity_ids"": [""C04"", ""B06"", ""E31""], ""kind"": ""gameplay-mockup"", ""canon_status"": ""game_proposal"", ""status"": ""generated"", ""generation_method"": ""built-in image_gen"", ""date"": ""2026-10-08"", ""tags"": [""gameplay"", ""act3""], ""notes"": ""Original generated game proposal, not an implemented screenshot or production asset."", ""original_generation_path"": ""/Users/howardchen/.codex/generated_images/01a119a8-0a06-78d3-8a80-e6a34c7005bf/exec-e16fb13c-e385-4af1-8ecc-1ed28e23d085.png"", ""review_status"": ""visually_reviewed_concept"", ""source_ids"": [""S01""], ""repo_path"": ""docs/concept-art/act3/gameplay/03-crystalman-gameplay.png"", ""file_exists"": true, ""manifest_status"": ""generated"", ""sha256"": ""e2406f6367ad7925f397f3b19640af10db02724c8a98ee2e572170c5044e2c07"", ""file_bytes"": 2588849, ""width"": 850, ""height"": 1850, ""level_ids"": [""A3-L5""]}"
A3-L1,level,Twin Suns,levels,,main,game_proposal,Reach the Poolingdred exit across stable sunlit shelves,,,"[""S01""]","[""E06"", ""E07"", ""C50""]","[""G05"", ""G13"", ""G16"", ""G18"", ""G12""]",,[],,,,,,,,,8,"{""id"": ""A3-L1"", ""name"": ""Twin Suns"", ""subtitle"": ""A Useful Shadow"", ""kind"": ""main"", ""target_minutes"": 8, ""objective"": ""Reach the Poolingdred exit across stable sunlit shelves"", ""skill"": ""Plan a useful landing before a previewed sun-state change"", ""mood"": ""alien wonder; bodily unease; learnable order"", ""source_urls"": [""https://www.gutenberg.org/cache/epub/1329/pg1329-images.html#link2HCH0006"", ""https://www.gutenberg.org/cache/epub/1329/pg1329-images.html#link2HCH0020""], ""entity_ids"": [""E06"", ""E07"", ""C50""], ""enemy_ids"": [""C50""], ""boss_ids"": [], ""beats"": [{""name"": ""A foreign noon"", ""seconds"": 60, ""checkpoint_elapsed_seconds"": 60, ""purpose"": ""Brief arrival, freely movable safe demonstration of one next-state outline; no control recap""}, {""name"": ""The useful flank"", ""seconds"": 120, ""checkpoint_elapsed_seconds"": 180, ""purpose"": ""One Stalker lane, lock, recovery and changed crest; slashable in both states""}, {""name"": ""Two approaches"", ""seconds"": 120, ""checkpoint_elapsed_seconds"": 300, ""purpose"": ""Choose one of two broad stable shelf approaches, then rejoin""}, {""name"": ""Crossing the white shadow"", ""seconds"": 120, ""checkpoint_elapsed_seconds"": 420, ""purpose"": ""Two staggered Stalkers and one prepared state change; retain retreat""}, {""name"": ""The pillars recede"", ""seconds"": 60, ""checkpoint_elapsed_seconds"": 480, ""purpose"": ""Brief familiar exchange, contact exit and distant pillar mirage""}], ""kit"": [""fixed sand/shelf floor"", ""low purple trees"", ""distant mirage pillars"", ""two-sun sky motifs"", ""white-shadow overlay"", ""Sunbound Stalker and two crest states"", ""common preview/lock/active/recovery shapes""], ""artwork_ids"": [""G05"", ""G13"", ""G16"", ""G18"", ""G12""], ""title"": ""Twin Suns"", ""order"": 1, ""category"": ""levels"", ""canon_status"": ""game_proposal"", ""description"": ""Reach the Poolingdred exit across stable sunlit shelves"", ""tags"": [], ""notes"": """", ""source_ids"": [""S01""], ""beat_seconds"": 480}"
A3-L2,level,Living Forest,levels,,main,game_proposal,Cross the Wombflash-inspired grove and open its dry exit,,,"[""S01""]","[""E15"", ""E20"", ""C50"", ""C51""]","[""G06"", ""G14"", ""G16"", ""G08"", ""G12"", ""G18""]",,[],,,,,,,,,9,"{""id"": ""A3-L2"", ""name"": ""Living Forest"", ""subtitle"": ""The Floor Remembers"", ""kind"": ""main"", ""target_minutes"": 9, ""objective"": ""Cross the Wombflash-inspired grove and open its dry exit"", ""skill"": ""Choose a rooted source to commit before the approach tightens"", ""mood"": ""vast damp silence; watched life; purposeful pressure"", ""source_urls"": [""https://www.gutenberg.org/cache/epub/1329/pg1329-images.html#link2HCH0013"", ""https://www.gutenberg.org/cache/epub/1329/pg1329-images.html#link2HCH0016""], ""entity_ids"": [""E15"", ""E20"", ""C50"", ""C51""], ""enemy_ids"": [""C50"", ""C51""], ""boss_ids"": [], ""beats"": [{""name"": ""Vast trunks"", ""seconds"": 60, ""checkpoint_elapsed_seconds"": 60, ""purpose"": ""Scale reveal and a familiar Stalker in generous space""}, {""name"": ""A root's promise"", ""seconds"": 120, ""checkpoint_elapsed_seconds"": 180, ""purpose"": ""Single Latcher crescent, lock and low recovery knot""}, {""name"": ""Two living courts"", ""seconds"": 120, ""checkpoint_elapsed_seconds"": 300, ""purpose"": ""Latcher around a fixed trunk, then Stalker/Latcher priority choice""}, {""name"": ""The watched clearing"", ""seconds"": 120, ""checkpoint_elapsed_seconds"": 420, ""purpose"": ""Known root windup plus sun preview; preserve a broad pocket""}, {""name"": ""Canopy slit"", ""seconds"": 120, ""checkpoint_elapsed_seconds"": 540, ""purpose"": ""Deliberate mixed arrangement, contact exit and quiet final grove""}], ""kit"": [""immense trunks with visible fixed bases"", ""wet leaf-ground tiles"", ""low roots"", ""high organic canopy panels"", ""restrained mist"", ""Root Latcher and knot states"", ""existing Stalker/sun system""], ""artwork_ids"": [""G06"", ""G14"", ""G16"", ""G08"", ""G12"", ""G18""], ""title"": ""Living Forest"", ""order"": 2, ""category"": ""levels"", ""canon_status"": ""game_proposal"", ""description"": ""Cross the Wombflash-inspired grove and open its dry exit"", ""tags"": [], ""notes"": """", ""source_ids"": [""S01""], ""beat_seconds"": 540}"
A3-L3,level,Mirror Sea,levels,,main,game_proposal,Traverse the dry sea margin and leave the resonant island apron,,,"[""S01""]","[""E19"", ""C50"", ""C52""]","[""G07"", ""G14"", ""G17"", ""G19"", ""G12"", ""G18""]",,[],,,,,,,,,9,"{""id"": ""A3-L3"", ""name"": ""Mirror Sea"", ""subtitle"": ""Refuse the Reflection"", ""kind"": ""main"", ""target_minutes"": 9, ""objective"": ""Traverse the dry sea margin and leave the resonant island apron"", ""skill"": ""Read the real local source and reach its committed replay endpoint"", ""mood"": ""entrancing surface; uncertainty; sudden silence"", ""source_urls"": [""https://www.gutenberg.org/cache/epub/1329/pg1329-images.html#link2HCH0014"", ""https://www.gutenberg.org/cache/epub/1329/pg1329-images.html#link2HCH0015"", ""https://www.gutenberg.org/cache/epub/1329/pg1329-images.html#link2HCH0021""], ""entity_ids"": [""E19"", ""C50"", ""C52""], ""enemy_ids"": [""C50"", ""C52""], ""boss_ids"": [], ""set_piece"": ""Irontick-inspired scenic pulse and independently previewed bounded floor ring; no extra compulsory boss"", ""adaptation_warning"": ""Mirror Sea name, dry route and reflection/replay mechanics are invented; no required swimming or boat control"", ""beats"": [{""name"": ""Shore and doubled sky"", ""seconds"": 90, ""checkpoint_elapsed_seconds"": 90, ""purpose"": ""Quiet approach and familiar threat; playable firm floor is distinct from water""}, {""name"": ""One real body"", ""seconds"": 120, ""checkpoint_elapsed_seconds"": 210, ""purpose"": ""Single Echo previews its own dash/slash; hollow reflection remains harmless""}, {""name"": ""A useful ending"", ""seconds"": 120, ""checkpoint_elapsed_seconds"": 330, ""purpose"": ""Two short Echo arrangements around shore stones; attack the endpoint""}, {""name"": ""Resonant apron"", ""seconds"": 120, ""checkpoint_elapsed_seconds"": 450, ""purpose"": ""One bounded previewed floor ring; Echo acts between scenic pulses""}, {""name"": ""The shore falls silent"", ""seconds"": 90, ""checkpoint_elapsed_seconds"": 540, ""purpose"": ""Stalker/Echo priority choice and quiet contact departure""}], ""kit"": [""dry dark shore"", ""firm shelves"", ""fixed shore stones"", ""reflective ground overlay"", ""distant island silhouette"", ""scenic Irontick ring"", ""bounded resonance warning effect"", ""Mirror Echo and harmless outline reflection"", ""existing Stalker/sun system""], ""artwork_ids"": [""G07"", ""G14"", ""G17"", ""G19"", ""G12"", ""G18""], ""title"": ""Mirror Sea"", ""order"": 3, ""category"": ""levels"", ""canon_status"": ""game_proposal"", ""description"": ""Traverse the dry sea margin and leave the resonant island apron"", ""tags"": [], ""notes"": """", ""source_ids"": [""S01""], ""beat_seconds"": 540}"
A3-L4,level,False Paradise,levels,,main,game_proposal,Disengage the garden manifestation and reach the Adage threshold,,,"[""S01""]","[""E23"", ""E26"", ""C34"", ""C50"", ""C51"", ""C52"", ""B05""]","[""G03"", ""G08"", ""G10"", ""G14"", ""G12"", ""G18"", ""G19""]",,[],,,,,,,,,9,"{""id"": ""A3-L4"", ""name"": ""False Paradise"", ""subtitle"": ""The Cost of Staying"", ""kind"": ""main"", ""target_minutes"": 9, ""objective"": ""Disengage the garden manifestation and reach the Adage threshold"", ""skill"": ""Prioritise a false-world source and preserve a useful opening under familiar combined rules"", ""mood"": ""welcoming beauty; attachment; exposure; sober release"", ""source_urls"": [""https://www.gutenberg.org/cache/epub/1329/pg1329-images.html#link2HCH0018"", ""https://www.gutenberg.org/cache/epub/1329/pg1329-images.html#link2HCH0019""], ""entity_ids"": [""E23"", ""E26"", ""C34"", ""C50"", ""C51"", ""C52"", ""B05""], ""enemy_ids"": [""C50"", ""C51"", ""C52""], ""boss_ids"": [""B05""], ""beats"": [{""name"": ""An offered rest"", ""seconds"": 90, ""checkpoint_elapsed_seconds"": 90, ""purpose"": ""Quiet garden, one Stalker and a distant non-damageable human likeness""}, {""name"": ""Beauty has a source"", ""seconds"": 90, ""checkpoint_elapsed_seconds"": 180, ""purpose"": ""Latcher shows the low root knots; attack physical source, not projection""}, {""name"": ""Choose the plain path"", ""seconds"": 120, ""checkpoint_elapsed_seconds"": 300, ""purpose"": ""Echo/Latcher mix with honestly marked routes; save at boss court""}, {""name"": ""Garden, phase 1"", ""seconds"": 120, ""checkpoint_elapsed_seconds"": 420, ""purpose"": ""Separate root lane and broken petal-ring commitments expose one low tether""}, {""name"": ""Garden, phase 2 and departure"", ""seconds"": 120, ""checkpoint_elapsed_seconds"": 540, ""purpose"": ""Known attacks plus sun preview and one removable Latcher; plain contact exit""}], ""boss"": {""id"": ""B05"", ""name"": ""Sullenbode's Garden"", ""canonical_reference_id"": ""C34"", ""canonical_status"": ""game_proposal"", ""source_warning"": ""Entirely fabricated false-world attachment manifestation; canonical Sullenbode guides and sacrifices, not a hostile garden keeper"", ""projection_damageable"": false, ""invented_weak_point"": ""external low root tether at ordinary slash range"", ""phases"": 2, ""phase_target_minutes"": [2, 2], ""phase_checkpoint_elapsed_seconds"": [420, 540], ""attacks"": [""Draw: locked short root lane"", ""Enclose: locked broken ring segment, never unavoidable full enclosure""], ""phase2_removable_helper_id"": ""C51"", ""helpers_respawn"": false, ""slash_only_completion_required"": true, ""outcome"": ""false-world root network disengaged; projected likeness fades without death animation; plain threshold opened""}, ""kit"": [""fixed garden floor"", ""intact/stripped flower layers"", ""one clothed projected human silhouette"", ""external low root tethers"", ""root-lane and broken-ring effects"", ""existing Latcher/Echo/Stalker"", ""sun-state system"", ""plain threshold""], ""artwork_ids"": [""G03"", ""G08"", ""G10"", ""G14"", ""G12"", ""G18"", ""G19""], ""title"": ""False Paradise"", ""order"": 4, ""category"": ""levels"", ""canon_status"": ""game_proposal"", ""description"": ""Disengage the garden manifestation and reach the Adage threshold"", ""tags"": [], ""notes"": """", ""source_ids"": [""S01""], ""beat_seconds"": 540}"
A3-L5,level,Crystalman,levels,,main,game_proposal,Sever local landscape tethers and leave the false-world arena,,,"[""S01""]","[""C04"", ""E31"", ""E32"", ""C50"", ""C52"", ""B06""]","[""G09"", ""G11"", ""G15"", ""G20"", ""G04"", ""G12"", ""G17"", ""G18"", ""G19""]",,[],,,,,,,,,10,"{""id"": ""A3-L5"", ""name"": ""Crystalman"", ""subtitle"": ""Compose an Escape"", ""kind"": ""main"", ""target_minutes"": 10, ""objective"": ""Sever local landscape tethers and leave the false-world arena"", ""skill"": ""Compose a completed world-space dash-and-attack route that can be safely evaded when echoed"", ""mood"": ""beautiful totality; repetition; exposed void; unfinished liberation"", ""source_urls"": [""https://www.gutenberg.org/cache/epub/1329/pg1329-images.html#link2HCH0020"", ""https://www.gutenberg.org/cache/epub/1329/pg1329-images.html#link2HCH0021""], ""entity_ids"": [""C04"", ""E31"", ""E32"", ""C50"", ""C52"", ""B06""], ""enemy_ids"": [""C50"", ""C52""], ""boss_ids"": [""B06""], ""beats"": [{""name"": ""The offered world"", ""seconds"": 90, ""checkpoint_elapsed_seconds"": 90, ""purpose"": ""Quiet glassy-sea approach and one familiar Echo on firm ground""}, {""name"": ""A plain threshold"", ""seconds"": 90, ""checkpoint_elapsed_seconds"": 180, ""purpose"": ""Compact familiar priority arrangement; clear regular threats and save before capture arena""}, {""name"": ""Crystalman, phase 1"", ""seconds"": 120, ""checkpoint_elapsed_seconds"": 300, ""purpose"": ""One completed combination captured, exactly previewed and played once; local slash tether""}, {""name"": ""Crystalman, phase 2"", ""seconds"": 180, ""checkpoint_elapsed_seconds"": 480, ""purpose"": ""At most two combinations, visibly ordered and sequential; final local tether opens escape""}, {""name"": ""Beyond the image"", ""seconds"": 120, ""checkpoint_elapsed_seconds"": 600, ""purpose"": ""Scenic layers strip around retained firm floor; contact exit and brief tower/sea coda""}], ""boss"": {""id"": ""B06"", ""name"": ""Crystalman"", ""canonical_reference_id"": ""C04"", ""canonical_status"": ""game_proposal"", ""source_warning"": ""Landscape-body, player replay and tether duel are invented; success does not claim a definitive canonical defeat of Crystalman"", ""invented_weak_point"": ""nearby external landscape tether on firm floor"", ""phases"": 2, ""phase_target_minutes"": [2, 3], ""phase_checkpoint_elapsed_seconds"": [300, 480], ""capture_slots_by_phase"": [1, 2], ""replay_order"": ""sequential; visible numbered order; each captured combination once then discarded"", ""replay_recursion"": false, ""required_baseline_attack"": ""ordinary close-range slash"", ""slash_only_completion_required"": true, ""outcome"": ""local false-world arena escape opens; tower coda suggests further struggle""}, ""kit"": [""compact landscape arena"", ""act-wide stone/root/reflective/garden layers"", ""luminous presence"", ""capture frame"", ""route/arc/optional blast preview states"", ""one reusable apparition"", ""tether closed/exposed/severed/spent states"", ""restrained scenery stripping"", ""firm escape platform"", ""distant tower""], ""artwork_ids"": [""G09"", ""G11"", ""G15"", ""G20"", ""G04"", ""G12"", ""G17"", ""G18"", ""G19""], ""title"": ""Crystalman"", ""order"": 5, ""category"": ""levels"", ""canon_status"": ""game_proposal"", ""description"": ""Sever local landscape tethers and leave the false-world arena"", ""tags"": [], ""notes"": """", ""source_ids"": [""S01""], ""beat_seconds"": 600}"
A3-O1,level,Pillars Before Their Time,levels,,optional,game_proposal,"Contact three temporal-mirage markers in any order, then reach the exit",,,"[""S01""]","[""E06"", ""E07"", ""C50""]","[""G05"", ""G18"", ""G12"", ""G13""]",,[],,,,,,,,,3,"{""id"": ""A3-O1"", ""name"": ""Pillars Before Their Time"", ""kind"": ""optional"", ""parent_level_id"": ""A3-L1"", ""target_range_minutes"": [3, 5], ""duration_min"": 3, ""duration_max"": 5, ""initial_budget_minutes"": 3, ""unlock"": ""clear parent level"", ""reward"": ""completion stamp or cosmetic; no stat increase"", ""entity_ids"": [""E06"", ""E07"", ""C50""], ""enemy_ids"": [""C50""], ""boss_ids"": [], ""source_urls"": [""https://www.gutenberg.org/cache/epub/1329/pg1329-images.html#link2HCH0006""], ""objective"": ""Contact three temporal-mirage markers in any order, then reach the exit"", ""skill"": ""Choose collection order so the next sun state leaves a useful flank"", ""reused_assets"": [""sand shelves"", ""pillars"", ""low trees"", ""Stalker"", ""sun previews"", ""white shadows""], ""small_additions"": [""three marker props with empty/collected states"", ""exit seal""], ""checkpoint_elapsed_seconds"": [60, 120, 180], ""beats"": [{""name"": ""First marker"", ""seconds"": 60, ""checkpoint_elapsed_seconds"": 60, ""purpose"": ""Open collection-order choice; one familiar Stalker""}, {""name"": ""Second marker"", ""seconds"": 60, ""checkpoint_elapsed_seconds"": 120, ""purpose"": ""Use known sun preview and preserve return pocket""}, {""name"": ""Third marker and exit"", ""seconds"": 60, ""checkpoint_elapsed_seconds"": 180, ""purpose"": ""Final brief arrangement, last contact marker and contact exit""}], ""artwork_ids"": [""G05"", ""G18"", ""G12"", ""G13""], ""title"": ""Pillars Before Their Time"", ""order"": 6, ""category"": ""levels"", ""canon_status"": ""game_proposal"", ""description"": ""Contact three temporal-mirage markers in any order, then reach the exit"", ""tags"": [], ""notes"": """", ""target_minutes"": 3, ""source_ids"": [""S01""], ""beat_seconds"": 180}"
A3-O2,level,The Quiet Root Circuit,levels,,optional,game_proposal,Clear three existing root courts and reach the opened exit,,,"[""S01""]","[""E15"", ""C50"", ""C51""]","[""G06"", ""G16"", ""G12"", ""G18""]",,[],,,,,,,,,4,"{""id"": ""A3-O2"", ""name"": ""The Quiet Root Circuit"", ""kind"": ""optional"", ""parent_level_id"": ""A3-L2"", ""target_range_minutes"": [3, 5], ""duration_min"": 3, ""duration_max"": 5, ""initial_budget_minutes"": 4, ""unlock"": ""clear parent level"", ""reward"": ""completion stamp or cosmetic; no stat increase"", ""entity_ids"": [""E15"", ""C50"", ""C51""], ""enemy_ids"": [""C50"", ""C51""], ""boss_ids"": [], ""source_urls"": [""https://www.gutenberg.org/cache/epub/1329/pg1329-images.html#link2HCH0013""], ""objective"": ""Clear three existing root courts and reach the opened exit"", ""skill"": ""Choose which rooted source to remove first without losing a return pocket"", ""reused_assets"": [""trunks"", ""leaf floor"", ""roots"", ""Latcher"", ""Stalker"", ""sun states"", ""knots""], ""small_additions"": [""route glyphs"", ""spent-knot completion marker""], ""checkpoint_elapsed_seconds"": [60, 120, 240], ""beats"": [{""name"": ""First root court"", ""seconds"": 60, ""checkpoint_elapsed_seconds"": 60, ""purpose"": ""Single familiar Latcher and fixed trunk""}, {""name"": ""Second root court"", ""seconds"": 60, ""checkpoint_elapsed_seconds"": 120, ""purpose"": ""Rearranged root lane with retained return pocket""}, {""name"": ""Final source choice"", ""seconds"": 120, ""checkpoint_elapsed_seconds"": 240, ""purpose"": ""Short mixed arrangement; remove priority source and contact exit""}], ""artwork_ids"": [""G06"", ""G16"", ""G12"", ""G18""], ""title"": ""The Quiet Root Circuit"", ""order"": 7, ""category"": ""levels"", ""canon_status"": ""game_proposal"", ""description"": ""Clear three existing root courts and reach the opened exit"", ""tags"": [], ""notes"": """", ""target_minutes"": 4, ""source_ids"": [""S01""], ""beat_seconds"": 240}"
A3-O3,level,Irontick's Last Reflection,levels,,optional,game_proposal,Complete three short replay arrangements around the dry resonant apron and contact the exit,,,"[""S01""]","[""E19"", ""C50"", ""C52""]","[""G07"", ""G19"", ""G12"", ""G18""]",,[],,,,,,,,,5,"{""id"": ""A3-O3"", ""name"": ""Irontick's Last Reflection"", ""kind"": ""optional"", ""parent_level_id"": ""A3-L3"", ""target_range_minutes"": [3, 5], ""duration_min"": 3, ""duration_max"": 5, ""initial_budget_minutes"": 5, ""unlock"": ""clear parent level"", ""reward"": ""completion stamp or cosmetic; no stat increase"", ""entity_ids"": [""E19"", ""C50"", ""C52""], ""enemy_ids"": [""C50"", ""C52""], ""boss_ids"": [], ""source_urls"": [""https://www.gutenberg.org/cache/epub/1329/pg1329-images.html#link2HCH0015""], ""objective"": ""Complete three short replay arrangements around the dry resonant apron and contact the exit"", ""skill"": ""Reach a replay endpoint rather than chase a harmless reflection"", ""reused_assets"": [""dry shore"", ""firm shelves"", ""stones"", ""scenic lake-ring"", ""Echo and reflection"", ""resonance"", ""Stalker""], ""small_additions"": [""three stage pips"", ""small shell-like scenic collectible""], ""checkpoint_elapsed_seconds"": [90, 180, 300], ""beats"": [{""name"": ""First reflection"", ""seconds"": 90, ""checkpoint_elapsed_seconds"": 90, ""purpose"": ""Single Echo and one independently previewed scenic pulse""}, {""name"": ""Second reflection"", ""seconds"": 90, ""checkpoint_elapsed_seconds"": 180, ""purpose"": ""Rearranged endpoint around fixed stones""}, {""name"": ""Final apron"", ""seconds"": 120, ""checkpoint_elapsed_seconds"": 300, ""purpose"": ""Short familiar mix, third stage and contact exit""}], ""artwork_ids"": [""G07"", ""G19"", ""G12"", ""G18""], ""title"": ""Irontick's Last Reflection"", ""order"": 8, ""category"": ""levels"", ""canon_status"": ""game_proposal"", ""description"": ""Complete three short replay arrangements around the dry resonant apron and contact the exit"", ""tags"": [], ""notes"": """", ""target_minutes"": 5, ""source_ids"": [""S01""], ""beat_seconds"": 300}"
