Godot Engine v4.7.2.stable.official.ed1daf0bf - https://godotengine.org

PASS: capture arms at actual paused stable Player boundary
PASS: actual supported floor bindings have a finite capture signature
PASS: capture ingests actual contiguous dash
PASS: capture ingests actual contiguous primary
PASS: capture ingests actual contiguous blast
PASS: actual completed capture contains exactly sealed requested slots
PASS: actual capture completes against the same originally held immutable world
PASS: immutable Sequence derives its original event timetable: 
PASS: hole actual native world projects its original primary/blast: 
PASS: whole original Sequence/current world authenticates event mesh before cue binding
PASS: pure transaction prevalidation changes no cue, resource or diagnostic
PASS: explicit event bind silently stages native meshes while fresh/clear
PASS: bound clear exposes intact hidden nonnull native receipts before first present
PASS: clear projection retains real outline/fill plus empty source ArrayMesh, no null fallback
PASS: original fill triangles and all outer/hole contour edge ribbons stage inside accepted cells, without contour fan fill or seam outlines
PASS: actual floor hole has its distinct contour and zero native active fill coverage
PASS: projection_state returns an exact defensive event copy
PASS: original raw shape follows shared warning grammar with intact projected custody
PASS: phase changes preserve native projected fill/outline resource and bytes
PASS: encoded floor plane, actual source, raw logical shape and basis survive transformed parent
PASS: original raw shape follows shared lock grammar with intact projected custody
PASS: phase changes preserve native projected fill/outline resource and bytes
PASS: encoded floor plane, actual source, raw logical shape and basis survive transformed parent
PASS: original raw shape follows shared active grammar with intact projected custody
PASS: phase changes preserve native projected fill/outline resource and bytes
PASS: encoded floor plane, actual source, raw logical shape and basis survive transformed parent
PASS: original raw shape follows shared recovery grammar with intact projected custody
PASS: phase changes preserve native projected fill/outline resource and bytes
PASS: encoded floor plane, actual source, raw logical shape and basis survive transformed parent
PASS: idempotent projected phase keeps existing callback semantics
PASS: explicit clear retains intact hidden binding and publishes ordinary clear state once
PASS: explicit clear permits silent fresh binding without an ordinary downgrade
PASS: quiet signal blocking preserves exact projected native state without callbacks
PASS: projected mesh never rewrites original geometry/source/state or damage timing
PASS: pure transaction prevalidation changes no cue, resource or diagnostic
PASS: explicit event bind silently stages native meshes while fresh/clear
PASS: bound clear exposes intact hidden nonnull native receipts before first present
PASS: clear projection retains real outline/fill plus empty source ArrayMesh, no null fallback
PASS: original fill triangles and all outer/hole contour edge ribbons stage inside accepted cells, without contour fan fill or seam outlines
PASS: projection_state returns an exact defensive event copy
PASS: original raw shape follows shared warning grammar with intact projected custody
PASS: phase changes preserve native projected fill/outline resource and bytes
PASS: encoded floor plane, actual source, raw logical shape and basis survive transformed parent
PASS: original raw shape follows shared lock grammar with intact projected custody
PASS: phase changes preserve native projected fill/outline resource and bytes
PASS: encoded floor plane, actual source, raw logical shape and basis survive transformed parent
PASS: original raw shape follows shared active grammar with intact projected custody
PASS: phase changes preserve native projected fill/outline resource and bytes
PASS: encoded floor plane, actual source, raw logical shape and basis survive transformed parent
PASS: original raw shape follows shared recovery grammar with intact projected custody
PASS: phase changes preserve native projected fill/outline resource and bytes
PASS: encoded floor plane, actual source, raw logical shape and basis survive transformed parent
PASS: idempotent projected phase keeps existing callback semantics
PASS: explicit clear retains intact hidden binding and publishes ordinary clear state once
PASS: explicit clear permits silent fresh binding without an ordinary downgrade
PASS: quiet signal blocking preserves exact projected native state without callbacks
PASS: projected mesh never rewrites original geometry/source/state or damage timing
PASS: all projection binding/guard/phase work leaves actual Player and Scheduler untouched
PASS: capture arms at actual paused stable Player boundary
PASS: actual supported floor bindings have a finite capture signature
PASS: capture ingests actual contiguous dash
PASS: capture ingests actual contiguous primary
PASS: capture ingests actual contiguous blast
PASS: actual completed capture contains exactly sealed requested slots
PASS: actual capture completes against the same originally held immutable world
PASS: immutable Sequence derives its original event timetable: 
PASS: wall actual native world projects its original primary/blast: 
PASS: whole original Sequence/current world authenticates event mesh before cue binding
PASS: pure transaction prevalidation changes no cue, resource or diagnostic
PASS: explicit event bind silently stages native meshes while fresh/clear
PASS: bound clear exposes intact hidden nonnull native receipts before first present
PASS: clear projection retains real outline/fill plus empty source ArrayMesh, no null fallback
PASS: original fill triangles and all outer/hole contour edge ribbons stage inside accepted cells, without contour fan fill or seam outlines
PASS: native fill excludes actual blocker shadow while preserving open off-shadow ground
PASS: all actual native converted fill/outline vertices retain original scenery LOS
PASS: projection_state returns an exact defensive event copy
PASS: original raw shape follows shared warning grammar with intact projected custody
PASS: phase changes preserve native projected fill/outline resource and bytes
PASS: encoded floor plane, actual source, raw logical shape and basis survive transformed parent
PASS: original raw shape follows shared lock grammar with intact projected custody
PASS: phase changes preserve native projected fill/outline resource and bytes
PASS: encoded floor plane, actual source, raw logical shape and basis survive transformed parent
PASS: original raw shape follows shared active grammar with intact projected custody
PASS: phase changes preserve native projected fill/outline resource and bytes
PASS: encoded floor plane, actual source, raw logical shape and basis survive transformed parent
PASS: original raw shape follows shared recovery grammar with intact projected custody
PASS: phase changes preserve native projected fill/outline resource and bytes
PASS: encoded floor plane, actual source, raw logical shape and basis survive transformed parent
PASS: idempotent projected phase keeps existing callback semantics
PASS: explicit clear retains intact hidden binding and publishes ordinary clear state once
PASS: explicit clear permits silent fresh binding without an ordinary downgrade
PASS: quiet signal blocking preserves exact projected native state without callbacks
PASS: projected mesh never rewrites original geometry/source/state or damage timing
PASS: pure transaction prevalidation changes no cue, resource or diagnostic
PASS: explicit event bind silently stages native meshes while fresh/clear
PASS: bound clear exposes intact hidden nonnull native receipts before first present
PASS: clear projection retains real outline/fill plus empty source ArrayMesh, no null fallback
PASS: original fill triangles and all outer/hole contour edge ribbons stage inside accepted cells, without contour fan fill or seam outlines
PASS: projection_state returns an exact defensive event copy
PASS: original raw shape follows shared warning grammar with intact projected custody
PASS: phase changes preserve native projected fill/outline resource and bytes
PASS: encoded floor plane, actual source, raw logical shape and basis survive transformed parent
PASS: original raw shape follows shared lock grammar with intact projected custody
PASS: phase changes preserve native projected fill/outline resource and bytes
PASS: encoded floor plane, actual source, raw logical shape and basis survive transformed parent
PASS: original raw shape follows shared active grammar with intact projected custody
PASS: phase changes preserve native projected fill/outline resource and bytes
PASS: encoded floor plane, actual source, raw logical shape and basis survive transformed parent
PASS: original raw shape follows shared recovery grammar with intact projected custody
PASS: phase changes preserve native projected fill/outline resource and bytes
PASS: encoded floor plane, actual source, raw logical shape and basis survive transformed parent
PASS: idempotent projected phase keeps existing callback semantics
PASS: explicit clear retains intact hidden binding and publishes ordinary clear state once
PASS: explicit clear permits silent fresh binding without an ordinary downgrade
PASS: quiet signal blocking preserves exact projected native state without callbacks
PASS: projected mesh never rewrites original geometry/source/state or damage timing
PASS: all projection binding/guard/phase work leaves actual Player and Scheduler untouched
PASS: capture arms at actual paused stable Player boundary
PASS: actual supported floor bindings have a finite capture signature
PASS: capture ingests actual contiguous dash
PASS: capture ingests actual contiguous primary
PASS: actual completed capture contains exactly sealed requested slots
PASS: actual capture completes against the same originally held immutable world
PASS: immutable Sequence derives its original event timetable: 
PASS: actual completed one-slot attack supplies custody event
PASS: unready projected binding rejects without receipts
PASS: malformed/cyclic/object/nonfinite record or mesh preflight rejects purely
PASS: failed binding never partially projects or allocates an ordinary fallback
PASS: malformed/cyclic/object/nonfinite record or mesh preflight rejects purely
PASS: failed binding never partially projects or allocates an ordinary fallback
PASS: malformed/cyclic/object/nonfinite record or mesh preflight rejects purely
PASS: failed binding never partially projects or allocates an ordinary fallback
PASS: malformed/cyclic/object/nonfinite record or mesh preflight rejects purely
PASS: failed binding never partially projects or allocates an ordinary fallback
PASS: malformed/cyclic/object/nonfinite record or mesh preflight rejects purely
PASS: failed binding never partially projects or allocates an ordinary fallback
PASS: malformed/cyclic/object/nonfinite record or mesh preflight rejects purely
PASS: failed binding never partially projects or allocates an ordinary fallback
PASS: malformed/cyclic/object/nonfinite record or mesh preflight rejects purely
PASS: failed binding never partially projects or allocates an ordinary fallback
PASS: malformed/cyclic/object/nonfinite record or mesh preflight rejects purely
PASS: failed binding never partially projects or allocates an ordinary fallback
PASS: malformed/cyclic/object/nonfinite record or mesh preflight rejects purely
PASS: failed binding never partially projects or allocates an ordinary fallback
PASS: malformed/cyclic/object/nonfinite record or mesh preflight rejects purely
PASS: failed binding never partially projects or allocates an ordinary fallback
PASS: malformed/cyclic/object/nonfinite record or mesh preflight rejects purely
PASS: failed binding never partially projects or allocates an ordinary fallback
PASS: malformed/cyclic/object/nonfinite record or mesh preflight rejects purely
PASS: failed binding never partially projects or allocates an ordinary fallback
PASS: actual native cue binds original event: 
PASS: actual canonical bound Cue enables private bits branch before native custody checks
PASS: one tagged float64 event bit rejects through pure expected-event guard
PASS: raw range mismatch rejects before first projected warning
PASS: source override cannot move original projected event
PASS: live phase prohibits rebinding without explicit clear
PASS: state callback preserves reentrant rejection and defensive state without changing order
PASS: actual native cue binds original event: 
PASS: actual canonical bound Cue enables private bits branch before native custody checks
PASS: outline_hidden starts actual intact projected active
PASS: outline_hidden actual native mutation rejects purely without changing state
PASS: outline_hidden later present cannot heal lost required receipt
PASS: outline_hidden cancellation latches broken custody instead of resetting authority
PASS: actual native cue binds original event: 
PASS: actual canonical bound Cue enables private bits branch before native custody checks
PASS: fill_hidden starts actual intact projected active
PASS: fill_hidden actual native mutation rejects purely without changing state
PASS: fill_hidden later present cannot heal lost required receipt
PASS: fill_hidden cancellation latches broken custody instead of resetting authority
PASS: actual native cue binds original event: 
PASS: actual canonical bound Cue enables private bits branch before native custody checks
PASS: source_hidden starts actual intact projected active
PASS: source_hidden actual native mutation rejects purely without changing state
PASS: source_hidden later present cannot heal lost required receipt
PASS: source_hidden cancellation latches broken custody instead of resetting authority
PASS: actual native cue binds original event: 
PASS: actual canonical bound Cue enables private bits branch before native custody checks
PASS: cue_hidden starts actual intact projected active
PASS: cue_hidden actual native mutation rejects purely without changing state
PASS: cue_hidden later present cannot heal lost required receipt
PASS: cue_hidden cancellation latches broken custody instead of resetting authority
PASS: actual native cue binds original event: 
PASS: actual canonical bound Cue enables private bits branch before native custody checks
PASS: parent_hidden starts actual intact projected active
PASS: parent_hidden actual native mutation rejects purely without changing state
PASS: parent_hidden later present cannot heal lost required receipt
PASS: parent_hidden cancellation latches broken custody instead of resetting authority
PASS: actual native cue binds original event: 
PASS: actual canonical bound Cue enables private bits branch before native custody checks
PASS: child_transform starts actual intact projected active
PASS: child_transform actual native mutation rejects purely without changing state
PASS: child_transform later present cannot heal lost required receipt
PASS: child_transform cancellation latches broken custody instead of resetting authority
PASS: actual native cue binds original event: 
PASS: actual canonical bound Cue enables private bits branch before native custody checks
PASS: cue_transform starts actual intact projected active
PASS: cue_transform actual native mutation rejects purely without changing state
PASS: cue_transform later present cannot heal lost required receipt
PASS: cue_transform cancellation latches broken custody instead of resetting authority
PASS: actual native cue binds original event: 
PASS: actual canonical bound Cue enables private bits branch before native custody checks
PASS: basis starts actual intact projected active
PASS: basis actual native mutation rejects purely without changing state
PASS: basis later present cannot heal lost required receipt
PASS: basis cancellation latches broken custody instead of resetting authority
PASS: actual native cue binds original event: 
PASS: actual canonical bound Cue enables private bits branch before native custody checks
PASS: mesh_replaced starts actual intact projected active
PASS: mesh_replaced actual native mutation rejects purely without changing state
PASS: mesh_replaced later present cannot heal lost required receipt
PASS: mesh_replaced cancellation latches broken custody instead of resetting authority
PASS: actual native cue binds original event: 
PASS: actual canonical bound Cue enables private bits branch before native custody checks
PASS: mesh_null starts actual intact projected active
PASS: mesh_null actual native mutation rejects purely without changing state
PASS: mesh_null later present cannot heal lost required receipt
PASS: mesh_null cancellation latches broken custody instead of resetting authority
PASS: actual native cue binds original event: 
PASS: actual canonical bound Cue enables private bits branch before native custody checks
PASS: vertex starts actual intact projected active
PASS: vertex actual native mutation rejects purely without changing state
PASS: vertex later present cannot heal lost required receipt
PASS: vertex cancellation latches broken custody instead of resetting authority
PASS: actual native cue binds original event: 
PASS: actual canonical bound Cue enables private bits branch before native custody checks
PASS: index starts actual intact projected active
PASS: index actual native mutation rejects purely without changing state
PASS: index later present cannot heal lost required receipt
PASS: index cancellation latches broken custody instead of resetting authority
PASS: actual native cue binds original event: 
PASS: actual canonical bound Cue enables private bits branch before native custody checks
PASS: lod starts actual intact projected active
PASS: LOD corruption actually reaches native surface storage with valid base indices
PASS: lod actual native mutation rejects purely without changing state
PASS: lod later present cannot heal lost required receipt
PASS: lod cancellation latches broken custody instead of resetting authority
PASS: actual native cue binds original event: 
PASS: actual canonical bound Cue enables private bits branch before native custody checks
PASS: shadow starts actual intact projected active
PASS: shadow actual native mutation rejects purely without changing state
PASS: shadow later present cannot heal lost required receipt
PASS: shadow cancellation latches broken custody instead of resetting authority
PASS: actual native cue binds original event: 
PASS: actual canonical bound Cue enables private bits branch before native custody checks
PASS: source_vertex starts actual intact projected active
PASS: source_vertex actual native mutation rejects purely without changing state
PASS: source_vertex later present cannot heal lost required receipt
PASS: source_vertex cancellation latches broken custody instead of resetting authority
PASS: actual native cue binds original event: 
PASS: actual canonical bound Cue enables private bits branch before native custody checks
PASS: material_replaced starts actual intact projected active
PASS: material_replaced actual native mutation rejects purely without changing state
PASS: material_replaced later present cannot heal lost required receipt
PASS: material_replaced cancellation latches broken custody instead of resetting authority
PASS: actual native cue binds original event: 
PASS: actual canonical bound Cue enables private bits branch before native custody checks
PASS: material_depth starts actual intact projected active
PASS: material_depth actual native mutation rejects purely without changing state
PASS: material_depth later present cannot heal lost required receipt
PASS: material_depth cancellation latches broken custody instead of resetting authority
PASS: actual native cue binds original event: 
PASS: actual canonical bound Cue enables private bits branch before native custody checks
PASS: material_color starts actual intact projected active
PASS: material_color actual native mutation rejects purely without changing state
PASS: material_color later present cannot heal lost required receipt
PASS: material_color cancellation latches broken custody instead of resetting authority
PASS: actual native cue binds original event: 
PASS: actual canonical bound Cue enables private bits branch before native custody checks
PASS: surface_override starts actual intact projected active
PASS: surface_override actual native mutation rejects purely without changing state
PASS: surface_override later present cannot heal lost required receipt
PASS: surface_override cancellation latches broken custody instead of resetting authority
PASS: actual native cue binds original event: 
PASS: actual canonical bound Cue enables private bits branch before native custody checks
PASS: child_replaced starts actual intact projected active
PASS: child_replaced actual native mutation rejects purely without changing state
PASS: child_replaced later present cannot heal lost required receipt
PASS: child_replaced cancellation latches broken custody instead of resetting authority
PASS: actual native cue binds original event: 
PASS: actual canonical bound Cue enables private bits branch before native custody checks
PASS: child_freed starts actual intact projected active
PASS: child_freed actual native mutation rejects purely without changing state
PASS: child_freed later present cannot heal lost required receipt
PASS: child_freed cancellation latches broken custody instead of resetting authority
PASS: actual native cue binds original event: 
PASS: actual canonical bound Cue enables private bits branch before native custody checks
PASS: parent_changed starts actual intact projected active
PASS: parent_changed actual native mutation rejects purely without changing state
PASS: parent_changed later present cannot heal lost required receipt
PASS: parent_changed cancellation latches broken custody instead of resetting authority
PASS: TEST ONLY structural empty event retains native empty mesh receipts, not null
PASS: intact empty native fill is distinguishable from missing required resource
PASS: caller-created empty clipping cannot pass actual whole-plan authentication
PASS: ordinary API1 cue behavior remains null clear and unprojected
PASS: capture arms at actual paused stable Player boundary
PASS: actual supported floor bindings have a finite capture signature
PASS: capture ingests actual contiguous dash
PASS: capture ingests actual contiguous primary
PASS: actual completed capture contains exactly sealed requested slots
PASS: actual capture completes against the same originally held immutable world
PASS: immutable Sequence derives its original event timetable: 
PASS: reference controls start with actual recorded action and authenticated native floor projection
PASS: canonical control has genuine finite native fill/contour data
PASS: canonical binds original validated native meshes silently, no new1MiB restriction
PASS: canonical original input/nested Array and record aliases cannot mutate retained event or private anchor
PASS: canonical mutable public projection_state/nested aliases remain independent defensive copies
PASS: canonical original canonical String-key equality ignores Dictionary insertion order
PASS: canonical typed container metadata remains absent from original tagged transport equality
PASS: canonical actual Box floor provides genuine float zero for copied-bit/type controls
PASS: canonical one-bit float refuses purely with original expected-event error precedence
PASS: canonical opposite signed zero refuses purely with original expected-event error precedence
PASS: canonical equal-number int versus float refuses purely with original expected-event error precedence
PASS: canonical StringName key alias refuses purely with original expected-event error precedence
PASS: canonical StringName scalar refuses purely with original expected-event error precedence
PASS: canonical native live Object refuses purely with original expected-event error precedence
PASS: canonical native freed Object refuses purely with original expected-event error precedence
PASS: canonical matched-width foreign cycle refuses purely with original expected-event error precedence
PASS: canonical overwide foreign shape refuses purely with original expected-event error precedence
PASS: canonical extra closed branch refuses purely with original expected-event error precedence
PASS: canonical oversized foreign String refuses purely with original expected-event error precedence
PASS: canonical nonfinite float refuses purely with original expected-event error precedence
PASS: canonical foreign failures do not latch, heal or alter genuine required phase authority
PASS: canonical working event mutation is independently rejected by unchanged storage error precedence
PASS: canonical working storage mutation cannot be healed by phase, clear or rebind
PASS: TEST ONLY repeated safe triangle has valid original Exact transport above1MiB within8MiB and Cue vertex bounds
PASS: large structural Cue receipt cannot masquerade as original whole-Footprint authentication
PASS: large structural control has genuine finite native fill/contour data
PASS: large structural binds original validated native meshes silently, no new1MiB restriction
PASS: large structural original input/nested Array and record aliases cannot mutate retained event or private anchor
PASS: large structural mutable public projection_state/nested aliases remain independent defensive copies
PASS: large structural original canonical String-key equality ignores Dictionary insertion order
PASS: large structural typed container metadata remains absent from original tagged transport equality
PASS: large structural actual Box floor provides genuine float zero for copied-bit/type controls
PASS: large structural one-bit float refuses purely with original expected-event error precedence
PASS: large structural opposite signed zero refuses purely with original expected-event error precedence
PASS: large structural equal-number int versus float refuses purely with original expected-event error precedence
PASS: large structural StringName key alias refuses purely with original expected-event error precedence
PASS: large structural StringName scalar refuses purely with original expected-event error precedence
PASS: large structural native live Object refuses purely with original expected-event error precedence
PASS: large structural native freed Object refuses purely with original expected-event error precedence
PASS: large structural matched-width foreign cycle refuses purely with original expected-event error precedence
PASS: large structural overwide foreign shape refuses purely with original expected-event error precedence
PASS: large structural extra closed branch refuses purely with original expected-event error precedence
PASS: large structural oversized foreign String refuses purely with original expected-event error precedence
PASS: large structural nonfinite float refuses purely with original expected-event error precedence
PASS: large structural foreign failures do not latch, heal or alter genuine required phase authority
PASS: large structural working event mutation is independently rejected by unchanged storage error precedence
PASS: large structural working storage mutation cannot be healed by phase, clear or rebind
PASS: pure oracle reference0 passes unchanged whole Exact bounds
PASS: private pure original two-argument oracle parity: closed value0 and ignored typed metadata
PASS: private pure original two-argument oracle parity: native Vector3 versus closed reference0
PASS: pure oracle reference1 passes unchanged whole Exact bounds
PASS: private pure original two-argument oracle parity: closed value1 and ignored typed metadata
PASS: private pure original two-argument oracle parity: native Vector3 versus closed reference1
PASS: pure oracle reference2 passes unchanged whole Exact bounds
PASS: private pure original two-argument oracle parity: closed value2 and ignored typed metadata
PASS: private pure original two-argument oracle parity: native Vector3 versus closed reference2
PASS: pure oracle reference3 passes unchanged whole Exact bounds
PASS: private pure original two-argument oracle parity: closed value3 and ignored typed metadata
PASS: private pure original two-argument oracle parity: native Vector3 versus closed reference3
PASS: pure oracle reference4 passes unchanged whole Exact bounds
PASS: private pure original two-argument oracle parity: closed value4 and ignored typed metadata
PASS: private pure original two-argument oracle parity: native Vector3 versus closed reference4
PASS: pure oracle reference5 passes unchanged whole Exact bounds
PASS: private pure original two-argument oracle parity: closed value5 and ignored typed metadata
PASS: private pure original two-argument oracle parity: native Vector3 versus closed reference5
PASS: pure oracle reference6 passes unchanged whole Exact bounds
PASS: private pure original two-argument oracle parity: closed value6 and ignored typed metadata
PASS: private pure original two-argument oracle parity: native Vector3 versus closed reference6
PASS: pure oracle reference7 passes unchanged whole Exact bounds
PASS: private pure original two-argument oracle parity: closed value7 and ignored typed metadata
PASS: private pure original two-argument oracle parity: native Vector3 versus closed reference7
PASS: pure oracle reference8 passes unchanged whole Exact bounds
PASS: private pure original two-argument oracle parity: closed value8 and ignored typed metadata
PASS: private pure original two-argument oracle parity: native Vector3 versus closed reference8
PASS: pure oracle reference9 passes unchanged whole Exact bounds
PASS: private pure original two-argument oracle parity: closed value9 and ignored typed metadata
PASS: private pure original two-argument oracle parity: native Vector3 versus closed reference9
PASS: pure oracle reference10 passes unchanged whole Exact bounds
PASS: private pure original two-argument oracle parity: closed value10 and ignored typed metadata
PASS: private pure original two-argument oracle parity: native Vector3 versus closed reference10
PASS: pure oracle reference11 passes unchanged whole Exact bounds
PASS: private pure original two-argument oracle parity: closed value11 and ignored typed metadata
PASS: private pure original two-argument oracle parity: native Vector3 versus closed reference11
PASS: pure oracle reference12 passes unchanged whole Exact bounds
PASS: private pure original two-argument oracle parity: closed value12 and ignored typed metadata
PASS: private pure original two-argument oracle parity: native Vector3 versus closed reference12
PASS: pure oracle reference13 passes unchanged whole Exact bounds
PASS: private pure original two-argument oracle parity: closed value13 and ignored typed metadata
PASS: private pure original two-argument oracle parity: native Vector3 versus closed reference13
PASS: pure oracle reference14 passes unchanged whole Exact bounds
PASS: private pure original two-argument oracle parity: closed value14 and ignored typed metadata
PASS: private pure original two-argument oracle parity: native Vector3 versus closed reference14
PASS: pure oracle reference15 passes unchanged whole Exact bounds
PASS: private pure original two-argument oracle parity: closed value15 and ignored typed metadata
PASS: private pure original two-argument oracle parity: native Vector3 versus closed reference15
PASS: pure oracle reference16 passes unchanged whole Exact bounds
PASS: private pure original two-argument oracle parity: closed value16 and ignored typed metadata
PASS: private pure original two-argument oracle parity: native Vector3 versus closed reference16
PASS: private pure original two-argument oracle parity: String dictionary insertion order and typed point Array
PASS: private pure original two-argument oracle parity: coordinate opposite signed zero
PASS: private pure original two-argument oracle parity: scalar one-bit float
PASS: private pure original two-argument oracle parity: coordinate one-bit float
PASS: private pure original two-argument oracle parity: coordinate equal int versus float
PASS: private pure original two-argument oracle parity: scalar equal int versus float
PASS: private pure original two-argument oracle parity: native packed numeric Array
PASS: private pure original two-argument oracle parity: nonfinite coordinate
PASS: private pure original two-argument oracle parity: nonfinite scalar
PASS: private pure original two-argument oracle parity: nested StringName key alias
PASS: private pure original two-argument oracle parity: StringName scalar
PASS: private pure original two-argument oracle parity: foreign overwide shape
PASS: private pure original two-argument oracle parity: foreign oversized String
PASS: private pure original two-argument oracle parity: matched-width foreign cycle
PASS: private pure original two-argument oracle parity: live Object
PASS: private pure original two-argument oracle parity: freed Object
PASS: finite binary64 edge0 retains exact eight native bytes and unchanged bind admission
PASS: finite binary64 edge1 retains exact eight native bytes and unchanged bind admission
PASS: finite binary64 edge2 retains exact eight native bytes and unchanged bind admission
PASS: finite binary64 edge3 retains exact eight native bytes and unchanged bind admission
PASS: finite binary64 edge4 retains exact eight native bytes and unchanged bind admission
PASS: finite binary64 edge5 retains exact eight native bytes and unchanged bind admission
PASS: finite binary64 edge6 retains exact eight native bytes and unchanged bind admission
PASS: finite binary64 edge7 retains exact eight native bytes and unchanged bind admission
PASS: finite binary64 edge8 retains exact eight native bytes and unchanged bind admission
PASS: finite binary64 edge9 retains exact eight native bytes and unchanged bind admission
PASS: finite binary64 edge10 retains exact eight native bytes and unchanged bind admission
PASS: finite binary64 edge11 retains exact eight native bytes and unchanged bind admission
PASS: finite binary64 edge12 retains exact eight native bytes and unchanged bind admission
PASS: finite binary64 edge13 retains exact eight native bytes and unchanged bind admission
PASS: finite binary64 edge14 retains exact eight native bytes and unchanged bind admission
PASS: finite binary64 edge15 retains exact eight native bytes and unchanged bind admission
PASS: finite binary64 edge16 retains exact eight native bytes and unchanged bind admission
PASS: finite binary64 edge17 retains exact eight native bytes and unchanged bind admission
PASS: finite binary64 edge18 retains exact eight native bytes and unchanged bind admission
PASS: finite binary64 edge19 retains exact eight native bytes and unchanged bind admission
PASS: private pure original two-argument oracle parity: finite scalar pair0/0 including signed zero, subnormals and adjacent normal values
PASS: private pure original two-argument oracle parity: finite scalar pair0/1 including signed zero, subnormals and adjacent normal values
PASS: private pure original two-argument oracle parity: finite scalar pair0/2 including signed zero, subnormals and adjacent normal values
PASS: private pure original two-argument oracle parity: finite scalar pair0/3 including signed zero, subnormals and adjacent normal values
PASS: private pure original two-argument oracle parity: finite scalar pair0/4 including signed zero, subnormals and adjacent normal values
PASS: private pure original two-argument oracle parity: finite scalar pair0/5 including signed zero, subnormals and adjacent normal values
PASS: private pure original two-argument oracle parity: finite scalar pair0/6 including signed zero, subnormals and adjacent normal values
PASS: private pure original two-argument oracle parity: finite scalar pair0/7 including signed zero, subnormals and adjacent normal values
PASS: private pure original two-argument oracle parity: finite scalar pair0/8 including signed zero, subnormals and adjacent normal values
PASS: private pure original two-argument oracle parity: finite scalar pair0/9 including signed zero, subnormals and adjacent normal values
PASS: private pure original two-argument oracle parity: finite scalar pair0/10 including signed zero, subnormals and adjacent normal values
PASS: private pure original two-argument oracle parity: finite scalar pair0/11 including signed zero, subnormals and adjacent normal values
PASS: private pure original two-argument oracle parity: finite scalar pair0/12 including signed zero, subnormals and adjacent normal values
PASS: private pure original two-argument oracle parity: finite scalar pair0/13 including signed zero, subnormals and adjacent normal values
PASS: private pure original two-argument oracle parity: finite scalar pair0/14 including signed zero, subnormals and adjacent normal values
PASS: private pure original two-argument oracle parity: finite scalar pair0/15 including signed zero, subnormals and adjacent normal values
PASS: private pure original two-argument oracle parity: finite scalar pair0/16 including signed zero, subnormals and adjacent normal values
PASS: private pure original two-argument oracle parity: finite scalar pair0/17 including signed zero, subnormals and adjacent normal values
PASS: private pure original two-argument oracle parity: finite scalar pair0/18 including signed zero, subnormals and adjacent normal values
PASS: private pure original two-argument oracle parity: finite scalar pair0/19 including signed zero, subnormals and adjacent normal values
PASS: private pure original two-argument oracle parity: finite scalar0 rejects foreign type/nonfinite value2
PASS: private pure original two-argument oracle parity: finite scalar0 rejects foreign type/nonfinite value2
PASS: private pure original two-argument oracle parity: finite scalar0 rejects foreign type/nonfinite value3
PASS: private pure original two-argument oracle parity: finite scalar0 rejects foreign type/nonfinite value3
PASS: private pure original two-argument oracle parity: finite scalar0 rejects foreign type/nonfinite value3
PASS: private pure original two-argument oracle parity: finite scalar0 rejects foreign type/nonfinite value9
PASS: private pure original two-argument oracle parity: finite scalar0 rejects foreign type/nonfinite value33
PASS: private pure original two-argument oracle parity: finite edge0 at coordinate0 retains typed triplet
PASS: private pure original two-argument oracle parity: finite triplet edge0/0 coordinate0
PASS: private pure original two-argument oracle parity: finite triplet edge0/1 coordinate0
PASS: private pure original two-argument oracle parity: finite triplet edge0/2 coordinate0
PASS: private pure original two-argument oracle parity: finite triplet edge0/3 coordinate0
PASS: private pure original two-argument oracle parity: finite triplet edge0/4 coordinate0
PASS: private pure original two-argument oracle parity: finite triplet edge0/5 coordinate0
PASS: private pure original two-argument oracle parity: finite triplet edge0/6 coordinate0
PASS: private pure original two-argument oracle parity: finite triplet edge0/7 coordinate0
PASS: private pure original two-argument oracle parity: finite triplet edge0/8 coordinate0
PASS: private pure original two-argument oracle parity: finite triplet edge0/9 coordinate0
PASS: private pure original two-argument oracle parity: finite triplet edge0/10 coordinate0
PASS: private pure original two-argument oracle parity: finite triplet edge0/11 coordinate0
PASS: private pure original two-argument oracle parity: finite triplet edge0/12 coordinate0
PASS: private pure original two-argument oracle parity: finite triplet edge0/13 coordinate0
PASS: private pure original two-argument oracle parity: finite triplet edge0/14 coordinate0
PASS: private pure original two-argument oracle parity: finite triplet edge0/15 coordinate0
PASS: private pure original two-argument oracle parity: finite triplet edge0/16 coordinate0
PASS: private pure original two-argument oracle parity: finite triplet edge0/17 coordinate0
PASS: private pure original two-argument oracle parity: finite triplet edge0/18 coordinate0
PASS: private pure original two-argument oracle parity: finite triplet edge0/19 coordinate0
PASS: private pure original two-argument oracle parity: finite triplet edge0 coordinate0 rejects type/nonfinite2
PASS: private pure original two-argument oracle parity: finite triplet edge0 coordinate0 rejects type/nonfinite3
PASS: private pure original two-argument oracle parity: finite triplet edge0 coordinate0 rejects type/nonfinite3
PASS: private pure original two-argument oracle parity: finite triplet edge0 coordinate0 rejects type/nonfinite3
PASS: private pure original two-argument oracle parity: finite edge0 at coordinate1 retains typed triplet
PASS: private pure original two-argument oracle parity: finite triplet edge0/0 coordinate1
PASS: private pure original two-argument oracle parity: finite triplet edge0/1 coordinate1
PASS: private pure original two-argument oracle parity: finite triplet edge0/2 coordinate1
PASS: private pure original two-argument oracle parity: finite triplet edge0/3 coordinate1
PASS: private pure original two-argument oracle parity: finite triplet edge0/4 coordinate1
PASS: private pure original two-argument oracle parity: finite triplet edge0/5 coordinate1
PASS: private pure original two-argument oracle parity: finite triplet edge0/6 coordinate1
PASS: private pure original two-argument oracle parity: finite triplet edge0/7 coordinate1
PASS: private pure original two-argument oracle parity: finite triplet edge0/8 coordinate1
PASS: private pure original two-argument oracle parity: finite triplet edge0/9 coordinate1
PASS: private pure original two-argument oracle parity: finite triplet edge0/10 coordinate1
PASS: private pure original two-argument oracle parity: finite triplet edge0/11 coordinate1
PASS: private pure original two-argument oracle parity: finite triplet edge0/12 coordinate1
PASS: private pure original two-argument oracle parity: finite triplet edge0/13 coordinate1
PASS: private pure original two-argument oracle parity: finite triplet edge0/14 coordinate1
PASS: private pure original two-argument oracle parity: finite triplet edge0/15 coordinate1
PASS: private pure original two-argument oracle parity: finite triplet edge0/16 coordinate1
PASS: private pure original two-argument oracle parity: finite triplet edge0/17 coordinate1
PASS: private pure original two-argument oracle parity: finite triplet edge0/18 coordinate1
PASS: private pure original two-argument oracle parity: finite triplet edge0/19 coordinate1
PASS: private pure original two-argument oracle parity: finite triplet edge0 coordinate1 rejects type/nonfinite2
PASS: private pure original two-argument oracle parity: finite triplet edge0 coordinate1 rejects type/nonfinite3
PASS: private pure original two-argument oracle parity: finite triplet edge0 coordinate1 rejects type/nonfinite3
PASS: private pure original two-argument oracle parity: finite triplet edge0 coordinate1 rejects type/nonfinite3
PASS: private pure original two-argument oracle parity: finite edge0 at coordinate2 retains typed triplet
PASS: private pure original two-argument oracle parity: finite triplet edge0/0 coordinate2
PASS: private pure original two-argument oracle parity: finite triplet edge0/1 coordinate2
PASS: private pure original two-argument oracle parity: finite triplet edge0/2 coordinate2
PASS: private pure original two-argument oracle parity: finite triplet edge0/3 coordinate2
PASS: private pure original two-argument oracle parity: finite triplet edge0/4 coordinate2
PASS: private pure original two-argument oracle parity: finite triplet edge0/5 coordinate2
PASS: private pure original two-argument oracle parity: finite triplet edge0/6 coordinate2
PASS: private pure original two-argument oracle parity: finite triplet edge0/7 coordinate2
PASS: private pure original two-argument oracle parity: finite triplet edge0/8 coordinate2
PASS: private pure original two-argument oracle parity: finite triplet edge0/9 coordinate2
PASS: private pure original two-argument oracle parity: finite triplet edge0/10 coordinate2
PASS: private pure original two-argument oracle parity: finite triplet edge0/11 coordinate2
PASS: private pure original two-argument oracle parity: finite triplet edge0/12 coordinate2
PASS: private pure original two-argument oracle parity: finite triplet edge0/13 coordinate2
PASS: private pure original two-argument oracle parity: finite triplet edge0/14 coordinate2
PASS: private pure original two-argument oracle parity: finite triplet edge0/15 coordinate2
PASS: private pure original two-argument oracle parity: finite triplet edge0/16 coordinate2
PASS: private pure original two-argument oracle parity: finite triplet edge0/17 coordinate2
PASS: private pure original two-argument oracle parity: finite triplet edge0/18 coordinate2
PASS: private pure original two-argument oracle parity: finite triplet edge0/19 coordinate2
PASS: private pure original two-argument oracle parity: finite triplet edge0 coordinate2 rejects type/nonfinite2
PASS: private pure original two-argument oracle parity: finite triplet edge0 coordinate2 rejects type/nonfinite3
PASS: private pure original two-argument oracle parity: finite triplet edge0 coordinate2 rejects type/nonfinite3
PASS: private pure original two-argument oracle parity: finite triplet edge0 coordinate2 rejects type/nonfinite3
PASS: private pure original two-argument oracle parity: finite scalar pair1/0 including signed zero, subnormals and adjacent normal values
PASS: private pure original two-argument oracle parity: finite scalar pair1/1 including signed zero, subnormals and adjacent normal values
PASS: private pure original two-argument oracle parity: finite scalar pair1/2 including signed zero, subnormals and adjacent normal values
PASS: private pure original two-argument oracle parity: finite scalar pair1/3 including signed zero, subnormals and adjacent normal values
PASS: private pure original two-argument oracle parity: finite scalar pair1/4 including signed zero, subnormals and adjacent normal values
PASS: private pure original two-argument oracle parity: finite scalar pair1/5 including signed zero, subnormals and adjacent normal values
PASS: private pure original two-argument oracle parity: finite scalar pair1/6 including signed zero, subnormals and adjacent normal values
PASS: private pure original two-argument oracle parity: finite scalar pair1/7 including signed zero, subnormals and adjacent normal values
PASS: private pure original two-argument oracle parity: finite scalar pair1/8 including signed zero, subnormals and adjacent normal values
PASS: private pure original two-argument oracle parity: finite scalar pair1/9 including signed zero, subnormals and adjacent normal values
PASS: private pure original two-argument oracle parity: finite scalar pair1/10 including signed zero, subnormals and adjacent normal values
PASS: private pure original two-argument oracle parity: finite scalar pair1/11 including signed zero, subnormals and adjacent normal values
PASS: private pure original two-argument oracle parity: finite scalar pair1/12 including signed zero, subnormals and adjacent normal values
PASS: private pure original two-argument oracle parity: finite scalar pair1/13 including signed zero, subnormals and adjacent normal values
PASS: private pure original two-argument oracle parity: finite scalar pair1/14 including signed zero, subnormals and adjacent normal values
PASS: private pure original two-argument oracle parity: finite scalar pair1/15 including signed zero, subnormals and adjacent normal values
PASS: private pure original two-argument oracle parity: finite scalar pair1/16 including signed zero, subnormals and adjacent normal values
PASS: private pure original two-argument oracle parity: finite scalar pair1/17 including signed zero, subnormals and adjacent normal values
PASS: private pure original two-argument oracle parity: finite scalar pair1/18 including signed zero, subnormals and adjacent normal values
PASS: private pure original two-argument oracle parity: finite scalar pair1/19 including signed zero, subnormals and adjacent normal values
PASS: private pure original two-argument oracle parity: finite scalar1 rejects foreign type/nonfinite value2
PASS: private pure original two-argument oracle parity: finite scalar1 rejects foreign type/nonfinite value2
PASS: private pure original two-argument oracle parity: finite scalar1 rejects foreign type/nonfinite value3
PASS: private pure original two-argument oracle parity: finite scalar1 rejects foreign type/nonfinite value3
PASS: private pure original two-argument oracle parity: finite scalar1 rejects foreign type/nonfinite value3
PASS: private pure original two-argument oracle parity: finite scalar1 rejects foreign type/nonfinite value9
PASS: private pure original two-argument oracle parity: finite scalar1 rejects foreign type/nonfinite value33
PASS: private pure original two-argument oracle parity: finite edge1 at coordinate0 retains typed triplet
PASS: private pure original two-argument oracle parity: finite triplet edge1/0 coordinate0
PASS: private pure original two-argument oracle parity: finite triplet edge1/1 coordinate0
PASS: private pure original two-argument oracle parity: finite triplet edge1/2 coordinate0
PASS: private pure original two-argument oracle parity: finite triplet edge1/3 coordinate0
PASS: private pure original two-argument oracle parity: finite triplet edge1/4 coordinate0
PASS: private pure original two-argument oracle parity: finite triplet edge1/5 coordinate0
PASS: private pure original two-argument oracle parity: finite triplet edge1/6 coordinate0
PASS: private pure original two-argument oracle parity: finite triplet edge1/7 coordinate0
PASS: private pure original two-argument oracle parity: finite triplet edge1/8 coordinate0
PASS: private pure original two-argument oracle parity: finite triplet edge1/9 coordinate0
PASS: private pure original two-argument oracle parity: finite triplet edge1/10 coordinate0
PASS: private pure original two-argument oracle parity: finite triplet edge1/11 coordinate0
PASS: private pure original two-argument oracle parity: finite triplet edge1/12 coordinate0
PASS: private pure original two-argument oracle parity: finite triplet edge1/13 coordinate0
PASS: private pure original two-argument oracle parity: finite triplet edge1/14 coordinate0
PASS: private pure original two-argument oracle parity: finite triplet edge1/15 coordinate0
PASS: private pure original two-argument oracle parity: finite triplet edge1/16 coordinate0
PASS: private pure original two-argument oracle parity: finite triplet edge1/17 coordinate0
PASS: private pure original two-argument oracle parity: finite triplet edge1/18 coordinate0
PASS: private pure original two-argument oracle parity: finite triplet edge1/19 coordinate0
PASS: private pure original two-argument oracle parity: finite triplet edge1 coordinate0 rejects type/nonfinite2
PASS: private pure original two-argument oracle parity: finite triplet edge1 coordinate0 rejects type/nonfinite3
PASS: private pure original two-argument oracle parity: finite triplet edge1 coordinate0 rejects type/nonfinite3
PASS: private pure original two-argument oracle parity: finite triplet edge1 coordinate0 rejects type/nonfinite3
PASS: private pure original two-argument oracle parity: finite edge1 at coordinate1 retains typed triplet
PASS: private pure original two-argument oracle parity: finite triplet edge1/0 coordinate1
PASS: private pure original two-argument oracle parity: finite triplet edge1/1 coordinate1
PASS: private pure original two-argument oracle parity: finite triplet edge1/2 coordinate1
PASS: private pure original two-argument oracle parity: finite triplet edge1/3 coordinate1
PASS: private pure original two-argument oracle parity: finite triplet edge1/4 coordinate1
PASS: private pure original two-argument oracle parity: finite triplet edge1/5 coordinate1
PASS: private pure original two-argument oracle parity: finite triplet edge1/6 coordinate1
PASS: private pure original two-argument oracle parity: finite triplet edge1/7 coordinate1
PASS: private pure original two-argument oracle parity: finite triplet edge1/8 coordinate1
PASS: private pure original two-argument oracle parity: finite triplet edge1/9 coordinate1
PASS: private pure original two-argument oracle parity: finite triplet edge1/10 coordinate1
PASS: private pure original two-argument oracle parity: finite triplet edge1/11 coordinate1
PASS: private pure original two-argument oracle parity: finite triplet edge1/12 coordinate1
PASS: private pure original two-argument oracle parity: finite triplet edge1/13 coordinate1
PASS: private pure original two-argument oracle parity: finite triplet edge1/14 coordinate1
PASS: private pure original two-argument oracle parity: finite triplet edge1/15 coordinate1
PASS: private pure original two-argument oracle parity: finite triplet edge1/16 coordinate1
PASS: private pure original two-argument oracle parity: finite triplet edge1/17 coordinate1
PASS: private pure original two-argument oracle parity: finite triplet edge1/18 coordinate1
PASS: private pure original two-argument oracle parity: finite triplet edge1/19 coordinate1
PASS: private pure original two-argument oracle parity: finite triplet edge1 coordinate1 rejects type/nonfinite2
PASS: private pure original two-argument oracle parity: finite triplet edge1 coordinate1 rejects type/nonfinite3
PASS: private pure original two-argument oracle parity: finite triplet edge1 coordinate1 rejects type/nonfinite3
PASS: private pure original two-argument oracle parity: finite triplet edge1 coordinate1 rejects type/nonfinite3
PASS: private pure original two-argument oracle parity: finite edge1 at coordinate2 retains typed triplet
PASS: private pure original two-argument oracle parity: finite triplet edge1/0 coordinate2
PASS: private pure original two-argument oracle parity: finite triplet edge1/1 coordinate2
PASS: private pure original two-argument oracle parity: finite triplet edge1/2 coordinate2
PASS: private pure original two-argument oracle parity: finite triplet edge1/3 coordinate2
PASS: private pure original two-argument oracle parity: finite triplet edge1/4 coordinate2
PASS: private pure original two-argument oracle parity: finite triplet edge1/5 coordinate2
PASS: private pure original two-argument oracle parity: finite triplet edge1/6 coordinate2
PASS: private pure original two-argument oracle parity: finite triplet edge1/7 coordinate2
PASS: private pure original two-argument oracle parity: finite triplet edge1/8 coordinate2
PASS: private pure original two-argument oracle parity: finite triplet edge1/9 coordinate2
PASS: private pure original two-argument oracle parity: finite triplet edge1/10 coordinate2
PASS: private pure original two-argument oracle parity: finite triplet edge1/11 coordinate2
PASS: private pure original two-argument oracle parity: finite triplet edge1/12 coordinate2
PASS: private pure original two-argument oracle parity: finite triplet edge1/13 coordinate2
PASS: private pure original two-argument oracle parity: finite triplet edge1/14 coordinate2
PASS: private pure original two-argument oracle parity: finite triplet edge1/15 coordinate2
PASS: private pure original two-argument oracle parity: finite triplet edge1/16 coordinate2
PASS: private pure original two-argument oracle parity: finite triplet edge1/17 coordinate2
PASS: private pure original two-argument oracle parity: finite triplet edge1/18 coordinate2
PASS: private pure original two-argument oracle parity: finite triplet edge1/19 coordinate2
PASS: private pure original two-argument oracle parity: finite triplet edge1 coordinate2 rejects type/nonfinite2
PASS: private pure original two-argument oracle parity: finite triplet edge1 coordinate2 rejects type/nonfinite3
PASS: private pure original two-argument oracle parity: finite triplet edge1 coordinate2 rejects type/nonfinite3
PASS: private pure original two-argument oracle parity: finite triplet edge1 coordinate2 rejects type/nonfinite3
PASS: private pure original two-argument oracle parity: finite scalar pair2/0 including signed zero, subnormals and adjacent normal values
PASS: private pure original two-argument oracle parity: finite scalar pair2/1 including signed zero, subnormals and adjacent normal values
PASS: private pure original two-argument oracle parity: finite scalar pair2/2 including signed zero, subnormals and adjacent normal values
PASS: private pure original two-argument oracle parity: finite scalar pair2/3 including signed zero, subnormals and adjacent normal values
PASS: private pure original two-argument oracle parity: finite scalar pair2/4 including signed zero, subnormals and adjacent normal values
PASS: private pure original two-argument oracle parity: finite scalar pair2/5 including signed zero, subnormals and adjacent normal values
PASS: private pure original two-argument oracle parity: finite scalar pair2/6 including signed zero, subnormals and adjacent normal values
PASS: private pure original two-argument oracle parity: finite scalar pair2/7 including signed zero, subnormals and adjacent normal values
PASS: private pure original two-argument oracle parity: finite scalar pair2/8 including signed zero, subnormals and adjacent normal values
PASS: private pure original two-argument oracle parity: finite scalar pair2/9 including signed zero, subnormals and adjacent normal values
PASS: private pure original two-argument oracle parity: finite scalar pair2/10 including signed zero, subnormals and adjacent normal values
PASS: private pure original two-argument oracle parity: finite scalar pair2/11 including signed zero, subnormals and adjacent normal values
PASS: private pure original two-argument oracle parity: finite scalar pair2/12 including signed zero, subnormals and adjacent normal values
PASS: private pure original two-argument oracle parity: finite scalar pair2/13 including signed zero, subnormals and adjacent normal values
PASS: private pure original two-argument oracle parity: finite scalar pair2/14 including signed zero, subnormals and adjacent normal values
PASS: private pure original two-argument oracle parity: finite scalar pair2/15 including signed zero, subnormals and adjacent normal values
PASS: private pure original two-argument oracle parity: finite scalar pair2/16 including signed zero, subnormals and adjacent normal values
PASS: private pure original two-argument oracle parity: finite scalar pair2/17 including signed zero, subnormals and adjacent normal values
PASS: private pure original two-argument oracle parity: finite scalar pair2/18 including signed zero, subnormals and adjacent normal values
PASS: private pure original two-argument oracle parity: finite scalar pair2/19 including signed zero, subnormals and adjacent normal values
PASS: private pure original two-argument oracle parity: finite scalar2 rejects foreign type/nonfinite value2
PASS: private pure original two-argument oracle parity: finite scalar2 rejects foreign type/nonfinite value2
PASS: private pure original two-argument oracle parity: finite scalar2 rejects foreign type/nonfinite value3
PASS: private pure original two-argument oracle parity: finite scalar2 rejects foreign type/nonfinite value3
PASS: private pure original two-argument oracle parity: finite scalar2 rejects foreign type/nonfinite value3
PASS: private pure original two-argument oracle parity: finite scalar2 rejects foreign type/nonfinite value9
PASS: private pure original two-argument oracle parity: finite scalar2 rejects foreign type/nonfinite value33
PASS: private pure original two-argument oracle parity: finite edge2 at coordinate0 retains typed triplet
PASS: private pure original two-argument oracle parity: finite triplet edge2/0 coordinate0
PASS: private pure original two-argument oracle parity: finite triplet edge2/1 coordinate0
PASS: private pure original two-argument oracle parity: finite triplet edge2/2 coordinate0
PASS: private pure original two-argument oracle parity: finite triplet edge2/3 coordinate0
PASS: private pure original two-argument oracle parity: finite triplet edge2/4 coordinate0
PASS: private pure original two-argument oracle parity: finite triplet edge2/5 coordinate0
PASS: private pure original two-argument oracle parity: finite triplet edge2/6 coordinate0
PASS: private pure original two-argument oracle parity: finite triplet edge2/7 coordinate0
PASS: private pure original two-argument oracle parity: finite triplet edge2/8 coordinate0
PASS: private pure original two-argument oracle parity: finite triplet edge2/9 coordinate0
PASS: private pure original two-argument oracle parity: finite triplet edge2/10 coordinate0
PASS: private pure original two-argument oracle parity: finite triplet edge2/11 coordinate0
PASS: private pure original two-argument oracle parity: finite triplet edge2/12 coordinate0
PASS: private pure original two-argument oracle parity: finite triplet edge2/13 coordinate0
PASS: private pure original two-argument oracle parity: finite triplet edge2/14 coordinate0
PASS: private pure original two-argument oracle parity: finite triplet edge2/15 coordinate0
PASS: private pure original two-argument oracle parity: finite triplet edge2/16 coordinate0
PASS: private pure original two-argument oracle parity: finite triplet edge2/17 coordinate0
PASS: private pure original two-argument oracle parity: finite triplet edge2/18 coordinate0
PASS: private pure original two-argument oracle parity: finite triplet edge2/19 coordinate0
PASS: private pure original two-argument oracle parity: finite triplet edge2 coordinate0 rejects type/nonfinite2
PASS: private pure original two-argument oracle parity: finite triplet edge2 coordinate0 rejects type/nonfinite3
PASS: private pure original two-argument oracle parity: finite triplet edge2 coordinate0 rejects type/nonfinite3
PASS: private pure original two-argument oracle parity: finite triplet edge2 coordinate0 rejects type/nonfinite3
PASS: private pure original two-argument oracle parity: finite edge2 at coordinate1 retains typed triplet
PASS: private pure original two-argument oracle parity: finite triplet edge2/0 coordinate1
PASS: private pure original two-argument oracle parity: finite triplet edge2/1 coordinate1
PASS: private pure original two-argument oracle parity: finite triplet edge2/2 coordinate1
PASS: private pure original two-argument oracle parity: finite triplet edge2/3 coordinate1
PASS: private pure original two-argument oracle parity: finite triplet edge2/4 coordinate1
PASS: private pure original two-argument oracle parity: finite triplet edge2/5 coordinate1
PASS: private pure original two-argument oracle parity: finite triplet edge2/6 coordinate1
PASS: private pure original two-argument oracle parity: finite triplet edge2/7 coordinate1
PASS: private pure original two-argument oracle parity: finite triplet edge2/8 coordinate1
PASS: private pure original two-argument oracle parity: finite triplet edge2/9 coordinate1
PASS: private pure original two-argument oracle parity: finite triplet edge2/10 coordinate1
PASS: private pure original two-argument oracle parity: finite triplet edge2/11 coordinate1
PASS: private pure original two-argument oracle parity: finite triplet edge2/12 coordinate1
PASS: private pure original two-argument oracle parity: finite triplet edge2/13 coordinate1
PASS: private pure original two-argument oracle parity: finite triplet edge2/14 coordinate1
PASS: private pure original two-argument oracle parity: finite triplet edge2/15 coordinate1
PASS: private pure original two-argument oracle parity: finite triplet edge2/16 coordinate1
PASS: private pure original two-argument oracle parity: finite triplet edge2/17 coordinate1
PASS: private pure original two-argument oracle parity: finite triplet edge2/18 coordinate1
PASS: private pure original two-argument oracle parity: finite triplet edge2/19 coordinate1
PASS: private pure original two-argument oracle parity: finite triplet edge2 coordinate1 rejects type/nonfinite2
PASS: private pure original two-argument oracle parity: finite triplet edge2 coordinate1 rejects type/nonfinite3
PASS: private pure original two-argument oracle parity: finite triplet edge2 coordinate1 rejects type/nonfinite3
PASS: private pure original two-argument oracle parity: finite triplet edge2 coordinate1 rejects type/nonfinite3
PASS: private pure original two-argument oracle parity: finite edge2 at coordinate2 retains typed triplet
PASS: private pure original two-argument oracle parity: finite triplet edge2/0 coordinate2
PASS: private pure original two-argument oracle parity: finite triplet edge2/1 coordinate2
PASS: private pure original two-argument oracle parity: finite triplet edge2/2 coordinate2
PASS: private pure original two-argument oracle parity: finite triplet edge2/3 coordinate2
PASS: private pure original two-argument oracle parity: finite triplet edge2/4 coordinate2
PASS: private pure original two-argument oracle parity: finite triplet edge2/5 coordinate2
PASS: private pure original two-argument oracle parity: finite triplet edge2/6 coordinate2
PASS: private pure original two-argument oracle parity: finite triplet edge2/7 coordinate2
PASS: private pure original two-argument oracle parity: finite triplet edge2/8 coordinate2
PASS: private pure original two-argument oracle parity: finite triplet edge2/9 coordinate2
PASS: private pure original two-argument oracle parity: finite triplet edge2/10 coordinate2
PASS: private pure original two-argument oracle parity: finite triplet edge2/11 coordinate2
PASS: private pure original two-argument oracle parity: finite triplet edge2/12 coordinate2
PASS: private pure original two-argument oracle parity: finite triplet edge2/13 coordinate2
PASS: private pure original two-argument oracle parity: finite triplet edge2/14 coordinate2
PASS: private pure original two-argument oracle parity: finite triplet edge2/15 coordinate2
PASS: private pure original two-argument oracle parity: finite triplet edge2/16 coordinate2
PASS: private pure original two-argument oracle parity: finite triplet edge2/17 coordinate2
PASS: private pure original two-argument oracle parity: finite triplet edge2/18 coordinate2
PASS: private pure original two-argument oracle parity: finite triplet edge2/19 coordinate2
PASS: private pure original two-argument oracle parity: finite triplet edge2 coordinate2 rejects type/nonfinite2
PASS: private pure original two-argument oracle parity: finite triplet edge2 coordinate2 rejects type/nonfinite3
PASS: private pure original two-argument oracle parity: finite triplet edge2 coordinate2 rejects type/nonfinite3
PASS: private pure original two-argument oracle parity: finite triplet edge2 coordinate2 rejects type/nonfinite3
PASS: private pure original two-argument oracle parity: finite scalar pair3/0 including signed zero, subnormals and adjacent normal values
PASS: private pure original two-argument oracle parity: finite scalar pair3/1 including signed zero, subnormals and adjacent normal values
PASS: private pure original two-argument oracle parity: finite scalar pair3/2 including signed zero, subnormals and adjacent normal values
PASS: private pure original two-argument oracle parity: finite scalar pair3/3 including signed zero, subnormals and adjacent normal values
PASS: private pure original two-argument oracle parity: finite scalar pair3/4 including signed zero, subnormals and adjacent normal values
PASS: private pure original two-argument oracle parity: finite scalar pair3/5 including signed zero, subnormals and adjacent normal values
PASS: private pure original two-argument oracle parity: finite scalar pair3/6 including signed zero, subnormals and adjacent normal values
PASS: private pure original two-argument oracle parity: finite scalar pair3/7 including signed zero, subnormals and adjacent normal values
PASS: private pure original two-argument oracle parity: finite scalar pair3/8 including signed zero, subnormals and adjacent normal values
PASS: private pure original two-argument oracle parity: finite scalar pair3/9 including signed zero, subnormals and adjacent normal values
PASS: private pure original two-argument oracle parity: finite scalar pair3/10 including signed zero, subnormals and adjacent normal values
PASS: private pure original two-argument oracle parity: finite scalar pair3/11 including signed zero, subnormals and adjacent normal values
PASS: private pure original two-argument oracle parity: finite scalar pair3/12 including signed zero, subnormals and adjacent normal values
PASS: private pure original two-argument oracle parity: finite scalar pair3/13 including signed zero, subnormals and adjacent normal values
PASS: private pure original two-argument oracle parity: finite scalar pair3/14 including signed zero, subnormals and adjacent normal values
PASS: private pure original two-argument oracle parity: finite scalar pair3/15 including signed zero, subnormals and adjacent normal values
PASS: private pure original two-argument oracle parity: finite scalar pair3/16 including signed zero, subnormals and adjacent normal values
PASS: private pure original two-argument oracle parity: finite scalar pair3/17 including signed zero, subnormals and adjacent normal values
PASS: private pure original two-argument oracle parity: finite scalar pair3/18 including signed zero, subnormals and adjacent normal values
PASS: private pure original two-argument oracle parity: finite scalar pair3/19 including signed zero, subnormals and adjacent normal values
PASS: private pure original two-argument oracle parity: finite scalar3 rejects foreign type/nonfinite value2
PASS: private pure original two-argument oracle parity: finite scalar3 rejects foreign type/nonfinite value2
PASS: private pure original two-argument oracle parity: finite scalar3 rejects foreign type/nonfinite value3
PASS: private pure original two-argument oracle parity: finite scalar3 rejects foreign type/nonfinite value3
PASS: private pure original two-argument oracle parity: finite scalar3 rejects foreign type/nonfinite value3
PASS: private pure original two-argument oracle parity: finite scalar3 rejects foreign type/nonfinite value9
PASS: private pure original two-argument oracle parity: finite scalar3 rejects foreign type/nonfinite value33
PASS: private pure original two-argument oracle parity: finite edge3 at coordinate0 retains typed triplet
PASS: private pure original two-argument oracle parity: finite triplet edge3/0 coordinate0
PASS: private pure original two-argument oracle parity: finite triplet edge3/1 coordinate0
PASS: private pure original two-argument oracle parity: finite triplet edge3/2 coordinate0
PASS: private pure original two-argument oracle parity: finite triplet edge3/3 coordinate0
PASS: private pure original two-argument oracle parity: finite triplet edge3/4 coordinate0
PASS: private pure original two-argument oracle parity: finite triplet edge3/5 coordinate0
PASS: private pure original two-argument oracle parity: finite triplet edge3/6 coordinate0
PASS: private pure original two-argument oracle parity: finite triplet edge3/7 coordinate0
PASS: private pure original two-argument oracle parity: finite triplet edge3/8 coordinate0
PASS: private pure original two-argument oracle parity: finite triplet edge3/9 coordinate0
PASS: private pure original two-argument oracle parity: finite triplet edge3/10 coordinate0
PASS: private pure original two-argument oracle parity: finite triplet edge3/11 coordinate0
PASS: private pure original two-argument oracle parity: finite triplet edge3/12 coordinate0
PASS: private pure original two-argument oracle parity: finite triplet edge3/13 coordinate0
PASS: private pure original two-argument oracle parity: finite triplet edge3/14 coordinate0
PASS: private pure original two-argument oracle parity: finite triplet edge3/15 coordinate0
PASS: private pure original two-argument oracle parity: finite triplet edge3/16 coordinate0
PASS: private pure original two-argument oracle parity: finite triplet edge3/17 coordinate0
PASS: private pure original two-argument oracle parity: finite triplet edge3/18 coordinate0
PASS: private pure original two-argument oracle parity: finite triplet edge3/19 coordinate0
PASS: private pure original two-argument oracle parity: finite triplet edge3 coordinate0 rejects type/nonfinite2
PASS: private pure original two-argument oracle parity: finite triplet edge3 coordinate0 rejects type/nonfinite3
PASS: private pure original two-argument oracle parity: finite triplet edge3 coordinate0 rejects type/nonfinite3
PASS: private pure original two-argument oracle parity: finite triplet edge3 coordinate0 rejects type/nonfinite3
PASS: private pure original two-argument oracle parity: finite edge3 at coordinate1 retains typed triplet
PASS: private pure original two-argument oracle parity: finite triplet edge3/0 coordinate1
PASS: private pure original two-argument oracle parity: finite triplet edge3/1 coordinate1
PASS: private pure original two-argument oracle parity: finite triplet edge3/2 coordinate1
PASS: private pure original two-argument oracle parity: finite triplet edge3/3 coordinate1
PASS: private pure original two-argument oracle parity: finite triplet edge3/4 coordinate1
PASS: private pure original two-argument oracle parity: finite triplet edge3/5 coordinate1
PASS: private pure original two-argument oracle parity: finite triplet edge3/6 coordinate1
PASS: private pure original two-argument oracle parity: finite triplet edge3/7 coordinate1
PASS: private pure original two-argument oracle parity: finite triplet edge3/8 coordinate1
PASS: private pure original two-argument oracle parity: finite triplet edge3/9 coordinate1
PASS: private pure original two-argument oracle parity: finite triplet edge3/10 coordinate1
PASS: private pure original two-argument oracle parity: finite triplet edge3/11 coordinate1
PASS: private pure original two-argument oracle parity: finite triplet edge3/12 coordinate1
PASS: private pure original two-argument oracle parity: finite triplet edge3/13 coordinate1
PASS: private pure original two-argument oracle parity: finite triplet edge3/14 coordinate1
PASS: private pure original two-argument oracle parity: finite triplet edge3/15 coordinate1
PASS: private pure original two-argument oracle parity: finite triplet edge3/16 coordinate1
PASS: private pure original two-argument oracle parity: finite triplet edge3/17 coordinate1
PASS: private pure original two-argument oracle parity: finite triplet edge3/18 coordinate1
PASS: private pure original two-argument oracle parity: finite triplet edge3/19 coordinate1
PASS: private pure original two-argument oracle parity: finite triplet edge3 coordinate1 rejects type/nonfinite2
PASS: private pure original two-argument oracle parity: finite triplet edge3 coordinate1 rejects type/nonfinite3
PASS: private pure original two-argument oracle parity: finite triplet edge3 coordinate1 rejects type/nonfinite3
PASS: private pure original two-argument oracle parity: finite triplet edge3 coordinate1 rejects type/nonfinite3
PASS: private pure original two-argument oracle parity: finite edge3 at coordinate2 retains typed triplet
PASS: private pure original two-argument oracle parity: finite triplet edge3/0 coordinate2
PASS: private pure original two-argument oracle parity: finite triplet edge3/1 coordinate2
PASS: private pure original two-argument oracle parity: finite triplet edge3/2 coordinate2
PASS: private pure original two-argument oracle parity: finite triplet edge3/3 coordinate2
PASS: private pure original two-argument oracle parity: finite triplet edge3/4 coordinate2
PASS: private pure original two-argument oracle parity: finite triplet edge3/5 coordinate2
PASS: private pure original two-argument oracle parity: finite triplet edge3/6 coordinate2
PASS: private pure original two-argument oracle parity: finite triplet edge3/7 coordinate2
PASS: private pure original two-argument oracle parity: finite triplet edge3/8 coordinate2
PASS: private pure original two-argument oracle parity: finite triplet edge3/9 coordinate2
PASS: private pure original two-argument oracle parity: finite triplet edge3/10 coordinate2
PASS: private pure original two-argument oracle parity: finite triplet edge3/11 coordinate2
PASS: private pure original two-argument oracle parity: finite triplet edge3/12 coordinate2
PASS: private pure original two-argument oracle parity: finite triplet edge3/13 coordinate2
PASS: private pure original two-argument oracle parity: finite triplet edge3/14 coordinate2
PASS: private pure original two-argument oracle parity: finite triplet edge3/15 coordinate2
PASS: private pure original two-argument oracle parity: finite triplet edge3/16 coordinate2
PASS: private pure original two-argument oracle parity: finite triplet edge3/17 coordinate2
PASS: private pure original two-argument oracle parity: finite triplet edge3/18 coordinate2
PASS: private pure original two-argument oracle parity: finite triplet edge3/19 coordinate2
PASS: private pure original two-argument oracle parity: finite triplet edge3 coordinate2 rejects type/nonfinite2
PASS: private pure original two-argument oracle parity: finite triplet edge3 coordinate2 rejects type/nonfinite3
PASS: private pure original two-argument oracle parity: finite triplet edge3 coordinate2 rejects type/nonfinite3
PASS: private pure original two-argument oracle parity: finite triplet edge3 coordinate2 rejects type/nonfinite3
PASS: private pure original two-argument oracle parity: finite scalar pair4/0 including signed zero, subnormals and adjacent normal values
PASS: private pure original two-argument oracle parity: finite scalar pair4/1 including signed zero, subnormals and adjacent normal values
PASS: private pure original two-argument oracle parity: finite scalar pair4/2 including signed zero, subnormals and adjacent normal values
PASS: private pure original two-argument oracle parity: finite scalar pair4/3 including signed zero, subnormals and adjacent normal values
PASS: private pure original two-argument oracle parity: finite scalar pair4/4 including signed zero, subnormals and adjacent normal values
PASS: private pure original two-argument oracle parity: finite scalar pair4/5 including signed zero, subnormals and adjacent normal values
PASS: private pure original two-argument oracle parity: finite scalar pair4/6 including signed zero, subnormals and adjacent normal values
PASS: private pure original two-argument oracle parity: finite scalar pair4/7 including signed zero, subnormals and adjacent normal values
PASS: private pure original two-argument oracle parity: finite scalar pair4/8 including signed zero, subnormals and adjacent normal values
PASS: private pure original two-argument oracle parity: finite scalar pair4/9 including signed zero, subnormals and adjacent normal values
PASS: private pure original two-argument oracle parity: finite scalar pair4/10 including signed zero, subnormals and adjacent normal values
PASS: private pure original two-argument oracle parity: finite scalar pair4/11 including signed zero, subnormals and adjacent normal values
PASS: private pure original two-argument oracle parity: finite scalar pair4/12 including signed zero, subnormals and adjacent normal values
PASS: private pure original two-argument oracle parity: finite scalar pair4/13 including signed zero, subnormals and adjacent normal values
PASS: private pure original two-argument oracle parity: finite scalar pair4/14 including signed zero, subnormals and adjacent normal values
PASS: private pure original two-argument oracle parity: finite scalar pair4/15 including signed zero, subnormals and adjacent normal values
PASS: private pure original two-argument oracle parity: finite scalar pair4/16 including signed zero, subnormals and adjacent normal values
PASS: private pure original two-argument oracle parity: finite scalar pair4/17 including signed zero, subnormals and adjacent normal values
PASS: private pure original two-argument oracle parity: finite scalar pair4/18 including signed zero, subnormals and adjacent normal values
PASS: private pure original two-argument oracle parity: finite scalar pair4/19 including signed zero, subnormals and adjacent normal values
PASS: private pure original two-argument oracle parity: finite scalar4 rejects foreign type/nonfinite value2
PASS: private pure original two-argument oracle parity: finite scalar4 rejects foreign type/nonfinite value2
PASS: private pure original two-argument oracle parity: finite scalar4 rejects foreign type/nonfinite value3
PASS: private pure original two-argument oracle parity: finite scalar4 rejects foreign type/nonfinite value3
PASS: private pure original two-argument oracle parity: finite scalar4 rejects foreign type/nonfinite value3
PASS: private pure original two-argument oracle parity: finite scalar4 rejects foreign type/nonfinite value9
PASS: private pure original two-argument oracle parity: finite scalar4 rejects foreign type/nonfinite value33
PASS: private pure original two-argument oracle parity: finite edge4 at coordinate0 retains typed triplet
PASS: private pure original two-argument oracle parity: finite triplet edge4/0 coordinate0
PASS: private pure original two-argument oracle parity: finite triplet edge4/1 coordinate0
PASS: private pure original two-argument oracle parity: finite triplet edge4/2 coordinate0
PASS: private pure original two-argument oracle parity: finite triplet edge4/3 coordinate0
PASS: private pure original two-argument oracle parity: finite triplet edge4/4 coordinate0
PASS: private pure original two-argument oracle parity: finite triplet edge4/5 coordinate0
PASS: private pure original two-argument oracle parity: finite triplet edge4/6 coordinate0
PASS: private pure original two-argument oracle parity: finite triplet edge4/7 coordinate0
PASS: private pure original two-argument oracle parity: finite triplet edge4/8 coordinate0
PASS: private pure original two-argument oracle parity: finite triplet edge4/9 coordinate0
PASS: private pure original two-argument oracle parity: finite triplet edge4/10 coordinate0
PASS: private pure original two-argument oracle parity: finite triplet edge4/11 coordinate0
PASS: private pure original two-argument oracle parity: finite triplet edge4/12 coordinate0
PASS: private pure original two-argument oracle parity: finite triplet edge4/13 coordinate0
PASS: private pure original two-argument oracle parity: finite triplet edge4/14 coordinate0
PASS: private pure original two-argument oracle parity: finite triplet edge4/15 coordinate0
PASS: private pure original two-argument oracle parity: finite triplet edge4/16 coordinate0
PASS: private pure original two-argument oracle parity: finite triplet edge4/17 coordinate0
PASS: private pure original two-argument oracle parity: finite triplet edge4/18 coordinate0
PASS: private pure original two-argument oracle parity: finite triplet edge4/19 coordinate0
PASS: private pure original two-argument oracle parity: finite triplet edge4 coordinate0 rejects type/nonfinite2
PASS: private pure original two-argument oracle parity: finite triplet edge4 coordinate0 rejects type/nonfinite3
PASS: private pure original two-argument oracle parity: finite triplet edge4 coordinate0 rejects type/nonfinite3
PASS: private pure original two-argument oracle parity: finite triplet edge4 coordinate0 rejects type/nonfinite3
PASS: private pure original two-argument oracle parity: finite edge4 at coordinate1 retains typed triplet
PASS: private pure original two-argument oracle parity: finite triplet edge4/0 coordinate1
PASS: private pure original two-argument oracle parity: finite triplet edge4/1 coordinate1
PASS: private pure original two-argument oracle parity: finite triplet edge4/2 coordinate1
PASS: private pure original two-argument oracle parity: finite triplet edge4/3 coordinate1
PASS: private pure original two-argument oracle parity: finite triplet edge4/4 coordinate1
PASS: private pure original two-argument oracle parity: finite triplet edge4/5 coordinate1
PASS: private pure original two-argument oracle parity: finite triplet edge4/6 coordinate1
PASS: private pure original two-argument oracle parity: finite triplet edge4/7 coordinate1
PASS: private pure original two-argument oracle parity: finite triplet edge4/8 coordinate1
PASS: private pure original two-argument oracle parity: finite triplet edge4/9 coordinate1
PASS: private pure original two-argument oracle parity: finite triplet edge4/10 coordinate1
PASS: private pure original two-argument oracle parity: finite triplet edge4/11 coordinate1
PASS: private pure original two-argument oracle parity: finite triplet edge4/12 coordinate1
PASS: private pure original two-argument oracle parity: finite triplet edge4/13 coordinate1
PASS: private pure original two-argument oracle parity: finite triplet edge4/14 coordinate1
PASS: private pure original two-argument oracle parity: finite triplet edge4/15 coordinate1
PASS: private pure original two-argument oracle parity: finite triplet edge4/16 coordinate1
PASS: private pure original two-argument oracle parity: finite triplet edge4/17 coordinate1
PASS: private pure original two-argument oracle parity: finite triplet edge4/18 coordinate1
PASS: private pure original two-argument oracle parity: finite triplet edge4/19 coordinate1
PASS: private pure original two-argument oracle parity: finite triplet edge4 coordinate1 rejects type/nonfinite2
PASS: private pure original two-argument oracle parity: finite triplet edge4 coordinate1 rejects type/nonfinite3
PASS: private pure original two-argument oracle parity: finite triplet edge4 coordinate1 rejects type/nonfinite3
PASS: private pure original two-argument oracle parity: finite triplet edge4 coordinate1 rejects type/nonfinite3
PASS: private pure original two-argument oracle parity: finite edge4 at coordinate2 retains typed triplet
PASS: private pure original two-argument oracle parity: finite triplet edge4/0 coordinate2
PASS: private pure original two-argument oracle parity: finite triplet edge4/1 coordinate2
PASS: private pure original two-argument oracle parity: finite triplet edge4/2 coordinate2
PASS: private pure original two-argument oracle parity: finite triplet edge4/3 coordinate2
PASS: private pure original two-argument oracle parity: finite triplet edge4/4 coordinate2
PASS: private pure original two-argument oracle parity: finite triplet edge4/5 coordinate2
PASS: private pure original two-argument oracle parity: finite triplet edge4/6 coordinate2
PASS: private pure original two-argument oracle parity: finite triplet edge4/7 coordinate2
PASS: private pure original two-argument oracle parity: finite triplet edge4/8 coordinate2
PASS: private pure original two-argument oracle parity: finite triplet edge4/9 coordinate2
PASS: private pure original two-argument oracle parity: finite triplet edge4/10 coordinate2
PASS: private pure original two-argument oracle parity: finite triplet edge4/11 coordinate2
PASS: private pure original two-argument oracle parity: finite triplet edge4/12 coordinate2
PASS: private pure original two-argument oracle parity: finite triplet edge4/13 coordinate2
PASS: private pure original two-argument oracle parity: finite triplet edge4/14 coordinate2
PASS: private pure original two-argument oracle parity: finite triplet edge4/15 coordinate2
PASS: private pure original two-argument oracle parity: finite triplet edge4/16 coordinate2
PASS: private pure original two-argument oracle parity: finite triplet edge4/17 coordinate2
PASS: private pure original two-argument oracle parity: finite triplet edge4/18 coordinate2
PASS: private pure original two-argument oracle parity: finite triplet edge4/19 coordinate2
PASS: private pure original two-argument oracle parity: finite triplet edge4 coordinate2 rejects type/nonfinite2
PASS: private pure original two-argument oracle parity: finite triplet edge4 coordinate2 rejects type/nonfinite3
PASS: private pure original two-argument oracle parity: finite triplet edge4 coordinate2 rejects type/nonfinite3
PASS: private pure original two-argument oracle parity: finite triplet edge4 coordinate2 rejects type/nonfinite3
PASS: private pure original two-argument oracle parity: finite scalar pair5/0 including signed zero, subnormals and adjacent normal values
PASS: private pure original two-argument oracle parity: finite scalar pair5/1 including signed zero, subnormals and adjacent normal values
PASS: private pure original two-argument oracle parity: finite scalar pair5/2 including signed zero, subnormals and adjacent normal values
PASS: private pure original two-argument oracle parity: finite scalar pair5/3 including signed zero, subnormals and adjacent normal values
PASS: private pure original two-argument oracle parity: finite scalar pair5/4 including signed zero, subnormals and adjacent normal values
PASS: private pure original two-argument oracle parity: finite scalar pair5/5 including signed zero, subnormals and adjacent normal values
PASS: private pure original two-argument oracle parity: finite scalar pair5/6 including signed zero, subnormals and adjacent normal values
PASS: private pure original two-argument oracle parity: finite scalar pair5/7 including signed zero, subnormals and adjacent normal values
PASS: private pure original two-argument oracle parity: finite scalar pair5/8 including signed zero, subnormals and adjacent normal values
PASS: private pure original two-argument oracle parity: finite scalar pair5/9 including signed zero, subnormals and adjacent normal values
PASS: private pure original two-argument oracle parity: finite scalar pair5/10 including signed zero, subnormals and adjacent normal values
PASS: private pure original two-argument oracle parity: finite scalar pair5/11 including signed zero, subnormals and adjacent normal values
PASS: private pure original two-argument oracle parity: finite scalar pair5/12 including signed zero, subnormals and adjacent normal values
PASS: private pure original two-argument oracle parity: finite scalar pair5/13 including signed zero, subnormals and adjacent normal values
PASS: private pure original two-argument oracle parity: finite scalar pair5/14 including signed zero, subnormals and adjacent normal values
PASS: private pure original two-argument oracle parity: finite scalar pair5/15 including signed zero, subnormals and adjacent normal values
PASS: private pure original two-argument oracle parity: finite scalar pair5/16 including signed zero, subnormals and adjacent normal values
PASS: private pure original two-argument oracle parity: finite scalar pair5/17 including signed zero, subnormals and adjacent normal values
PASS: private pure original two-argument oracle parity: finite scalar pair5/18 including signed zero, subnormals and adjacent normal values
PASS: private pure original two-argument oracle parity: finite scalar pair5/19 including signed zero, subnormals and adjacent normal values
PASS: private pure original two-argument oracle parity: finite scalar5 rejects foreign type/nonfinite value2
PASS: private pure original two-argument oracle parity: finite scalar5 rejects foreign type/nonfinite value2
PASS: private pure original two-argument oracle parity: finite scalar5 rejects foreign type/nonfinite value3
PASS: private pure original two-argument oracle parity: finite scalar5 rejects foreign type/nonfinite value3
PASS: private pure original two-argument oracle parity: finite scalar5 rejects foreign type/nonfinite value3
PASS: private pure original two-argument oracle parity: finite scalar5 rejects foreign type/nonfinite value9
PASS: private pure original two-argument oracle parity: finite scalar5 rejects foreign type/nonfinite value33
PASS: private pure original two-argument oracle parity: finite edge5 at coordinate0 retains typed triplet
PASS: private pure original two-argument oracle parity: finite triplet edge5/0 coordinate0
PASS: private pure original two-argument oracle parity: finite triplet edge5/1 coordinate0
PASS: private pure original two-argument oracle parity: finite triplet edge5/2 coordinate0
PASS: private pure original two-argument oracle parity: finite triplet edge5/3 coordinate0
PASS: private pure original two-argument oracle parity: finite triplet edge5/4 coordinate0
PASS: private pure original two-argument oracle parity: finite triplet edge5/5 coordinate0
PASS: private pure original two-argument oracle parity: finite triplet edge5/6 coordinate0
PASS: private pure original two-argument oracle parity: finite triplet edge5/7 coordinate0
PASS: private pure original two-argument oracle parity: finite triplet edge5/8 coordinate0
PASS: private pure original two-argument oracle parity: finite triplet edge5/9 coordinate0
PASS: private pure original two-argument oracle parity: finite triplet edge5/10 coordinate0
PASS: private pure original two-argument oracle parity: finite triplet edge5/11 coordinate0
PASS: private pure original two-argument oracle parity: finite triplet edge5/12 coordinate0
PASS: private pure original two-argument oracle parity: finite triplet edge5/13 coordinate0
PASS: private pure original two-argument oracle parity: finite triplet edge5/14 coordinate0
PASS: private pure original two-argument oracle parity: finite triplet edge5/15 coordinate0
PASS: private pure original two-argument oracle parity: finite triplet edge5/16 coordinate0
PASS: private pure original two-argument oracle parity: finite triplet edge5/17 coordinate0
PASS: private pure original two-argument oracle parity: finite triplet edge5/18 coordinate0
PASS: private pure original two-argument oracle parity: finite triplet edge5/19 coordinate0
PASS: private pure original two-argument oracle parity: finite triplet edge5 coordinate0 rejects type/nonfinite2
PASS: private pure original two-argument oracle parity: finite triplet edge5 coordinate0 rejects type/nonfinite3
PASS: private pure original two-argument oracle parity: finite triplet edge5 coordinate0 rejects type/nonfinite3
PASS: private pure original two-argument oracle parity: finite triplet edge5 coordinate0 rejects type/nonfinite3
PASS: private pure original two-argument oracle parity: finite edge5 at coordinate1 retains typed triplet
PASS: private pure original two-argument oracle parity: finite triplet edge5/0 coordinate1
PASS: private pure original two-argument oracle parity: finite triplet edge5/1 coordinate1
PASS: private pure original two-argument oracle parity: finite triplet edge5/2 coordinate1
PASS: private pure original two-argument oracle parity: finite triplet edge5/3 coordinate1
PASS: private pure original two-argument oracle parity: finite triplet edge5/4 coordinate1
PASS: private pure original two-argument oracle parity: finite triplet edge5/5 coordinate1
PASS: private pure original two-argument oracle parity: finite triplet edge5/6 coordinate1
PASS: private pure original two-argument oracle parity: finite triplet edge5/7 coordinate1
PASS: private pure original two-argument oracle parity: finite triplet edge5/8 coordinate1
PASS: private pure original two-argument oracle parity: finite triplet edge5/9 coordinate1
PASS: private pure original two-argument oracle parity: finite triplet edge5/10 coordinate1
PASS: private pure original two-argument oracle parity: finite triplet edge5/11 coordinate1
PASS: private pure original two-argument oracle parity: finite triplet edge5/12 coordinate1
PASS: private pure original two-argument oracle parity: finite triplet edge5/13 coordinate1
PASS: private pure original two-argument oracle parity: finite triplet edge5/14 coordinate1
PASS: private pure original two-argument oracle parity: finite triplet edge5/15 coordinate1
PASS: private pure original two-argument oracle parity: finite triplet edge5/16 coordinate1
PASS: private pure original two-argument oracle parity: finite triplet edge5/17 coordinate1
PASS: private pure original two-argument oracle parity: finite triplet edge5/18 coordinate1
PASS: private pure original two-argument oracle parity: finite triplet edge5/19 coordinate1
PASS: private pure original two-argument oracle parity: finite triplet edge5 coordinate1 rejects type/nonfinite2
PASS: private pure original two-argument oracle parity: finite triplet edge5 coordinate1 rejects type/nonfinite3
PASS: private pure original two-argument oracle parity: finite triplet edge5 coordinate1 rejects type/nonfinite3
PASS: private pure original two-argument oracle parity: finite triplet edge5 coordinate1 rejects type/nonfinite3
PASS: private pure original two-argument oracle parity: finite edge5 at coordinate2 retains typed triplet
PASS: private pure original two-argument oracle parity: finite triplet edge5/0 coordinate2
PASS: private pure original two-argument oracle parity: finite triplet edge5/1 coordinate2
PASS: private pure original two-argument oracle parity: finite triplet edge5/2 coordinate2
PASS: private pure original two-argument oracle parity: finite triplet edge5/3 coordinate2
PASS: private pure original two-argument oracle parity: finite triplet edge5/4 coordinate2
PASS: private pure original two-argument oracle parity: finite triplet edge5/5 coordinate2
PASS: private pure original two-argument oracle parity: finite triplet edge5/6 coordinate2
PASS: private pure original two-argument oracle parity: finite triplet edge5/7 coordinate2
PASS: private pure original two-argument oracle parity: finite triplet edge5/8 coordinate2
PASS: private pure original two-argument oracle parity: finite triplet edge5/9 coordinate2
PASS: private pure original two-argument oracle parity: finite triplet edge5/10 coordinate2
PASS: private pure original two-argument oracle parity: finite triplet edge5/11 coordinate2
PASS: private pure original two-argument oracle parity: finite triplet edge5/12 coordinate2
PASS: private pure original two-argument oracle parity: finite triplet edge5/13 coordinate2
PASS: private pure original two-argument oracle parity: finite triplet edge5/14 coordinate2
PASS: private pure original two-argument oracle parity: finite triplet edge5/15 coordinate2
PASS: private pure original two-argument oracle parity: finite triplet edge5/16 coordinate2
PASS: private pure original two-argument oracle parity: finite triplet edge5/17 coordinate2
PASS: private pure original two-argument oracle parity: finite triplet edge5/18 coordinate2
PASS: private pure original two-argument oracle parity: finite triplet edge5/19 coordinate2
PASS: private pure original two-argument oracle parity: finite triplet edge5 coordinate2 rejects type/nonfinite2
PASS: private pure original two-argument oracle parity: finite triplet edge5 coordinate2 rejects type/nonfinite3
PASS: private pure original two-argument oracle parity: finite triplet edge5 coordinate2 rejects type/nonfinite3
PASS: private pure original two-argument oracle parity: finite triplet edge5 coordinate2 rejects type/nonfinite3
PASS: private pure original two-argument oracle parity: finite scalar pair6/0 including signed zero, subnormals and adjacent normal values
PASS: private pure original two-argument oracle parity: finite scalar pair6/1 including signed zero, subnormals and adjacent normal values
PASS: private pure original two-argument oracle parity: finite scalar pair6/2 including signed zero, subnormals and adjacent normal values
PASS: private pure original two-argument oracle parity: finite scalar pair6/3 including signed zero, subnormals and adjacent normal values
PASS: private pure original two-argument oracle parity: finite scalar pair6/4 including signed zero, subnormals and adjacent normal values
PASS: private pure original two-argument oracle parity: finite scalar pair6/5 including signed zero, subnormals and adjacent normal values
PASS: private pure original two-argument oracle parity: finite scalar pair6/6 including signed zero, subnormals and adjacent normal values
PASS: private pure original two-argument oracle parity: finite scalar pair6/7 including signed zero, subnormals and adjacent normal values
PASS: private pure original two-argument oracle parity: finite scalar pair6/8 including signed zero, subnormals and adjacent normal values
PASS: private pure original two-argument oracle parity: finite scalar pair6/9 including signed zero, subnormals and adjacent normal values
PASS: private pure original two-argument oracle parity: finite scalar pair6/10 including signed zero, subnormals and adjacent normal values
PASS: private pure original two-argument oracle parity: finite scalar pair6/11 including signed zero, subnormals and adjacent normal values
PASS: private pure original two-argument oracle parity: finite scalar pair6/12 including signed zero, subnormals and adjacent normal values
PASS: private pure original two-argument oracle parity: finite scalar pair6/13 including signed zero, subnormals and adjacent normal values
PASS: private pure original two-argument oracle parity: finite scalar pair6/14 including signed zero, subnormals and adjacent normal values
PASS: private pure original two-argument oracle parity: finite scalar pair6/15 including signed zero, subnormals and adjacent normal values
PASS: private pure original two-argument oracle parity: finite scalar pair6/16 including signed zero, subnormals and adjacent normal values
PASS: private pure original two-argument oracle parity: finite scalar pair6/17 including signed zero, subnormals and adjacent normal values
PASS: private pure original two-argument oracle parity: finite scalar pair6/18 including signed zero, subnormals and adjacent normal values
PASS: private pure original two-argument oracle parity: finite scalar pair6/19 including signed zero, subnormals and adjacent normal values
PASS: private pure original two-argument oracle parity: finite scalar6 rejects foreign type/nonfinite value2
PASS: private pure original two-argument oracle parity: finite scalar6 rejects foreign type/nonfinite value2
PASS: private pure original two-argument oracle parity: finite scalar6 rejects foreign type/nonfinite value3
PASS: private pure original two-argument oracle parity: finite scalar6 rejects foreign type/nonfinite value3
PASS: private pure original two-argument oracle parity: finite scalar6 rejects foreign type/nonfinite value3
PASS: private pure original two-argument oracle parity: finite scalar6 rejects foreign type/nonfinite value9
PASS: private pure original two-argument oracle parity: finite scalar6 rejects foreign type/nonfinite value33
PASS: private pure original two-argument oracle parity: finite edge6 at coordinate0 retains typed triplet
PASS: private pure original two-argument oracle parity: finite triplet edge6/0 coordinate0
PASS: private pure original two-argument oracle parity: finite triplet edge6/1 coordinate0
PASS: private pure original two-argument oracle parity: finite triplet edge6/2 coordinate0
PASS: private pure original two-argument oracle parity: finite triplet edge6/3 coordinate0
PASS: private pure original two-argument oracle parity: finite triplet edge6/4 coordinate0
PASS: private pure original two-argument oracle parity: finite triplet edge6/5 coordinate0
PASS: private pure original two-argument oracle parity: finite triplet edge6/6 coordinate0
PASS: private pure original two-argument oracle parity: finite triplet edge6/7 coordinate0
PASS: private pure original two-argument oracle parity: finite triplet edge6/8 coordinate0
PASS: private pure original two-argument oracle parity: finite triplet edge6/9 coordinate0
PASS: private pure original two-argument oracle parity: finite triplet edge6/10 coordinate0
PASS: private pure original two-argument oracle parity: finite triplet edge6/11 coordinate0
PASS: private pure original two-argument oracle parity: finite triplet edge6/12 coordinate0
PASS: private pure original two-argument oracle parity: finite triplet edge6/13 coordinate0
PASS: private pure original two-argument oracle parity: finite triplet edge6/14 coordinate0
PASS: private pure original two-argument oracle parity: finite triplet edge6/15 coordinate0
PASS: private pure original two-argument oracle parity: finite triplet edge6/16 coordinate0
PASS: private pure original two-argument oracle parity: finite triplet edge6/17 coordinate0
PASS: private pure original two-argument oracle parity: finite triplet edge6/18 coordinate0
PASS: private pure original two-argument oracle parity: finite triplet edge6/19 coordinate0
PASS: private pure original two-argument oracle parity: finite triplet edge6 coordinate0 rejects type/nonfinite2
PASS: private pure original two-argument oracle parity: finite triplet edge6 coordinate0 rejects type/nonfinite3
PASS: private pure original two-argument oracle parity: finite triplet edge6 coordinate0 rejects type/nonfinite3
PASS: private pure original two-argument oracle parity: finite triplet edge6 coordinate0 rejects type/nonfinite3
PASS: private pure original two-argument oracle parity: finite edge6 at coordinate1 retains typed triplet
PASS: private pure original two-argument oracle parity: finite triplet edge6/0 coordinate1
PASS: private pure original two-argument oracle parity: finite triplet edge6/1 coordinate1
PASS: private pure original two-argument oracle parity: finite triplet edge6/2 coordinate1
PASS: private pure original two-argument oracle parity: finite triplet edge6/3 coordinate1
PASS: private pure original two-argument oracle parity: finite triplet edge6/4 coordinate1
PASS: private pure original two-argument oracle parity: finite triplet edge6/5 coordinate1
PASS: private pure original two-argument oracle parity: finite triplet edge6/6 coordinate1
PASS: private pure original two-argument oracle parity: finite triplet edge6/7 coordinate1
PASS: private pure original two-argument oracle parity: finite triplet edge6/8 coordinate1
PASS: private pure original two-argument oracle parity: finite triplet edge6/9 coordinate1
PASS: private pure original two-argument oracle parity: finite triplet edge6/10 coordinate1
PASS: private pure original two-argument oracle parity: finite triplet edge6/11 coordinate1
PASS: private pure original two-argument oracle parity: finite triplet edge6/12 coordinate1
PASS: private pure original two-argument oracle parity: finite triplet edge6/13 coordinate1
PASS: private pure original two-argument oracle parity: finite triplet edge6/14 coordinate1
PASS: private pure original two-argument oracle parity: finite triplet edge6/15 coordinate1
PASS: private pure original two-argument oracle parity: finite triplet edge6/16 coordinate1
PASS: private pure original two-argument oracle parity: finite triplet edge6/17 coordinate1
PASS: private pure original two-argument oracle parity: finite triplet edge6/18 coordinate1
PASS: private pure original two-argument oracle parity: finite triplet edge6/19 coordinate1
PASS: private pure original two-argument oracle parity: finite triplet edge6 coordinate1 rejects type/nonfinite2
PASS: private pure original two-argument oracle parity: finite triplet edge6 coordinate1 rejects type/nonfinite3
PASS: private pure original two-argument oracle parity: finite triplet edge6 coordinate1 rejects type/nonfinite3
PASS: private pure original two-argument oracle parity: finite triplet edge6 coordinate1 rejects type/nonfinite3
PASS: private pure original two-argument oracle parity: finite edge6 at coordinate2 retains typed triplet
PASS: private pure original two-argument oracle parity: finite triplet edge6/0 coordinate2
PASS: private pure original two-argument oracle parity: finite triplet edge6/1 coordinate2
PASS: private pure original two-argument oracle parity: finite triplet edge6/2 coordinate2
PASS: private pure original two-argument oracle parity: finite triplet edge6/3 coordinate2
PASS: private pure original two-argument oracle parity: finite triplet edge6/4 coordinate2
PASS: private pure original two-argument oracle parity: finite triplet edge6/5 coordinate2
PASS: private pure original two-argument oracle parity: finite triplet edge6/6 coordinate2
PASS: private pure original two-argument oracle parity: finite triplet edge6/7 coordinate2
PASS: private pure original two-argument oracle parity: finite triplet edge6/8 coordinate2
PASS: private pure original two-argument oracle parity: finite triplet edge6/9 coordinate2
PASS: private pure original two-argument oracle parity: finite triplet edge6/10 coordinate2
PASS: private pure original two-argument oracle parity: finite triplet edge6/11 coordinate2
PASS: private pure original two-argument oracle parity: finite triplet edge6/12 coordinate2
PASS: private pure original two-argument oracle parity: finite triplet edge6/13 coordinate2
PASS: private pure original two-argument oracle parity: finite triplet edge6/14 coordinate2
PASS: private pure original two-argument oracle parity: finite triplet edge6/15 coordinate2
PASS: private pure original two-argument oracle parity: finite triplet edge6/16 coordinate2
PASS: private pure original two-argument oracle parity: finite triplet edge6/17 coordinate2
PASS: private pure original two-argument oracle parity: finite triplet edge6/18 coordinate2
PASS: private pure original two-argument oracle parity: finite triplet edge6/19 coordinate2
PASS: private pure original two-argument oracle parity: finite triplet edge6 coordinate2 rejects type/nonfinite2
PASS: private pure original two-argument oracle parity: finite triplet edge6 coordinate2 rejects type/nonfinite3
PASS: private pure original two-argument oracle parity: finite triplet edge6 coordinate2 rejects type/nonfinite3
PASS: private pure original two-argument oracle parity: finite triplet edge6 coordinate2 rejects type/nonfinite3
PASS: private pure original two-argument oracle parity: finite scalar pair7/0 including signed zero, subnormals and adjacent normal values
PASS: private pure original two-argument oracle parity: finite scalar pair7/1 including signed zero, subnormals and adjacent normal values
PASS: private pure original two-argument oracle parity: finite scalar pair7/2 including signed zero, subnormals and adjacent normal values
PASS: private pure original two-argument oracle parity: finite scalar pair7/3 including signed zero, subnormals and adjacent normal values
PASS: private pure original two-argument oracle parity: finite scalar pair7/4 including signed zero, subnormals and adjacent normal values
PASS: private pure original two-argument oracle parity: finite scalar pair7/5 including signed zero, subnormals and adjacent normal values
PASS: private pure original two-argument oracle parity: finite scalar pair7/6 including signed zero, subnormals and adjacent normal values
PASS: private pure original two-argument oracle parity: finite scalar pair7/7 including signed zero, subnormals and adjacent normal values
PASS: private pure original two-argument oracle parity: finite scalar pair7/8 including signed zero, subnormals and adjacent normal values
PASS: private pure original two-argument oracle parity: finite scalar pair7/9 including signed zero, subnormals and adjacent normal values
PASS: private pure original two-argument oracle parity: finite scalar pair7/10 including signed zero, subnormals and adjacent normal values
PASS: private pure original two-argument oracle parity: finite scalar pair7/11 including signed zero, subnormals and adjacent normal values
PASS: private pure original two-argument oracle parity: finite scalar pair7/12 including signed zero, subnormals and adjacent normal values
PASS: private pure original two-argument oracle parity: finite scalar pair7/13 including signed zero, subnormals and adjacent normal values
PASS: private pure original two-argument oracle parity: finite scalar pair7/14 including signed zero, subnormals and adjacent normal values
PASS: private pure original two-argument oracle parity: finite scalar pair7/15 including signed zero, subnormals and adjacent normal values
PASS: private pure original two-argument oracle parity: finite scalar pair7/16 including signed zero, subnormals and adjacent normal values
PASS: private pure original two-argument oracle parity: finite scalar pair7/17 including signed zero, subnormals and adjacent normal values
PASS: private pure original two-argument oracle parity: finite scalar pair7/18 including signed zero, subnormals and adjacent normal values
PASS: private pure original two-argument oracle parity: finite scalar pair7/19 including signed zero, subnormals and adjacent normal values
PASS: private pure original two-argument oracle parity: finite scalar7 rejects foreign type/nonfinite value2
PASS: private pure original two-argument oracle parity: finite scalar7 rejects foreign type/nonfinite value2
PASS: private pure original two-argument oracle parity: finite scalar7 rejects foreign type/nonfinite value3
PASS: private pure original two-argument oracle parity: finite scalar7 rejects foreign type/nonfinite value3
PASS: private pure original two-argument oracle parity: finite scalar7 rejects foreign type/nonfinite value3
PASS: private pure original two-argument oracle parity: finite scalar7 rejects foreign type/nonfinite value9
PASS: private pure original two-argument oracle parity: finite scalar7 rejects foreign type/nonfinite value33
PASS: private pure original two-argument oracle parity: finite edge7 at coordinate0 retains typed triplet
PASS: private pure original two-argument oracle parity: finite triplet edge7/0 coordinate0
PASS: private pure original two-argument oracle parity: finite triplet edge7/1 coordinate0
PASS: private pure original two-argument oracle parity: finite triplet edge7/2 coordinate0
PASS: private pure original two-argument oracle parity: finite triplet edge7/3 coordinate0
PASS: private pure original two-argument oracle parity: finite triplet edge7/4 coordinate0
PASS: private pure original two-argument oracle parity: finite triplet edge7/5 coordinate0
PASS: private pure original two-argument oracle parity: finite triplet edge7/6 coordinate0
PASS: private pure original two-argument oracle parity: finite triplet edge7/7 coordinate0
PASS: private pure original two-argument oracle parity: finite triplet edge7/8 coordinate0
PASS: private pure original two-argument oracle parity: finite triplet edge7/9 coordinate0
PASS: private pure original two-argument oracle parity: finite triplet edge7/10 coordinate0
PASS: private pure original two-argument oracle parity: finite triplet edge7/11 coordinate0
PASS: private pure original two-argument oracle parity: finite triplet edge7/12 coordinate0
PASS: private pure original two-argument oracle parity: finite triplet edge7/13 coordinate0
PASS: private pure original two-argument oracle parity: finite triplet edge7/14 coordinate0
PASS: private pure original two-argument oracle parity: finite triplet edge7/15 coordinate0
PASS: private pure original two-argument oracle parity: finite triplet edge7/16 coordinate0
PASS: private pure original two-argument oracle parity: finite triplet edge7/17 coordinate0
PASS: private pure original two-argument oracle parity: finite triplet edge7/18 coordinate0
PASS: private pure original two-argument oracle parity: finite triplet edge7/19 coordinate0
PASS: private pure original two-argument oracle parity: finite triplet edge7 coordinate0 rejects type/nonfinite2
PASS: private pure original two-argument oracle parity: finite triplet edge7 coordinate0 rejects type/nonfinite3
PASS: private pure original two-argument oracle parity: finite triplet edge7 coordinate0 rejects type/nonfinite3
PASS: private pure original two-argument oracle parity: finite triplet edge7 coordinate0 rejects type/nonfinite3
PASS: private pure original two-argument oracle parity: finite edge7 at coordinate1 retains typed triplet
PASS: private pure original two-argument oracle parity: finite triplet edge7/0 coordinate1
PASS: private pure original two-argument oracle parity: finite triplet edge7/1 coordinate1
PASS: private pure original two-argument oracle parity: finite triplet edge7/2 coordinate1
PASS: private pure original two-argument oracle parity: finite triplet edge7/3 coordinate1
PASS: private pure original two-argument oracle parity: finite triplet edge7/4 coordinate1
PASS: private pure original two-argument oracle parity: finite triplet edge7/5 coordinate1
PASS: private pure original two-argument oracle parity: finite triplet edge7/6 coordinate1
PASS: private pure original two-argument oracle parity: finite triplet edge7/7 coordinate1
PASS: private pure original two-argument oracle parity: finite triplet edge7/8 coordinate1
PASS: private pure original two-argument oracle parity: finite triplet edge7/9 coordinate1
PASS: private pure original two-argument oracle parity: finite triplet edge7/10 coordinate1
PASS: private pure original two-argument oracle parity: finite triplet edge7/11 coordinate1
PASS: private pure original two-argument oracle parity: finite triplet edge7/12 coordinate1
PASS: private pure original two-argument oracle parity: finite triplet edge7/13 coordinate1
PASS: private pure original two-argument oracle parity: finite triplet edge7/14 coordinate1
PASS: private pure original two-argument oracle parity: finite triplet edge7/15 coordinate1
PASS: private pure original two-argument oracle parity: finite triplet edge7/16 coordinate1
PASS: private pure original two-argument oracle parity: finite triplet edge7/17 coordinate1
PASS: private pure original two-argument oracle parity: finite triplet edge7/18 coordinate1
PASS: private pure original two-argument oracle parity: finite triplet edge7/19 coordinate1
PASS: private pure original two-argument oracle parity: finite triplet edge7 coordinate1 rejects type/nonfinite2
PASS: private pure original two-argument oracle parity: finite triplet edge7 coordinate1 rejects type/nonfinite3
PASS: private pure original two-argument oracle parity: finite triplet edge7 coordinate1 rejects type/nonfinite3
PASS: private pure original two-argument oracle parity: finite triplet edge7 coordinate1 rejects type/nonfinite3
PASS: private pure original two-argument oracle parity: finite edge7 at coordinate2 retains typed triplet
PASS: private pure original two-argument oracle parity: finite triplet edge7/0 coordinate2
PASS: private pure original two-argument oracle parity: finite triplet edge7/1 coordinate2
PASS: private pure original two-argument oracle parity: finite triplet edge7/2 coordinate2
PASS: private pure original two-argument oracle parity: finite triplet edge7/3 coordinate2
PASS: private pure original two-argument oracle parity: finite triplet edge7/4 coordinate2
PASS: private pure original two-argument oracle parity: finite triplet edge7/5 coordinate2
PASS: private pure original two-argument oracle parity: finite triplet edge7/6 coordinate2
PASS: private pure original two-argument oracle parity: finite triplet edge7/7 coordinate2
PASS: private pure original two-argument oracle parity: finite triplet edge7/8 coordinate2
PASS: private pure original two-argument oracle parity: finite triplet edge7/9 coordinate2
PASS: private pure original two-argument oracle parity: finite triplet edge7/10 coordinate2
PASS: private pure original two-argument oracle parity: finite triplet edge7/11 coordinate2
PASS: private pure original two-argument oracle parity: finite triplet edge7/12 coordinate2
PASS: private pure original two-argument oracle parity: finite triplet edge7/13 coordinate2
PASS: private pure original two-argument oracle parity: finite triplet edge7/14 coordinate2
PASS: private pure original two-argument oracle parity: finite triplet edge7/15 coordinate2
PASS: private pure original two-argument oracle parity: finite triplet edge7/16 coordinate2
PASS: private pure original two-argument oracle parity: finite triplet edge7/17 coordinate2
PASS: private pure original two-argument oracle parity: finite triplet edge7/18 coordinate2
PASS: private pure original two-argument oracle parity: finite triplet edge7/19 coordinate2
PASS: private pure original two-argument oracle parity: finite triplet edge7 coordinate2 rejects type/nonfinite2
PASS: private pure original two-argument oracle parity: finite triplet edge7 coordinate2 rejects type/nonfinite3
PASS: private pure original two-argument oracle parity: finite triplet edge7 coordinate2 rejects type/nonfinite3
PASS: private pure original two-argument oracle parity: finite triplet edge7 coordinate2 rejects type/nonfinite3
PASS: private pure original two-argument oracle parity: finite scalar pair8/0 including signed zero, subnormals and adjacent normal values
PASS: private pure original two-argument oracle parity: finite scalar pair8/1 including signed zero, subnormals and adjacent normal values
PASS: private pure original two-argument oracle parity: finite scalar pair8/2 including signed zero, subnormals and adjacent normal values
PASS: private pure original two-argument oracle parity: finite scalar pair8/3 including signed zero, subnormals and adjacent normal values
PASS: private pure original two-argument oracle parity: finite scalar pair8/4 including signed zero, subnormals and adjacent normal values
PASS: private pure original two-argument oracle parity: finite scalar pair8/5 including signed zero, subnormals and adjacent normal values
PASS: private pure original two-argument oracle parity: finite scalar pair8/6 including signed zero, subnormals and adjacent normal values
PASS: private pure original two-argument oracle parity: finite scalar pair8/7 including signed zero, subnormals and adjacent normal values
PASS: private pure original two-argument oracle parity: finite scalar pair8/8 including signed zero, subnormals and adjacent normal values
PASS: private pure original two-argument oracle parity: finite scalar pair8/9 including signed zero, subnormals and adjacent normal values
PASS: private pure original two-argument oracle parity: finite scalar pair8/10 including signed zero, subnormals and adjacent normal values
PASS: private pure original two-argument oracle parity: finite scalar pair8/11 including signed zero, subnormals and adjacent normal values
PASS: private pure original two-argument oracle parity: finite scalar pair8/12 including signed zero, subnormals and adjacent normal values
PASS: private pure original two-argument oracle parity: finite scalar pair8/13 including signed zero, subnormals and adjacent normal values
PASS: private pure original two-argument oracle parity: finite scalar pair8/14 including signed zero, subnormals and adjacent normal values
PASS: private pure original two-argument oracle parity: finite scalar pair8/15 including signed zero, subnormals and adjacent normal values
PASS: private pure original two-argument oracle parity: finite scalar pair8/16 including signed zero, subnormals and adjacent normal values
PASS: private pure original two-argument oracle parity: finite scalar pair8/17 including signed zero, subnormals and adjacent normal values
PASS: private pure original two-argument oracle parity: finite scalar pair8/18 including signed zero, subnormals and adjacent normal values
PASS: private pure original two-argument oracle parity: finite scalar pair8/19 including signed zero, subnormals and adjacent normal values
PASS: private pure original two-argument oracle parity: finite scalar8 rejects foreign type/nonfinite value2
PASS: private pure original two-argument oracle parity: finite scalar8 rejects foreign type/nonfinite value2
PASS: private pure original two-argument oracle parity: finite scalar8 rejects foreign type/nonfinite value3
PASS: private pure original two-argument oracle parity: finite scalar8 rejects foreign type/nonfinite value3
PASS: private pure original two-argument oracle parity: finite scalar8 rejects foreign type/nonfinite value3
PASS: private pure original two-argument oracle parity: finite scalar8 rejects foreign type/nonfinite value9
PASS: private pure original two-argument oracle parity: finite scalar8 rejects foreign type/nonfinite value33
PASS: private pure original two-argument oracle parity: finite edge8 at coordinate0 retains typed triplet
PASS: private pure original two-argument oracle parity: finite triplet edge8/0 coordinate0
PASS: private pure original two-argument oracle parity: finite triplet edge8/1 coordinate0
PASS: private pure original two-argument oracle parity: finite triplet edge8/2 coordinate0
PASS: private pure original two-argument oracle parity: finite triplet edge8/3 coordinate0
PASS: private pure original two-argument oracle parity: finite triplet edge8/4 coordinate0
PASS: private pure original two-argument oracle parity: finite triplet edge8/5 coordinate0
PASS: private pure original two-argument oracle parity: finite triplet edge8/6 coordinate0
PASS: private pure original two-argument oracle parity: finite triplet edge8/7 coordinate0
PASS: private pure original two-argument oracle parity: finite triplet edge8/8 coordinate0
PASS: private pure original two-argument oracle parity: finite triplet edge8/9 coordinate0
PASS: private pure original two-argument oracle parity: finite triplet edge8/10 coordinate0
PASS: private pure original two-argument oracle parity: finite triplet edge8/11 coordinate0
PASS: private pure original two-argument oracle parity: finite triplet edge8/12 coordinate0
PASS: private pure original two-argument oracle parity: finite triplet edge8/13 coordinate0
PASS: private pure original two-argument oracle parity: finite triplet edge8/14 coordinate0
PASS: private pure original two-argument oracle parity: finite triplet edge8/15 coordinate0
PASS: private pure original two-argument oracle parity: finite triplet edge8/16 coordinate0
PASS: private pure original two-argument oracle parity: finite triplet edge8/17 coordinate0
PASS: private pure original two-argument oracle parity: finite triplet edge8/18 coordinate0
PASS: private pure original two-argument oracle parity: finite triplet edge8/19 coordinate0
PASS: private pure original two-argument oracle parity: finite triplet edge8 coordinate0 rejects type/nonfinite2
PASS: private pure original two-argument oracle parity: finite triplet edge8 coordinate0 rejects type/nonfinite3
PASS: private pure original two-argument oracle parity: finite triplet edge8 coordinate0 rejects type/nonfinite3
PASS: private pure original two-argument oracle parity: finite triplet edge8 coordinate0 rejects type/nonfinite3
PASS: private pure original two-argument oracle parity: finite edge8 at coordinate1 retains typed triplet
PASS: private pure original two-argument oracle parity: finite triplet edge8/0 coordinate1
PASS: private pure original two-argument oracle parity: finite triplet edge8/1 coordinate1
PASS: private pure original two-argument oracle parity: finite triplet edge8/2 coordinate1
PASS: private pure original two-argument oracle parity: finite triplet edge8/3 coordinate1
PASS: private pure original two-argument oracle parity: finite triplet edge8/4 coordinate1
PASS: private pure original two-argument oracle parity: finite triplet edge8/5 coordinate1
PASS: private pure original two-argument oracle parity: finite triplet edge8/6 coordinate1
PASS: private pure original two-argument oracle parity: finite triplet edge8/7 coordinate1
PASS: private pure original two-argument oracle parity: finite triplet edge8/8 coordinate1
PASS: private pure original two-argument oracle parity: finite triplet edge8/9 coordinate1
PASS: private pure original two-argument oracle parity: finite triplet edge8/10 coordinate1
PASS: private pure original two-argument oracle parity: finite triplet edge8/11 coordinate1
PASS: private pure original two-argument oracle parity: finite triplet edge8/12 coordinate1
PASS: private pure original two-argument oracle parity: finite triplet edge8/13 coordinate1
PASS: private pure original two-argument oracle parity: finite triplet edge8/14 coordinate1
PASS: private pure original two-argument oracle parity: finite triplet edge8/15 coordinate1
PASS: private pure original two-argument oracle parity: finite triplet edge8/16 coordinate1
PASS: private pure original two-argument oracle parity: finite triplet edge8/17 coordinate1
PASS: private pure original two-argument oracle parity: finite triplet edge8/18 coordinate1
PASS: private pure original two-argument oracle parity: finite triplet edge8/19 coordinate1
PASS: private pure original two-argument oracle parity: finite triplet edge8 coordinate1 rejects type/nonfinite2
PASS: private pure original two-argument oracle parity: finite triplet edge8 coordinate1 rejects type/nonfinite3
PASS: private pure original two-argument oracle parity: finite triplet edge8 coordinate1 rejects type/nonfinite3
PASS: private pure original two-argument oracle parity: finite triplet edge8 coordinate1 rejects type/nonfinite3
PASS: private pure original two-argument oracle parity: finite edge8 at coordinate2 retains typed triplet
PASS: private pure original two-argument oracle parity: finite triplet edge8/0 coordinate2
PASS: private pure original two-argument oracle parity: finite triplet edge8/1 coordinate2
PASS: private pure original two-argument oracle parity: finite triplet edge8/2 coordinate2
PASS: private pure original two-argument oracle parity: finite triplet edge8/3 coordinate2
PASS: private pure original two-argument oracle parity: finite triplet edge8/4 coordinate2
PASS: private pure original two-argument oracle parity: finite triplet edge8/5 coordinate2
PASS: private pure original two-argument oracle parity: finite triplet edge8/6 coordinate2
PASS: private pure original two-argument oracle parity: finite triplet edge8/7 coordinate2
PASS: private pure original two-argument oracle parity: finite triplet edge8/8 coordinate2
PASS: private pure original two-argument oracle parity: finite triplet edge8/9 coordinate2
PASS: private pure original two-argument oracle parity: finite triplet edge8/10 coordinate2
PASS: private pure original two-argument oracle parity: finite triplet edge8/11 coordinate2
PASS: private pure original two-argument oracle parity: finite triplet edge8/12 coordinate2
PASS: private pure original two-argument oracle parity: finite triplet edge8/13 coordinate2
PASS: private pure original two-argument oracle parity: finite triplet edge8/14 coordinate2
PASS: private pure original two-argument oracle parity: finite triplet edge8/15 coordinate2
PASS: private pure original two-argument oracle parity: finite triplet edge8/16 coordinate2
PASS: private pure original two-argument oracle parity: finite triplet edge8/17 coordinate2
PASS: private pure original two-argument oracle parity: finite triplet edge8/18 coordinate2
PASS: private pure original two-argument oracle parity: finite triplet edge8/19 coordinate2
PASS: private pure original two-argument oracle parity: finite triplet edge8 coordinate2 rejects type/nonfinite2
PASS: private pure original two-argument oracle parity: finite triplet edge8 coordinate2 rejects type/nonfinite3
PASS: private pure original two-argument oracle parity: finite triplet edge8 coordinate2 rejects type/nonfinite3
PASS: private pure original two-argument oracle parity: finite triplet edge8 coordinate2 rejects type/nonfinite3
PASS: private pure original two-argument oracle parity: finite scalar pair9/0 including signed zero, subnormals and adjacent normal values
PASS: private pure original two-argument oracle parity: finite scalar pair9/1 including signed zero, subnormals and adjacent normal values
PASS: private pure original two-argument oracle parity: finite scalar pair9/2 including signed zero, subnormals and adjacent normal values
PASS: private pure original two-argument oracle parity: finite scalar pair9/3 including signed zero, subnormals and adjacent normal values
PASS: private pure original two-argument oracle parity: finite scalar pair9/4 including signed zero, subnormals and adjacent normal values
PASS: private pure original two-argument oracle parity: finite scalar pair9/5 including signed zero, subnormals and adjacent normal values
PASS: private pure original two-argument oracle parity: finite scalar pair9/6 including signed zero, subnormals and adjacent normal values
PASS: private pure original two-argument oracle parity: finite scalar pair9/7 including signed zero, subnormals and adjacent normal values
PASS: private pure original two-argument oracle parity: finite scalar pair9/8 including signed zero, subnormals and adjacent normal values
PASS: private pure original two-argument oracle parity: finite scalar pair9/9 including signed zero, subnormals and adjacent normal values
PASS: private pure original two-argument oracle parity: finite scalar pair9/10 including signed zero, subnormals and adjacent normal values
PASS: private pure original two-argument oracle parity: finite scalar pair9/11 including signed zero, subnormals and adjacent normal values
PASS: private pure original two-argument oracle parity: finite scalar pair9/12 including signed zero, subnormals and adjacent normal values
PASS: private pure original two-argument oracle parity: finite scalar pair9/13 including signed zero, subnormals and adjacent normal values
PASS: private pure original two-argument oracle parity: finite scalar pair9/14 including signed zero, subnormals and adjacent normal values
PASS: private pure original two-argument oracle parity: finite scalar pair9/15 including signed zero, subnormals and adjacent normal values
PASS: private pure original two-argument oracle parity: finite scalar pair9/16 including signed zero, subnormals and adjacent normal values
PASS: private pure original two-argument oracle parity: finite scalar pair9/17 including signed zero, subnormals and adjacent normal values
PASS: private pure original two-argument oracle parity: finite scalar pair9/18 including signed zero, subnormals and adjacent normal values
PASS: private pure original two-argument oracle parity: finite scalar pair9/19 including signed zero, subnormals and adjacent normal values
PASS: private pure original two-argument oracle parity: finite scalar9 rejects foreign type/nonfinite value2
PASS: private pure original two-argument oracle parity: finite scalar9 rejects foreign type/nonfinite value2
PASS: private pure original two-argument oracle parity: finite scalar9 rejects foreign type/nonfinite value3
PASS: private pure original two-argument oracle parity: finite scalar9 rejects foreign type/nonfinite value3
PASS: private pure original two-argument oracle parity: finite scalar9 rejects foreign type/nonfinite value3
PASS: private pure original two-argument oracle parity: finite scalar9 rejects foreign type/nonfinite value9
PASS: private pure original two-argument oracle parity: finite scalar9 rejects foreign type/nonfinite value33
PASS: private pure original two-argument oracle parity: finite edge9 at coordinate0 retains typed triplet
PASS: private pure original two-argument oracle parity: finite triplet edge9/0 coordinate0
PASS: private pure original two-argument oracle parity: finite triplet edge9/1 coordinate0
PASS: private pure original two-argument oracle parity: finite triplet edge9/2 coordinate0
PASS: private pure original two-argument oracle parity: finite triplet edge9/3 coordinate0
PASS: private pure original two-argument oracle parity: finite triplet edge9/4 coordinate0
PASS: private pure original two-argument oracle parity: finite triplet edge9/5 coordinate0
PASS: private pure original two-argument oracle parity: finite triplet edge9/6 coordinate0
PASS: private pure original two-argument oracle parity: finite triplet edge9/7 coordinate0
PASS: private pure original two-argument oracle parity: finite triplet edge9/8 coordinate0
PASS: private pure original two-argument oracle parity: finite triplet edge9/9 coordinate0
PASS: private pure original two-argument oracle parity: finite triplet edge9/10 coordinate0
PASS: private pure original two-argument oracle parity: finite triplet edge9/11 coordinate0
PASS: private pure original two-argument oracle parity: finite triplet edge9/12 coordinate0
PASS: private pure original two-argument oracle parity: finite triplet edge9/13 coordinate0
PASS: private pure original two-argument oracle parity: finite triplet edge9/14 coordinate0
PASS: private pure original two-argument oracle parity: finite triplet edge9/15 coordinate0
PASS: private pure original two-argument oracle parity: finite triplet edge9/16 coordinate0
PASS: private pure original two-argument oracle parity: finite triplet edge9/17 coordinate0
PASS: private pure original two-argument oracle parity: finite triplet edge9/18 coordinate0
PASS: private pure original two-argument oracle parity: finite triplet edge9/19 coordinate0
PASS: private pure original two-argument oracle parity: finite triplet edge9 coordinate0 rejects type/nonfinite2
PASS: private pure original two-argument oracle parity: finite triplet edge9 coordinate0 rejects type/nonfinite3
PASS: private pure original two-argument oracle parity: finite triplet edge9 coordinate0 rejects type/nonfinite3
PASS: private pure original two-argument oracle parity: finite triplet edge9 coordinate0 rejects type/nonfinite3
PASS: private pure original two-argument oracle parity: finite edge9 at coordinate1 retains typed triplet
PASS: private pure original two-argument oracle parity: finite triplet edge9/0 coordinate1
PASS: private pure original two-argument oracle parity: finite triplet edge9/1 coordinate1
PASS: private pure original two-argument oracle parity: finite triplet edge9/2 coordinate1
PASS: private pure original two-argument oracle parity: finite triplet edge9/3 coordinate1
PASS: private pure original two-argument oracle parity: finite triplet edge9/4 coordinate1
PASS: private pure original two-argument oracle parity: finite triplet edge9/5 coordinate1
PASS: private pure original two-argument oracle parity: finite triplet edge9/6 coordinate1
PASS: private pure original two-argument oracle parity: finite triplet edge9/7 coordinate1
PASS: private pure original two-argument oracle parity: finite triplet edge9/8 coordinate1
PASS: private pure original two-argument oracle parity: finite triplet edge9/9 coordinate1
PASS: private pure original two-argument oracle parity: finite triplet edge9/10 coordinate1
PASS: private pure original two-argument oracle parity: finite triplet edge9/11 coordinate1
PASS: private pure original two-argument oracle parity: finite triplet edge9/12 coordinate1
PASS: private pure original two-argument oracle parity: finite triplet edge9/13 coordinate1
PASS: private pure original two-argument oracle parity: finite triplet edge9/14 coordinate1
PASS: private pure original two-argument oracle parity: finite triplet edge9/15 coordinate1
PASS: private pure original two-argument oracle parity: finite triplet edge9/16 coordinate1
PASS: private pure original two-argument oracle parity: finite triplet edge9/17 coordinate1
PASS: private pure original two-argument oracle parity: finite triplet edge9/18 coordinate1
PASS: private pure original two-argument oracle parity: finite triplet edge9/19 coordinate1
PASS: private pure original two-argument oracle parity: finite triplet edge9 coordinate1 rejects type/nonfinite2
PASS: private pure original two-argument oracle parity: finite triplet edge9 coordinate1 rejects type/nonfinite3
PASS: private pure original two-argument oracle parity: finite triplet edge9 coordinate1 rejects type/nonfinite3
PASS: private pure original two-argument oracle parity: finite triplet edge9 coordinate1 rejects type/nonfinite3
PASS: private pure original two-argument oracle parity: finite edge9 at coordinate2 retains typed triplet
PASS: private pure original two-argument oracle parity: finite triplet edge9/0 coordinate2
PASS: private pure original two-argument oracle parity: finite triplet edge9/1 coordinate2
PASS: private pure original two-argument oracle parity: finite triplet edge9/2 coordinate2
PASS: private pure original two-argument oracle parity: finite triplet edge9/3 coordinate2
PASS: private pure original two-argument oracle parity: finite triplet edge9/4 coordinate2
PASS: private pure original two-argument oracle parity: finite triplet edge9/5 coordinate2
PASS: private pure original two-argument oracle parity: finite triplet edge9/6 coordinate2
PASS: private pure original two-argument oracle parity: finite triplet edge9/7 coordinate2
PASS: private pure original two-argument oracle parity: finite triplet edge9/8 coordinate2
PASS: private pure original two-argument oracle parity: finite triplet edge9/9 coordinate2
PASS: private pure original two-argument oracle parity: finite triplet edge9/10 coordinate2
PASS: private pure original two-argument oracle parity: finite triplet edge9/11 coordinate2
PASS: private pure original two-argument oracle parity: finite triplet edge9/12 coordinate2
PASS: private pure original two-argument oracle parity: finite triplet edge9/13 coordinate2
PASS: private pure original two-argument oracle parity: finite triplet edge9/14 coordinate2
PASS: private pure original two-argument oracle parity: finite triplet edge9/15 coordinate2
PASS: private pure original two-argument oracle parity: finite triplet edge9/16 coordinate2
PASS: private pure original two-argument oracle parity: finite triplet edge9/17 coordinate2
PASS: private pure original two-argument oracle parity: finite triplet edge9/18 coordinate2
PASS: private pure original two-argument oracle parity: finite triplet edge9/19 coordinate2
PASS: private pure original two-argument oracle parity: finite triplet edge9 coordinate2 rejects type/nonfinite2
PASS: private pure original two-argument oracle parity: finite triplet edge9 coordinate2 rejects type/nonfinite3
PASS: private pure original two-argument oracle parity: finite triplet edge9 coordinate2 rejects type/nonfinite3
PASS: private pure original two-argument oracle parity: finite triplet edge9 coordinate2 rejects type/nonfinite3
PASS: private pure original two-argument oracle parity: finite scalar pair10/0 including signed zero, subnormals and adjacent normal values
PASS: private pure original two-argument oracle parity: finite scalar pair10/1 including signed zero, subnormals and adjacent normal values
PASS: private pure original two-argument oracle parity: finite scalar pair10/2 including signed zero, subnormals and adjacent normal values
PASS: private pure original two-argument oracle parity: finite scalar pair10/3 including signed zero, subnormals and adjacent normal values
PASS: private pure original two-argument oracle parity: finite scalar pair10/4 including signed zero, subnormals and adjacent normal values
PASS: private pure original two-argument oracle parity: finite scalar pair10/5 including signed zero, subnormals and adjacent normal values
PASS: private pure original two-argument oracle parity: finite scalar pair10/6 including signed zero, subnormals and adjacent normal values
PASS: private pure original two-argument oracle parity: finite scalar pair10/7 including signed zero, subnormals and adjacent normal values
PASS: private pure original two-argument oracle parity: finite scalar pair10/8 including signed zero, subnormals and adjacent normal values
PASS: private pure original two-argument oracle parity: finite scalar pair10/9 including signed zero, subnormals and adjacent normal values
PASS: private pure original two-argument oracle parity: finite scalar pair10/10 including signed zero, subnormals and adjacent normal values
PASS: private pure original two-argument oracle parity: finite scalar pair10/11 including signed zero, subnormals and adjacent normal values
PASS: private pure original two-argument oracle parity: finite scalar pair10/12 including signed zero, subnormals and adjacent normal values
PASS: private pure original two-argument oracle parity: finite scalar pair10/13 including signed zero, subnormals and adjacent normal values
PASS: private pure original two-argument oracle parity: finite scalar pair10/14 including signed zero, subnormals and adjacent normal values
PASS: private pure original two-argument oracle parity: finite scalar pair10/15 including signed zero, subnormals and adjacent normal values
PASS: private pure original two-argument oracle parity: finite scalar pair10/16 including signed zero, subnormals and adjacent normal values
PASS: private pure original two-argument oracle parity: finite scalar pair10/17 including signed zero, subnormals and adjacent normal values
PASS: private pure original two-argument oracle parity: finite scalar pair10/18 including signed zero, subnormals and adjacent normal values
PASS: private pure original two-argument oracle parity: finite scalar pair10/19 including signed zero, subnormals and adjacent normal values
PASS: private pure original two-argument oracle parity: finite scalar10 rejects foreign type/nonfinite value2
PASS: private pure original two-argument oracle parity: finite scalar10 rejects foreign type/nonfinite value2
PASS: private pure original two-argument oracle parity: finite scalar10 rejects foreign type/nonfinite value3
PASS: private pure original two-argument oracle parity: finite scalar10 rejects foreign type/nonfinite value3
PASS: private pure original two-argument oracle parity: finite scalar10 rejects foreign type/nonfinite value3
PASS: private pure original two-argument oracle parity: finite scalar10 rejects foreign type/nonfinite value9
PASS: private pure original two-argument oracle parity: finite scalar10 rejects foreign type/nonfinite value33
PASS: private pure original two-argument oracle parity: finite edge10 at coordinate0 retains typed triplet
PASS: private pure original two-argument oracle parity: finite triplet edge10/0 coordinate0
PASS: private pure original two-argument oracle parity: finite triplet edge10/1 coordinate0
PASS: private pure original two-argument oracle parity: finite triplet edge10/2 coordinate0
PASS: private pure original two-argument oracle parity: finite triplet edge10/3 coordinate0
PASS: private pure original two-argument oracle parity: finite triplet edge10/4 coordinate0
PASS: private pure original two-argument oracle parity: finite triplet edge10/5 coordinate0
PASS: private pure original two-argument oracle parity: finite triplet edge10/6 coordinate0
PASS: private pure original two-argument oracle parity: finite triplet edge10/7 coordinate0
PASS: private pure original two-argument oracle parity: finite triplet edge10/8 coordinate0
PASS: private pure original two-argument oracle parity: finite triplet edge10/9 coordinate0
PASS: private pure original two-argument oracle parity: finite triplet edge10/10 coordinate0
PASS: private pure original two-argument oracle parity: finite triplet edge10/11 coordinate0
PASS: private pure original two-argument oracle parity: finite triplet edge10/12 coordinate0
PASS: private pure original two-argument oracle parity: finite triplet edge10/13 coordinate0
PASS: private pure original two-argument oracle parity: finite triplet edge10/14 coordinate0
PASS: private pure original two-argument oracle parity: finite triplet edge10/15 coordinate0
PASS: private pure original two-argument oracle parity: finite triplet edge10/16 coordinate0
PASS: private pure original two-argument oracle parity: finite triplet edge10/17 coordinate0
PASS: private pure original two-argument oracle parity: finite triplet edge10/18 coordinate0
PASS: private pure original two-argument oracle parity: finite triplet edge10/19 coordinate0
PASS: private pure original two-argument oracle parity: finite triplet edge10 coordinate0 rejects type/nonfinite2
PASS: private pure original two-argument oracle parity: finite triplet edge10 coordinate0 rejects type/nonfinite3
PASS: private pure original two-argument oracle parity: finite triplet edge10 coordinate0 rejects type/nonfinite3
PASS: private pure original two-argument oracle parity: finite triplet edge10 coordinate0 rejects type/nonfinite3
PASS: private pure original two-argument oracle parity: finite edge10 at coordinate1 retains typed triplet
PASS: private pure original two-argument oracle parity: finite triplet edge10/0 coordinate1
PASS: private pure original two-argument oracle parity: finite triplet edge10/1 coordinate1
PASS: private pure original two-argument oracle parity: finite triplet edge10/2 coordinate1
PASS: private pure original two-argument oracle parity: finite triplet edge10/3 coordinate1
PASS: private pure original two-argument oracle parity: finite triplet edge10/4 coordinate1
PASS: private pure original two-argument oracle parity: finite triplet edge10/5 coordinate1
PASS: private pure original two-argument oracle parity: finite triplet edge10/6 coordinate1
PASS: private pure original two-argument oracle parity: finite triplet edge10/7 coordinate1
PASS: private pure original two-argument oracle parity: finite triplet edge10/8 coordinate1
PASS: private pure original two-argument oracle parity: finite triplet edge10/9 coordinate1
PASS: private pure original two-argument oracle parity: finite triplet edge10/10 coordinate1
PASS: private pure original two-argument oracle parity: finite triplet edge10/11 coordinate1
PASS: private pure original two-argument oracle parity: finite triplet edge10/12 coordinate1
PASS: private pure original two-argument oracle parity: finite triplet edge10/13 coordinate1
PASS: private pure original two-argument oracle parity: finite triplet edge10/14 coordinate1
PASS: private pure original two-argument oracle parity: finite triplet edge10/15 coordinate1
PASS: private pure original two-argument oracle parity: finite triplet edge10/16 coordinate1
PASS: private pure original two-argument oracle parity: finite triplet edge10/17 coordinate1
PASS: private pure original two-argument oracle parity: finite triplet edge10/18 coordinate1
PASS: private pure original two-argument oracle parity: finite triplet edge10/19 coordinate1
PASS: private pure original two-argument oracle parity: finite triplet edge10 coordinate1 rejects type/nonfinite2
PASS: private pure original two-argument oracle parity: finite triplet edge10 coordinate1 rejects type/nonfinite3
PASS: private pure original two-argument oracle parity: finite triplet edge10 coordinate1 rejects type/nonfinite3
PASS: private pure original two-argument oracle parity: finite triplet edge10 coordinate1 rejects type/nonfinite3
PASS: private pure original two-argument oracle parity: finite edge10 at coordinate2 retains typed triplet
PASS: private pure original two-argument oracle parity: finite triplet edge10/0 coordinate2
PASS: private pure original two-argument oracle parity: finite triplet edge10/1 coordinate2
PASS: private pure original two-argument oracle parity: finite triplet edge10/2 coordinate2
PASS: private pure original two-argument oracle parity: finite triplet edge10/3 coordinate2
PASS: private pure original two-argument oracle parity: finite triplet edge10/4 coordinate2
PASS: private pure original two-argument oracle parity: finite triplet edge10/5 coordinate2
PASS: private pure original two-argument oracle parity: finite triplet edge10/6 coordinate2
PASS: private pure original two-argument oracle parity: finite triplet edge10/7 coordinate2
PASS: private pure original two-argument oracle parity: finite triplet edge10/8 coordinate2
PASS: private pure original two-argument oracle parity: finite triplet edge10/9 coordinate2
PASS: private pure original two-argument oracle parity: finite triplet edge10/10 coordinate2
PASS: private pure original two-argument oracle parity: finite triplet edge10/11 coordinate2
PASS: private pure original two-argument oracle parity: finite triplet edge10/12 coordinate2
PASS: private pure original two-argument oracle parity: finite triplet edge10/13 coordinate2
PASS: private pure original two-argument oracle parity: finite triplet edge10/14 coordinate2
PASS: private pure original two-argument oracle parity: finite triplet edge10/15 coordinate2
PASS: private pure original two-argument oracle parity: finite triplet edge10/16 coordinate2
PASS: private pure original two-argument oracle parity: finite triplet edge10/17 coordinate2
PASS: private pure original two-argument oracle parity: finite triplet edge10/18 coordinate2
PASS: private pure original two-argument oracle parity: finite triplet edge10/19 coordinate2
PASS: private pure original two-argument oracle parity: finite triplet edge10 coordinate2 rejects type/nonfinite2
PASS: private pure original two-argument oracle parity: finite triplet edge10 coordinate2 rejects type/nonfinite3
PASS: private pure original two-argument oracle parity: finite triplet edge10 coordinate2 rejects type/nonfinite3
PASS: private pure original two-argument oracle parity: finite triplet edge10 coordinate2 rejects type/nonfinite3
PASS: private pure original two-argument oracle parity: finite scalar pair11/0 including signed zero, subnormals and adjacent normal values
PASS: private pure original two-argument oracle parity: finite scalar pair11/1 including signed zero, subnormals and adjacent normal values
PASS: private pure original two-argument oracle parity: finite scalar pair11/2 including signed zero, subnormals and adjacent normal values
PASS: private pure original two-argument oracle parity: finite scalar pair11/3 including signed zero, subnormals and adjacent normal values
PASS: private pure original two-argument oracle parity: finite scalar pair11/4 including signed zero, subnormals and adjacent normal values
PASS: private pure original two-argument oracle parity: finite scalar pair11/5 including signed zero, subnormals and adjacent normal values
PASS: private pure original two-argument oracle parity: finite scalar pair11/6 including signed zero, subnormals and adjacent normal values
PASS: private pure original two-argument oracle parity: finite scalar pair11/7 including signed zero, subnormals and adjacent normal values
PASS: private pure original two-argument oracle parity: finite scalar pair11/8 including signed zero, subnormals and adjacent normal values
PASS: private pure original two-argument oracle parity: finite scalar pair11/9 including signed zero, subnormals and adjacent normal values
PASS: private pure original two-argument oracle parity: finite scalar pair11/10 including signed zero, subnormals and adjacent normal values
PASS: private pure original two-argument oracle parity: finite scalar pair11/11 including signed zero, subnormals and adjacent normal values
PASS: private pure original two-argument oracle parity: finite scalar pair11/12 including signed zero, subnormals and adjacent normal values
PASS: private pure original two-argument oracle parity: finite scalar pair11/13 including signed zero, subnormals and adjacent normal values
PASS: private pure original two-argument oracle parity: finite scalar pair11/14 including signed zero, subnormals and adjacent normal values
PASS: private pure original two-argument oracle parity: finite scalar pair11/15 including signed zero, subnormals and adjacent normal values
PASS: private pure original two-argument oracle parity: finite scalar pair11/16 including signed zero, subnormals and adjacent normal values
PASS: private pure original two-argument oracle parity: finite scalar pair11/17 including signed zero, subnormals and adjacent normal values
PASS: private pure original two-argument oracle parity: finite scalar pair11/18 including signed zero, subnormals and adjacent normal values
PASS: private pure original two-argument oracle parity: finite scalar pair11/19 including signed zero, subnormals and adjacent normal values
PASS: private pure original two-argument oracle parity: finite scalar11 rejects foreign type/nonfinite value2
PASS: private pure original two-argument oracle parity: finite scalar11 rejects foreign type/nonfinite value2
PASS: private pure original two-argument oracle parity: finite scalar11 rejects foreign type/nonfinite value3
PASS: private pure original two-argument oracle parity: finite scalar11 rejects foreign type/nonfinite value3
PASS: private pure original two-argument oracle parity: finite scalar11 rejects foreign type/nonfinite value3
PASS: private pure original two-argument oracle parity: finite scalar11 rejects foreign type/nonfinite value9
PASS: private pure original two-argument oracle parity: finite scalar11 rejects foreign type/nonfinite value33
PASS: private pure original two-argument oracle parity: finite edge11 at coordinate0 retains typed triplet
PASS: private pure original two-argument oracle parity: finite triplet edge11/0 coordinate0
PASS: private pure original two-argument oracle parity: finite triplet edge11/1 coordinate0
PASS: private pure original two-argument oracle parity: finite triplet edge11/2 coordinate0
PASS: private pure original two-argument oracle parity: finite triplet edge11/3 coordinate0
PASS: private pure original two-argument oracle parity: finite triplet edge11/4 coordinate0
PASS: private pure original two-argument oracle parity: finite triplet edge11/5 coordinate0
PASS: private pure original two-argument oracle parity: finite triplet edge11/6 coordinate0
PASS: private pure original two-argument oracle parity: finite triplet edge11/7 coordinate0
PASS: private pure original two-argument oracle parity: finite triplet edge11/8 coordinate0
PASS: private pure original two-argument oracle parity: finite triplet edge11/9 coordinate0
PASS: private pure original two-argument oracle parity: finite triplet edge11/10 coordinate0
PASS: private pure original two-argument oracle parity: finite triplet edge11/11 coordinate0
PASS: private pure original two-argument oracle parity: finite triplet edge11/12 coordinate0
PASS: private pure original two-argument oracle parity: finite triplet edge11/13 coordinate0
PASS: private pure original two-argument oracle parity: finite triplet edge11/14 coordinate0
PASS: private pure original two-argument oracle parity: finite triplet edge11/15 coordinate0
PASS: private pure original two-argument oracle parity: finite triplet edge11/16 coordinate0
PASS: private pure original two-argument oracle parity: finite triplet edge11/17 coordinate0
PASS: private pure original two-argument oracle parity: finite triplet edge11/18 coordinate0
PASS: private pure original two-argument oracle parity: finite triplet edge11/19 coordinate0
PASS: private pure original two-argument oracle parity: finite triplet edge11 coordinate0 rejects type/nonfinite2
PASS: private pure original two-argument oracle parity: finite triplet edge11 coordinate0 rejects type/nonfinite3
PASS: private pure original two-argument oracle parity: finite triplet edge11 coordinate0 rejects type/nonfinite3
PASS: private pure original two-argument oracle parity: finite triplet edge11 coordinate0 rejects type/nonfinite3
PASS: private pure original two-argument oracle parity: finite edge11 at coordinate1 retains typed triplet
PASS: private pure original two-argument oracle parity: finite triplet edge11/0 coordinate1
PASS: private pure original two-argument oracle parity: finite triplet edge11/1 coordinate1
PASS: private pure original two-argument oracle parity: finite triplet edge11/2 coordinate1
PASS: private pure original two-argument oracle parity: finite triplet edge11/3 coordinate1
PASS: private pure original two-argument oracle parity: finite triplet edge11/4 coordinate1
PASS: private pure original two-argument oracle parity: finite triplet edge11/5 coordinate1
PASS: private pure original two-argument oracle parity: finite triplet edge11/6 coordinate1
PASS: private pure original two-argument oracle parity: finite triplet edge11/7 coordinate1
PASS: private pure original two-argument oracle parity: finite triplet edge11/8 coordinate1
PASS: private pure original two-argument oracle parity: finite triplet edge11/9 coordinate1
PASS: private pure original two-argument oracle parity: finite triplet edge11/10 coordinate1
PASS: private pure original two-argument oracle parity: finite triplet edge11/11 coordinate1
PASS: private pure original two-argument oracle parity: finite triplet edge11/12 coordinate1
PASS: private pure original two-argument oracle parity: finite triplet edge11/13 coordinate1
PASS: private pure original two-argument oracle parity: finite triplet edge11/14 coordinate1
PASS: private pure original two-argument oracle parity: finite triplet edge11/15 coordinate1
PASS: private pure original two-argument oracle parity: finite triplet edge11/16 coordinate1
PASS: private pure original two-argument oracle parity: finite triplet edge11/17 coordinate1
PASS: private pure original two-argument oracle parity: finite triplet edge11/18 coordinate1
PASS: private pure original two-argument oracle parity: finite triplet edge11/19 coordinate1
PASS: private pure original two-argument oracle parity: finite triplet edge11 coordinate1 rejects type/nonfinite2
PASS: private pure original two-argument oracle parity: finite triplet edge11 coordinate1 rejects type/nonfinite3
PASS: private pure original two-argument oracle parity: finite triplet edge11 coordinate1 rejects type/nonfinite3
PASS: private pure original two-argument oracle parity: finite triplet edge11 coordinate1 rejects type/nonfinite3
PASS: private pure original two-argument oracle parity: finite edge11 at coordinate2 retains typed triplet
PASS: private pure original two-argument oracle parity: finite triplet edge11/0 coordinate2
PASS: private pure original two-argument oracle parity: finite triplet edge11/1 coordinate2
PASS: private pure original two-argument oracle parity: finite triplet edge11/2 coordinate2
PASS: private pure original two-argument oracle parity: finite triplet edge11/3 coordinate2
PASS: private pure original two-argument oracle parity: finite triplet edge11/4 coordinate2
PASS: private pure original two-argument oracle parity: finite triplet edge11/5 coordinate2
PASS: private pure original two-argument oracle parity: finite triplet edge11/6 coordinate2
PASS: private pure original two-argument oracle parity: finite triplet edge11/7 coordinate2
PASS: private pure original two-argument oracle parity: finite triplet edge11/8 coordinate2
PASS: private pure original two-argument oracle parity: finite triplet edge11/9 coordinate2
PASS: private pure original two-argument oracle parity: finite triplet edge11/10 coordinate2
PASS: private pure original two-argument oracle parity: finite triplet edge11/11 coordinate2
PASS: private pure original two-argument oracle parity: finite triplet edge11/12 coordinate2
PASS: private pure original two-argument oracle parity: finite triplet edge11/13 coordinate2
PASS: private pure original two-argument oracle parity: finite triplet edge11/14 coordinate2
PASS: private pure original two-argument oracle parity: finite triplet edge11/15 coordinate2
PASS: private pure original two-argument oracle parity: finite triplet edge11/16 coordinate2
PASS: private pure original two-argument oracle parity: finite triplet edge11/17 coordinate2
PASS: private pure original two-argument oracle parity: finite triplet edge11/18 coordinate2
PASS: private pure original two-argument oracle parity: finite triplet edge11/19 coordinate2
PASS: private pure original two-argument oracle parity: finite triplet edge11 coordinate2 rejects type/nonfinite2
PASS: private pure original two-argument oracle parity: finite triplet edge11 coordinate2 rejects type/nonfinite3
PASS: private pure original two-argument oracle parity: finite triplet edge11 coordinate2 rejects type/nonfinite3
PASS: private pure original two-argument oracle parity: finite triplet edge11 coordinate2 rejects type/nonfinite3
PASS: private pure original two-argument oracle parity: finite scalar pair12/0 including signed zero, subnormals and adjacent normal values
PASS: private pure original two-argument oracle parity: finite scalar pair12/1 including signed zero, subnormals and adjacent normal values
PASS: private pure original two-argument oracle parity: finite scalar pair12/2 including signed zero, subnormals and adjacent normal values
PASS: private pure original two-argument oracle parity: finite scalar pair12/3 including signed zero, subnormals and adjacent normal values
PASS: private pure original two-argument oracle parity: finite scalar pair12/4 including signed zero, subnormals and adjacent normal values
PASS: private pure original two-argument oracle parity: finite scalar pair12/5 including signed zero, subnormals and adjacent normal values
PASS: private pure original two-argument oracle parity: finite scalar pair12/6 including signed zero, subnormals and adjacent normal values
PASS: private pure original two-argument oracle parity: finite scalar pair12/7 including signed zero, subnormals and adjacent normal values
PASS: private pure original two-argument oracle parity: finite scalar pair12/8 including signed zero, subnormals and adjacent normal values
PASS: private pure original two-argument oracle parity: finite scalar pair12/9 including signed zero, subnormals and adjacent normal values
PASS: private pure original two-argument oracle parity: finite scalar pair12/10 including signed zero, subnormals and adjacent normal values
PASS: private pure original two-argument oracle parity: finite scalar pair12/11 including signed zero, subnormals and adjacent normal values
PASS: private pure original two-argument oracle parity: finite scalar pair12/12 including signed zero, subnormals and adjacent normal values
PASS: private pure original two-argument oracle parity: finite scalar pair12/13 including signed zero, subnormals and adjacent normal values
PASS: private pure original two-argument oracle parity: finite scalar pair12/14 including signed zero, subnormals and adjacent normal values
PASS: private pure original two-argument oracle parity: finite scalar pair12/15 including signed zero, subnormals and adjacent normal values
PASS: private pure original two-argument oracle parity: finite scalar pair12/16 including signed zero, subnormals and adjacent normal values
PASS: private pure original two-argument oracle parity: finite scalar pair12/17 including signed zero, subnormals and adjacent normal values
PASS: private pure original two-argument oracle parity: finite scalar pair12/18 including signed zero, subnormals and adjacent normal values
PASS: private pure original two-argument oracle parity: finite scalar pair12/19 including signed zero, subnormals and adjacent normal values
PASS: private pure original two-argument oracle parity: finite scalar12 rejects foreign type/nonfinite value2
PASS: private pure original two-argument oracle parity: finite scalar12 rejects foreign type/nonfinite value2
PASS: private pure original two-argument oracle parity: finite scalar12 rejects foreign type/nonfinite value3
PASS: private pure original two-argument oracle parity: finite scalar12 rejects foreign type/nonfinite value3
PASS: private pure original two-argument oracle parity: finite scalar12 rejects foreign type/nonfinite value3
PASS: private pure original two-argument oracle parity: finite scalar12 rejects foreign type/nonfinite value9
PASS: private pure original two-argument oracle parity: finite scalar12 rejects foreign type/nonfinite value33
PASS: private pure original two-argument oracle parity: finite edge12 at coordinate0 retains typed triplet
PASS: private pure original two-argument oracle parity: finite triplet edge12/0 coordinate0
PASS: private pure original two-argument oracle parity: finite triplet edge12/1 coordinate0
PASS: private pure original two-argument oracle parity: finite triplet edge12/2 coordinate0
PASS: private pure original two-argument oracle parity: finite triplet edge12/3 coordinate0
PASS: private pure original two-argument oracle parity: finite triplet edge12/4 coordinate0
PASS: private pure original two-argument oracle parity: finite triplet edge12/5 coordinate0
PASS: private pure original two-argument oracle parity: finite triplet edge12/6 coordinate0
PASS: private pure original two-argument oracle parity: finite triplet edge12/7 coordinate0
PASS: private pure original two-argument oracle parity: finite triplet edge12/8 coordinate0
PASS: private pure original two-argument oracle parity: finite triplet edge12/9 coordinate0
PASS: private pure original two-argument oracle parity: finite triplet edge12/10 coordinate0
PASS: private pure original two-argument oracle parity: finite triplet edge12/11 coordinate0
PASS: private pure original two-argument oracle parity: finite triplet edge12/12 coordinate0
PASS: private pure original two-argument oracle parity: finite triplet edge12/13 coordinate0
PASS: private pure original two-argument oracle parity: finite triplet edge12/14 coordinate0
PASS: private pure original two-argument oracle parity: finite triplet edge12/15 coordinate0
PASS: private pure original two-argument oracle parity: finite triplet edge12/16 coordinate0
PASS: private pure original two-argument oracle parity: finite triplet edge12/17 coordinate0
PASS: private pure original two-argument oracle parity: finite triplet edge12/18 coordinate0
PASS: private pure original two-argument oracle parity: finite triplet edge12/19 coordinate0
PASS: private pure original two-argument oracle parity: finite triplet edge12 coordinate0 rejects type/nonfinite2
PASS: private pure original two-argument oracle parity: finite triplet edge12 coordinate0 rejects type/nonfinite3
PASS: private pure original two-argument oracle parity: finite triplet edge12 coordinate0 rejects type/nonfinite3
PASS: private pure original two-argument oracle parity: finite triplet edge12 coordinate0 rejects type/nonfinite3
PASS: private pure original two-argument oracle parity: finite edge12 at coordinate1 retains typed triplet
PASS: private pure original two-argument oracle parity: finite triplet edge12/0 coordinate1
PASS: private pure original two-argument oracle parity: finite triplet edge12/1 coordinate1
PASS: private pure original two-argument oracle parity: finite triplet edge12/2 coordinate1
PASS: private pure original two-argument oracle parity: finite triplet edge12/3 coordinate1
PASS: private pure original two-argument oracle parity: finite triplet edge12/4 coordinate1
PASS: private pure original two-argument oracle parity: finite triplet edge12/5 coordinate1
PASS: private pure original two-argument oracle parity: finite triplet edge12/6 coordinate1
PASS: private pure original two-argument oracle parity: finite triplet edge12/7 coordinate1
PASS: private pure original two-argument oracle parity: finite triplet edge12/8 coordinate1
PASS: private pure original two-argument oracle parity: finite triplet edge12/9 coordinate1
PASS: private pure original two-argument oracle parity: finite triplet edge12/10 coordinate1
PASS: private pure original two-argument oracle parity: finite triplet edge12/11 coordinate1
PASS: private pure original two-argument oracle parity: finite triplet edge12/12 coordinate1
PASS: private pure original two-argument oracle parity: finite triplet edge12/13 coordinate1
PASS: private pure original two-argument oracle parity: finite triplet edge12/14 coordinate1
PASS: private pure original two-argument oracle parity: finite triplet edge12/15 coordinate1
PASS: private pure original two-argument oracle parity: finite triplet edge12/16 coordinate1
PASS: private pure original two-argument oracle parity: finite triplet edge12/17 coordinate1
PASS: private pure original two-argument oracle parity: finite triplet edge12/18 coordinate1
PASS: private pure original two-argument oracle parity: finite triplet edge12/19 coordinate1
PASS: private pure original two-argument oracle parity: finite triplet edge12 coordinate1 rejects type/nonfinite2
PASS: private pure original two-argument oracle parity: finite triplet edge12 coordinate1 rejects type/nonfinite3
PASS: private pure original two-argument oracle parity: finite triplet edge12 coordinate1 rejects type/nonfinite3
PASS: private pure original two-argument oracle parity: finite triplet edge12 coordinate1 rejects type/nonfinite3
PASS: private pure original two-argument oracle parity: finite edge12 at coordinate2 retains typed triplet
PASS: private pure original two-argument oracle parity: finite triplet edge12/0 coordinate2
PASS: private pure original two-argument oracle parity: finite triplet edge12/1 coordinate2
PASS: private pure original two-argument oracle parity: finite triplet edge12/2 coordinate2
PASS: private pure original two-argument oracle parity: finite triplet edge12/3 coordinate2
PASS: private pure original two-argument oracle parity: finite triplet edge12/4 coordinate2
PASS: private pure original two-argument oracle parity: finite triplet edge12/5 coordinate2
PASS: private pure original two-argument oracle parity: finite triplet edge12/6 coordinate2
PASS: private pure original two-argument oracle parity: finite triplet edge12/7 coordinate2
PASS: private pure original two-argument oracle parity: finite triplet edge12/8 coordinate2
PASS: private pure original two-argument oracle parity: finite triplet edge12/9 coordinate2
PASS: private pure original two-argument oracle parity: finite triplet edge12/10 coordinate2
PASS: private pure original two-argument oracle parity: finite triplet edge12/11 coordinate2
PASS: private pure original two-argument oracle parity: finite triplet edge12/12 coordinate2
PASS: private pure original two-argument oracle parity: finite triplet edge12/13 coordinate2
PASS: private pure original two-argument oracle parity: finite triplet edge12/14 coordinate2
PASS: private pure original two-argument oracle parity: finite triplet edge12/15 coordinate2
PASS: private pure original two-argument oracle parity: finite triplet edge12/16 coordinate2
PASS: private pure original two-argument oracle parity: finite triplet edge12/17 coordinate2
PASS: private pure original two-argument oracle parity: finite triplet edge12/18 coordinate2
PASS: private pure original two-argument oracle parity: finite triplet edge12/19 coordinate2
PASS: private pure original two-argument oracle parity: finite triplet edge12 coordinate2 rejects type/nonfinite2
PASS: private pure original two-argument oracle parity: finite triplet edge12 coordinate2 rejects type/nonfinite3
PASS: private pure original two-argument oracle parity: finite triplet edge12 coordinate2 rejects type/nonfinite3
PASS: private pure original two-argument oracle parity: finite triplet edge12 coordinate2 rejects type/nonfinite3
PASS: private pure original two-argument oracle parity: finite scalar pair13/0 including signed zero, subnormals and adjacent normal values
PASS: private pure original two-argument oracle parity: finite scalar pair13/1 including signed zero, subnormals and adjacent normal values
PASS: private pure original two-argument oracle parity: finite scalar pair13/2 including signed zero, subnormals and adjacent normal values
PASS: private pure original two-argument oracle parity: finite scalar pair13/3 including signed zero, subnormals and adjacent normal values
PASS: private pure original two-argument oracle parity: finite scalar pair13/4 including signed zero, subnormals and adjacent normal values
PASS: private pure original two-argument oracle parity: finite scalar pair13/5 including signed zero, subnormals and adjacent normal values
PASS: private pure original two-argument oracle parity: finite scalar pair13/6 including signed zero, subnormals and adjacent normal values
PASS: private pure original two-argument oracle parity: finite scalar pair13/7 including signed zero, subnormals and adjacent normal values
PASS: private pure original two-argument oracle parity: finite scalar pair13/8 including signed zero, subnormals and adjacent normal values
PASS: private pure original two-argument oracle parity: finite scalar pair13/9 including signed zero, subnormals and adjacent normal values
PASS: private pure original two-argument oracle parity: finite scalar pair13/10 including signed zero, subnormals and adjacent normal values
PASS: private pure original two-argument oracle parity: finite scalar pair13/11 including signed zero, subnormals and adjacent normal values
PASS: private pure original two-argument oracle parity: finite scalar pair13/12 including signed zero, subnormals and adjacent normal values
PASS: private pure original two-argument oracle parity: finite scalar pair13/13 including signed zero, subnormals and adjacent normal values
PASS: private pure original two-argument oracle parity: finite scalar pair13/14 including signed zero, subnormals and adjacent normal values
PASS: private pure original two-argument oracle parity: finite scalar pair13/15 including signed zero, subnormals and adjacent normal values
PASS: private pure original two-argument oracle parity: finite scalar pair13/16 including signed zero, subnormals and adjacent normal values
PASS: private pure original two-argument oracle parity: finite scalar pair13/17 including signed zero, subnormals and adjacent normal values
PASS: private pure original two-argument oracle parity: finite scalar pair13/18 including signed zero, subnormals and adjacent normal values
PASS: private pure original two-argument oracle parity: finite scalar pair13/19 including signed zero, subnormals and adjacent normal values
PASS: private pure original two-argument oracle parity: finite scalar13 rejects foreign type/nonfinite value2
PASS: private pure original two-argument oracle parity: finite scalar13 rejects foreign type/nonfinite value2
PASS: private pure original two-argument oracle parity: finite scalar13 rejects foreign type/nonfinite value3
PASS: private pure original two-argument oracle parity: finite scalar13 rejects foreign type/nonfinite value3
PASS: private pure original two-argument oracle parity: finite scalar13 rejects foreign type/nonfinite value3
PASS: private pure original two-argument oracle parity: finite scalar13 rejects foreign type/nonfinite value9
PASS: private pure original two-argument oracle parity: finite scalar13 rejects foreign type/nonfinite value33
PASS: private pure original two-argument oracle parity: finite edge13 at coordinate0 retains typed triplet
PASS: private pure original two-argument oracle parity: finite triplet edge13/0 coordinate0
PASS: private pure original two-argument oracle parity: finite triplet edge13/1 coordinate0
PASS: private pure original two-argument oracle parity: finite triplet edge13/2 coordinate0
PASS: private pure original two-argument oracle parity: finite triplet edge13/3 coordinate0
PASS: private pure original two-argument oracle parity: finite triplet edge13/4 coordinate0
PASS: private pure original two-argument oracle parity: finite triplet edge13/5 coordinate0
PASS: private pure original two-argument oracle parity: finite triplet edge13/6 coordinate0
PASS: private pure original two-argument oracle parity: finite triplet edge13/7 coordinate0
PASS: private pure original two-argument oracle parity: finite triplet edge13/8 coordinate0
PASS: private pure original two-argument oracle parity: finite triplet edge13/9 coordinate0
PASS: private pure original two-argument oracle parity: finite triplet edge13/10 coordinate0
PASS: private pure original two-argument oracle parity: finite triplet edge13/11 coordinate0
PASS: private pure original two-argument oracle parity: finite triplet edge13/12 coordinate0
PASS: private pure original two-argument oracle parity: finite triplet edge13/13 coordinate0
PASS: private pure original two-argument oracle parity: finite triplet edge13/14 coordinate0
PASS: private pure original two-argument oracle parity: finite triplet edge13/15 coordinate0
PASS: private pure original two-argument oracle parity: finite triplet edge13/16 coordinate0
PASS: private pure original two-argument oracle parity: finite triplet edge13/17 coordinate0
PASS: private pure original two-argument oracle parity: finite triplet edge13/18 coordinate0
PASS: private pure original two-argument oracle parity: finite triplet edge13/19 coordinate0
PASS: private pure original two-argument oracle parity: finite triplet edge13 coordinate0 rejects type/nonfinite2
PASS: private pure original two-argument oracle parity: finite triplet edge13 coordinate0 rejects type/nonfinite3
PASS: private pure original two-argument oracle parity: finite triplet edge13 coordinate0 rejects type/nonfinite3
PASS: private pure original two-argument oracle parity: finite triplet edge13 coordinate0 rejects type/nonfinite3
PASS: private pure original two-argument oracle parity: finite edge13 at coordinate1 retains typed triplet
PASS: private pure original two-argument oracle parity: finite triplet edge13/0 coordinate1
PASS: private pure original two-argument oracle parity: finite triplet edge13/1 coordinate1
PASS: private pure original two-argument oracle parity: finite triplet edge13/2 coordinate1
PASS: private pure original two-argument oracle parity: finite triplet edge13/3 coordinate1
PASS: private pure original two-argument oracle parity: finite triplet edge13/4 coordinate1
PASS: private pure original two-argument oracle parity: finite triplet edge13/5 coordinate1
PASS: private pure original two-argument oracle parity: finite triplet edge13/6 coordinate1
PASS: private pure original two-argument oracle parity: finite triplet edge13/7 coordinate1
PASS: private pure original two-argument oracle parity: finite triplet edge13/8 coordinate1
PASS: private pure original two-argument oracle parity: finite triplet edge13/9 coordinate1
PASS: private pure original two-argument oracle parity: finite triplet edge13/10 coordinate1
PASS: private pure original two-argument oracle parity: finite triplet edge13/11 coordinate1
PASS: private pure original two-argument oracle parity: finite triplet edge13/12 coordinate1
PASS: private pure original two-argument oracle parity: finite triplet edge13/13 coordinate1
PASS: private pure original two-argument oracle parity: finite triplet edge13/14 coordinate1
PASS: private pure original two-argument oracle parity: finite triplet edge13/15 coordinate1
PASS: private pure original two-argument oracle parity: finite triplet edge13/16 coordinate1
PASS: private pure original two-argument oracle parity: finite triplet edge13/17 coordinate1
PASS: private pure original two-argument oracle parity: finite triplet edge13/18 coordinate1
PASS: private pure original two-argument oracle parity: finite triplet edge13/19 coordinate1
PASS: private pure original two-argument oracle parity: finite triplet edge13 coordinate1 rejects type/nonfinite2
PASS: private pure original two-argument oracle parity: finite triplet edge13 coordinate1 rejects type/nonfinite3
PASS: private pure original two-argument oracle parity: finite triplet edge13 coordinate1 rejects type/nonfinite3
PASS: private pure original two-argument oracle parity: finite triplet edge13 coordinate1 rejects type/nonfinite3
PASS: private pure original two-argument oracle parity: finite edge13 at coordinate2 retains typed triplet
PASS: private pure original two-argument oracle parity: finite triplet edge13/0 coordinate2
PASS: private pure original two-argument oracle parity: finite triplet edge13/1 coordinate2
PASS: private pure original two-argument oracle parity: finite triplet edge13/2 coordinate2
PASS: private pure original two-argument oracle parity: finite triplet edge13/3 coordinate2
PASS: private pure original two-argument oracle parity: finite triplet edge13/4 coordinate2
PASS: private pure original two-argument oracle parity: finite triplet edge13/5 coordinate2
PASS: private pure original two-argument oracle parity: finite triplet edge13/6 coordinate2
PASS: private pure original two-argument oracle parity: finite triplet edge13/7 coordinate2
PASS: private pure original two-argument oracle parity: finite triplet edge13/8 coordinate2
PASS: private pure original two-argument oracle parity: finite triplet edge13/9 coordinate2
PASS: private pure original two-argument oracle parity: finite triplet edge13/10 coordinate2
PASS: private pure original two-argument oracle parity: finite triplet edge13/11 coordinate2
PASS: private pure original two-argument oracle parity: finite triplet edge13/12 coordinate2
PASS: private pure original two-argument oracle parity: finite triplet edge13/13 coordinate2
PASS: private pure original two-argument oracle parity: finite triplet edge13/14 coordinate2
PASS: private pure original two-argument oracle parity: finite triplet edge13/15 coordinate2
PASS: private pure original two-argument oracle parity: finite triplet edge13/16 coordinate2
PASS: private pure original two-argument oracle parity: finite triplet edge13/17 coordinate2
PASS: private pure original two-argument oracle parity: finite triplet edge13/18 coordinate2
PASS: private pure original two-argument oracle parity: finite triplet edge13/19 coordinate2
PASS: private pure original two-argument oracle parity: finite triplet edge13 coordinate2 rejects type/nonfinite2
PASS: private pure original two-argument oracle parity: finite triplet edge13 coordinate2 rejects type/nonfinite3
PASS: private pure original two-argument oracle parity: finite triplet edge13 coordinate2 rejects type/nonfinite3
PASS: private pure original two-argument oracle parity: finite triplet edge13 coordinate2 rejects type/nonfinite3
PASS: private pure original two-argument oracle parity: finite scalar pair14/0 including signed zero, subnormals and adjacent normal values
PASS: private pure original two-argument oracle parity: finite scalar pair14/1 including signed zero, subnormals and adjacent normal values
PASS: private pure original two-argument oracle parity: finite scalar pair14/2 including signed zero, subnormals and adjacent normal values
PASS: private pure original two-argument oracle parity: finite scalar pair14/3 including signed zero, subnormals and adjacent normal values
PASS: private pure original two-argument oracle parity: finite scalar pair14/4 including signed zero, subnormals and adjacent normal values
PASS: private pure original two-argument oracle parity: finite scalar pair14/5 including signed zero, subnormals and adjacent normal values
PASS: private pure original two-argument oracle parity: finite scalar pair14/6 including signed zero, subnormals and adjacent normal values
PASS: private pure original two-argument oracle parity: finite scalar pair14/7 including signed zero, subnormals and adjacent normal values
PASS: private pure original two-argument oracle parity: finite scalar pair14/8 including signed zero, subnormals and adjacent normal values
PASS: private pure original two-argument oracle parity: finite scalar pair14/9 including signed zero, subnormals and adjacent normal values
PASS: private pure original two-argument oracle parity: finite scalar pair14/10 including signed zero, subnormals and adjacent normal values
PASS: private pure original two-argument oracle parity: finite scalar pair14/11 including signed zero, subnormals and adjacent normal values
PASS: private pure original two-argument oracle parity: finite scalar pair14/12 including signed zero, subnormals and adjacent normal values
PASS: private pure original two-argument oracle parity: finite scalar pair14/13 including signed zero, subnormals and adjacent normal values
PASS: private pure original two-argument oracle parity: finite scalar pair14/14 including signed zero, subnormals and adjacent normal values
PASS: private pure original two-argument oracle parity: finite scalar pair14/15 including signed zero, subnormals and adjacent normal values
PASS: private pure original two-argument oracle parity: finite scalar pair14/16 including signed zero, subnormals and adjacent normal values
PASS: private pure original two-argument oracle parity: finite scalar pair14/17 including signed zero, subnormals and adjacent normal values
PASS: private pure original two-argument oracle parity: finite scalar pair14/18 including signed zero, subnormals and adjacent normal values
PASS: private pure original two-argument oracle parity: finite scalar pair14/19 including signed zero, subnormals and adjacent normal values
PASS: private pure original two-argument oracle parity: finite scalar14 rejects foreign type/nonfinite value2
PASS: private pure original two-argument oracle parity: finite scalar14 rejects foreign type/nonfinite value2
PASS: private pure original two-argument oracle parity: finite scalar14 rejects foreign type/nonfinite value3
PASS: private pure original two-argument oracle parity: finite scalar14 rejects foreign type/nonfinite value3
PASS: private pure original two-argument oracle parity: finite scalar14 rejects foreign type/nonfinite value3
PASS: private pure original two-argument oracle parity: finite scalar14 rejects foreign type/nonfinite value9
PASS: private pure original two-argument oracle parity: finite scalar14 rejects foreign type/nonfinite value33
PASS: private pure original two-argument oracle parity: finite edge14 at coordinate0 retains typed triplet
PASS: private pure original two-argument oracle parity: finite triplet edge14/0 coordinate0
PASS: private pure original two-argument oracle parity: finite triplet edge14/1 coordinate0
PASS: private pure original two-argument oracle parity: finite triplet edge14/2 coordinate0
PASS: private pure original two-argument oracle parity: finite triplet edge14/3 coordinate0
PASS: private pure original two-argument oracle parity: finite triplet edge14/4 coordinate0
PASS: private pure original two-argument oracle parity: finite triplet edge14/5 coordinate0
PASS: private pure original two-argument oracle parity: finite triplet edge14/6 coordinate0
PASS: private pure original two-argument oracle parity: finite triplet edge14/7 coordinate0
PASS: private pure original two-argument oracle parity: finite triplet edge14/8 coordinate0
PASS: private pure original two-argument oracle parity: finite triplet edge14/9 coordinate0
PASS: private pure original two-argument oracle parity: finite triplet edge14/10 coordinate0
PASS: private pure original two-argument oracle parity: finite triplet edge14/11 coordinate0
PASS: private pure original two-argument oracle parity: finite triplet edge14/12 coordinate0
PASS: private pure original two-argument oracle parity: finite triplet edge14/13 coordinate0
PASS: private pure original two-argument oracle parity: finite triplet edge14/14 coordinate0
PASS: private pure original two-argument oracle parity: finite triplet edge14/15 coordinate0
PASS: private pure original two-argument oracle parity: finite triplet edge14/16 coordinate0
PASS: private pure original two-argument oracle parity: finite triplet edge14/17 coordinate0
PASS: private pure original two-argument oracle parity: finite triplet edge14/18 coordinate0
PASS: private pure original two-argument oracle parity: finite triplet edge14/19 coordinate0
PASS: private pure original two-argument oracle parity: finite triplet edge14 coordinate0 rejects type/nonfinite2
PASS: private pure original two-argument oracle parity: finite triplet edge14 coordinate0 rejects type/nonfinite3
PASS: private pure original two-argument oracle parity: finite triplet edge14 coordinate0 rejects type/nonfinite3
PASS: private pure original two-argument oracle parity: finite triplet edge14 coordinate0 rejects type/nonfinite3
PASS: private pure original two-argument oracle parity: finite edge14 at coordinate1 retains typed triplet
PASS: private pure original two-argument oracle parity: finite triplet edge14/0 coordinate1
PASS: private pure original two-argument oracle parity: finite triplet edge14/1 coordinate1
PASS: private pure original two-argument oracle parity: finite triplet edge14/2 coordinate1
PASS: private pure original two-argument oracle parity: finite triplet edge14/3 coordinate1
PASS: private pure original two-argument oracle parity: finite triplet edge14/4 coordinate1
PASS: private pure original two-argument oracle parity: finite triplet edge14/5 coordinate1
PASS: private pure original two-argument oracle parity: finite triplet edge14/6 coordinate1
PASS: private pure original two-argument oracle parity: finite triplet edge14/7 coordinate1
PASS: private pure original two-argument oracle parity: finite triplet edge14/8 coordinate1
PASS: private pure original two-argument oracle parity: finite triplet edge14/9 coordinate1
PASS: private pure original two-argument oracle parity: finite triplet edge14/10 coordinate1
PASS: private pure original two-argument oracle parity: finite triplet edge14/11 coordinate1
PASS: private pure original two-argument oracle parity: finite triplet edge14/12 coordinate1
PASS: private pure original two-argument oracle parity: finite triplet edge14/13 coordinate1
PASS: private pure original two-argument oracle parity: finite triplet edge14/14 coordinate1
PASS: private pure original two-argument oracle parity: finite triplet edge14/15 coordinate1
PASS: private pure original two-argument oracle parity: finite triplet edge14/16 coordinate1
PASS: private pure original two-argument oracle parity: finite triplet edge14/17 coordinate1
PASS: private pure original two-argument oracle parity: finite triplet edge14/18 coordinate1
PASS: private pure original two-argument oracle parity: finite triplet edge14/19 coordinate1
PASS: private pure original two-argument oracle parity: finite triplet edge14 coordinate1 rejects type/nonfinite2
PASS: private pure original two-argument oracle parity: finite triplet edge14 coordinate1 rejects type/nonfinite3
PASS: private pure original two-argument oracle parity: finite triplet edge14 coordinate1 rejects type/nonfinite3
PASS: private pure original two-argument oracle parity: finite triplet edge14 coordinate1 rejects type/nonfinite3
PASS: private pure original two-argument oracle parity: finite edge14 at coordinate2 retains typed triplet
PASS: private pure original two-argument oracle parity: finite triplet edge14/0 coordinate2
PASS: private pure original two-argument oracle parity: finite triplet edge14/1 coordinate2
PASS: private pure original two-argument oracle parity: finite triplet edge14/2 coordinate2
PASS: private pure original two-argument oracle parity: finite triplet edge14/3 coordinate2
PASS: private pure original two-argument oracle parity: finite triplet edge14/4 coordinate2
PASS: private pure original two-argument oracle parity: finite triplet edge14/5 coordinate2
PASS: private pure original two-argument oracle parity: finite triplet edge14/6 coordinate2
PASS: private pure original two-argument oracle parity: finite triplet edge14/7 coordinate2
PASS: private pure original two-argument oracle parity: finite triplet edge14/8 coordinate2
PASS: private pure original two-argument oracle parity: finite triplet edge14/9 coordinate2
PASS: private pure original two-argument oracle parity: finite triplet edge14/10 coordinate2
PASS: private pure original two-argument oracle parity: finite triplet edge14/11 coordinate2
PASS: private pure original two-argument oracle parity: finite triplet edge14/12 coordinate2
PASS: private pure original two-argument oracle parity: finite triplet edge14/13 coordinate2
PASS: private pure original two-argument oracle parity: finite triplet edge14/14 coordinate2
PASS: private pure original two-argument oracle parity: finite triplet edge14/15 coordinate2
PASS: private pure original two-argument oracle parity: finite triplet edge14/16 coordinate2
PASS: private pure original two-argument oracle parity: finite triplet edge14/17 coordinate2
PASS: private pure original two-argument oracle parity: finite triplet edge14/18 coordinate2
PASS: private pure original two-argument oracle parity: finite triplet edge14/19 coordinate2
PASS: private pure original two-argument oracle parity: finite triplet edge14 coordinate2 rejects type/nonfinite2
PASS: private pure original two-argument oracle parity: finite triplet edge14 coordinate2 rejects type/nonfinite3
PASS: private pure original two-argument oracle parity: finite triplet edge14 coordinate2 rejects type/nonfinite3
PASS: private pure original two-argument oracle parity: finite triplet edge14 coordinate2 rejects type/nonfinite3
PASS: private pure original two-argument oracle parity: finite scalar pair15/0 including signed zero, subnormals and adjacent normal values
PASS: private pure original two-argument oracle parity: finite scalar pair15/1 including signed zero, subnormals and adjacent normal values
PASS: private pure original two-argument oracle parity: finite scalar pair15/2 including signed zero, subnormals and adjacent normal values
PASS: private pure original two-argument oracle parity: finite scalar pair15/3 including signed zero, subnormals and adjacent normal values
PASS: private pure original two-argument oracle parity: finite scalar pair15/4 including signed zero, subnormals and adjacent normal values
PASS: private pure original two-argument oracle parity: finite scalar pair15/5 including signed zero, subnormals and adjacent normal values
PASS: private pure original two-argument oracle parity: finite scalar pair15/6 including signed zero, subnormals and adjacent normal values
PASS: private pure original two-argument oracle parity: finite scalar pair15/7 including signed zero, subnormals and adjacent normal values
PASS: private pure original two-argument oracle parity: finite scalar pair15/8 including signed zero, subnormals and adjacent normal values
PASS: private pure original two-argument oracle parity: finite scalar pair15/9 including signed zero, subnormals and adjacent normal values
PASS: private pure original two-argument oracle parity: finite scalar pair15/10 including signed zero, subnormals and adjacent normal values
PASS: private pure original two-argument oracle parity: finite scalar pair15/11 including signed zero, subnormals and adjacent normal values
PASS: private pure original two-argument oracle parity: finite scalar pair15/12 including signed zero, subnormals and adjacent normal values
PASS: private pure original two-argument oracle parity: finite scalar pair15/13 including signed zero, subnormals and adjacent normal values
PASS: private pure original two-argument oracle parity: finite scalar pair15/14 including signed zero, subnormals and adjacent normal values
PASS: private pure original two-argument oracle parity: finite scalar pair15/15 including signed zero, subnormals and adjacent normal values
PASS: private pure original two-argument oracle parity: finite scalar pair15/16 including signed zero, subnormals and adjacent normal values
PASS: private pure original two-argument oracle parity: finite scalar pair15/17 including signed zero, subnormals and adjacent normal values
PASS: private pure original two-argument oracle parity: finite scalar pair15/18 including signed zero, subnormals and adjacent normal values
PASS: private pure original two-argument oracle parity: finite scalar pair15/19 including signed zero, subnormals and adjacent normal values
PASS: private pure original two-argument oracle parity: finite scalar15 rejects foreign type/nonfinite value2
PASS: private pure original two-argument oracle parity: finite scalar15 rejects foreign type/nonfinite value2
PASS: private pure original two-argument oracle parity: finite scalar15 rejects foreign type/nonfinite value3
PASS: private pure original two-argument oracle parity: finite scalar15 rejects foreign type/nonfinite value3
PASS: private pure original two-argument oracle parity: finite scalar15 rejects foreign type/nonfinite value3
PASS: private pure original two-argument oracle parity: finite scalar15 rejects foreign type/nonfinite value9
PASS: private pure original two-argument oracle parity: finite scalar15 rejects foreign type/nonfinite value33
PASS: private pure original two-argument oracle parity: finite edge15 at coordinate0 retains typed triplet
PASS: private pure original two-argument oracle parity: finite triplet edge15/0 coordinate0
PASS: private pure original two-argument oracle parity: finite triplet edge15/1 coordinate0
PASS: private pure original two-argument oracle parity: finite triplet edge15/2 coordinate0
PASS: private pure original two-argument oracle parity: finite triplet edge15/3 coordinate0
PASS: private pure original two-argument oracle parity: finite triplet edge15/4 coordinate0
PASS: private pure original two-argument oracle parity: finite triplet edge15/5 coordinate0
PASS: private pure original two-argument oracle parity: finite triplet edge15/6 coordinate0
PASS: private pure original two-argument oracle parity: finite triplet edge15/7 coordinate0
PASS: private pure original two-argument oracle parity: finite triplet edge15/8 coordinate0
PASS: private pure original two-argument oracle parity: finite triplet edge15/9 coordinate0
PASS: private pure original two-argument oracle parity: finite triplet edge15/10 coordinate0
PASS: private pure original two-argument oracle parity: finite triplet edge15/11 coordinate0
PASS: private pure original two-argument oracle parity: finite triplet edge15/12 coordinate0
PASS: private pure original two-argument oracle parity: finite triplet edge15/13 coordinate0
PASS: private pure original two-argument oracle parity: finite triplet edge15/14 coordinate0
PASS: private pure original two-argument oracle parity: finite triplet edge15/15 coordinate0
PASS: private pure original two-argument oracle parity: finite triplet edge15/16 coordinate0
PASS: private pure original two-argument oracle parity: finite triplet edge15/17 coordinate0
PASS: private pure original two-argument oracle parity: finite triplet edge15/18 coordinate0
PASS: private pure original two-argument oracle parity: finite triplet edge15/19 coordinate0
PASS: private pure original two-argument oracle parity: finite triplet edge15 coordinate0 rejects type/nonfinite2
PASS: private pure original two-argument oracle parity: finite triplet edge15 coordinate0 rejects type/nonfinite3
PASS: private pure original two-argument oracle parity: finite triplet edge15 coordinate0 rejects type/nonfinite3
PASS: private pure original two-argument oracle parity: finite triplet edge15 coordinate0 rejects type/nonfinite3
PASS: private pure original two-argument oracle parity: finite edge15 at coordinate1 retains typed triplet
PASS: private pure original two-argument oracle parity: finite triplet edge15/0 coordinate1
PASS: private pure original two-argument oracle parity: finite triplet edge15/1 coordinate1
PASS: private pure original two-argument oracle parity: finite triplet edge15/2 coordinate1
PASS: private pure original two-argument oracle parity: finite triplet edge15/3 coordinate1
PASS: private pure original two-argument oracle parity: finite triplet edge15/4 coordinate1
PASS: private pure original two-argument oracle parity: finite triplet edge15/5 coordinate1
PASS: private pure original two-argument oracle parity: finite triplet edge15/6 coordinate1
PASS: private pure original two-argument oracle parity: finite triplet edge15/7 coordinate1
PASS: private pure original two-argument oracle parity: finite triplet edge15/8 coordinate1
PASS: private pure original two-argument oracle parity: finite triplet edge15/9 coordinate1
PASS: private pure original two-argument oracle parity: finite triplet edge15/10 coordinate1
PASS: private pure original two-argument oracle parity: finite triplet edge15/11 coordinate1
PASS: private pure original two-argument oracle parity: finite triplet edge15/12 coordinate1
PASS: private pure original two-argument oracle parity: finite triplet edge15/13 coordinate1
PASS: private pure original two-argument oracle parity: finite triplet edge15/14 coordinate1
PASS: private pure original two-argument oracle parity: finite triplet edge15/15 coordinate1
PASS: private pure original two-argument oracle parity: finite triplet edge15/16 coordinate1
PASS: private pure original two-argument oracle parity: finite triplet edge15/17 coordinate1
PASS: private pure original two-argument oracle parity: finite triplet edge15/18 coordinate1
PASS: private pure original two-argument oracle parity: finite triplet edge15/19 coordinate1
PASS: private pure original two-argument oracle parity: finite triplet edge15 coordinate1 rejects type/nonfinite2
PASS: private pure original two-argument oracle parity: finite triplet edge15 coordinate1 rejects type/nonfinite3
PASS: private pure original two-argument oracle parity: finite triplet edge15 coordinate1 rejects type/nonfinite3
PASS: private pure original two-argument oracle parity: finite triplet edge15 coordinate1 rejects type/nonfinite3
PASS: private pure original two-argument oracle parity: finite edge15 at coordinate2 retains typed triplet
PASS: private pure original two-argument oracle parity: finite triplet edge15/0 coordinate2
PASS: private pure original two-argument oracle parity: finite triplet edge15/1 coordinate2
PASS: private pure original two-argument oracle parity: finite triplet edge15/2 coordinate2
PASS: private pure original two-argument oracle parity: finite triplet edge15/3 coordinate2
PASS: private pure original two-argument oracle parity: finite triplet edge15/4 coordinate2
PASS: private pure original two-argument oracle parity: finite triplet edge15/5 coordinate2
PASS: private pure original two-argument oracle parity: finite triplet edge15/6 coordinate2
PASS: private pure original two-argument oracle parity: finite triplet edge15/7 coordinate2
PASS: private pure original two-argument oracle parity: finite triplet edge15/8 coordinate2
PASS: private pure original two-argument oracle parity: finite triplet edge15/9 coordinate2
PASS: private pure original two-argument oracle parity: finite triplet edge15/10 coordinate2
PASS: private pure original two-argument oracle parity: finite triplet edge15/11 coordinate2
PASS: private pure original two-argument oracle parity: finite triplet edge15/12 coordinate2
PASS: private pure original two-argument oracle parity: finite triplet edge15/13 coordinate2
PASS: private pure original two-argument oracle parity: finite triplet edge15/14 coordinate2
PASS: private pure original two-argument oracle parity: finite triplet edge15/15 coordinate2
PASS: private pure original two-argument oracle parity: finite triplet edge15/16 coordinate2
PASS: private pure original two-argument oracle parity: finite triplet edge15/17 coordinate2
PASS: private pure original two-argument oracle parity: finite triplet edge15/18 coordinate2
PASS: private pure original two-argument oracle parity: finite triplet edge15/19 coordinate2
PASS: private pure original two-argument oracle parity: finite triplet edge15 coordinate2 rejects type/nonfinite2
PASS: private pure original two-argument oracle parity: finite triplet edge15 coordinate2 rejects type/nonfinite3
PASS: private pure original two-argument oracle parity: finite triplet edge15 coordinate2 rejects type/nonfinite3
PASS: private pure original two-argument oracle parity: finite triplet edge15 coordinate2 rejects type/nonfinite3
PASS: private pure original two-argument oracle parity: finite scalar pair16/0 including signed zero, subnormals and adjacent normal values
PASS: private pure original two-argument oracle parity: finite scalar pair16/1 including signed zero, subnormals and adjacent normal values
PASS: private pure original two-argument oracle parity: finite scalar pair16/2 including signed zero, subnormals and adjacent normal values
PASS: private pure original two-argument oracle parity: finite scalar pair16/3 including signed zero, subnormals and adjacent normal values
PASS: private pure original two-argument oracle parity: finite scalar pair16/4 including signed zero, subnormals and adjacent normal values
PASS: private pure original two-argument oracle parity: finite scalar pair16/5 including signed zero, subnormals and adjacent normal values
PASS: private pure original two-argument oracle parity: finite scalar pair16/6 including signed zero, subnormals and adjacent normal values
PASS: private pure original two-argument oracle parity: finite scalar pair16/7 including signed zero, subnormals and adjacent normal values
PASS: private pure original two-argument oracle parity: finite scalar pair16/8 including signed zero, subnormals and adjacent normal values
PASS: private pure original two-argument oracle parity: finite scalar pair16/9 including signed zero, subnormals and adjacent normal values
PASS: private pure original two-argument oracle parity: finite scalar pair16/10 including signed zero, subnormals and adjacent normal values
PASS: private pure original two-argument oracle parity: finite scalar pair16/11 including signed zero, subnormals and adjacent normal values
PASS: private pure original two-argument oracle parity: finite scalar pair16/12 including signed zero, subnormals and adjacent normal values
PASS: private pure original two-argument oracle parity: finite scalar pair16/13 including signed zero, subnormals and adjacent normal values
PASS: private pure original two-argument oracle parity: finite scalar pair16/14 including signed zero, subnormals and adjacent normal values
PASS: private pure original two-argument oracle parity: finite scalar pair16/15 including signed zero, subnormals and adjacent normal values
PASS: private pure original two-argument oracle parity: finite scalar pair16/16 including signed zero, subnormals and adjacent normal values
PASS: private pure original two-argument oracle parity: finite scalar pair16/17 including signed zero, subnormals and adjacent normal values
PASS: private pure original two-argument oracle parity: finite scalar pair16/18 including signed zero, subnormals and adjacent normal values
PASS: private pure original two-argument oracle parity: finite scalar pair16/19 including signed zero, subnormals and adjacent normal values
PASS: private pure original two-argument oracle parity: finite scalar16 rejects foreign type/nonfinite value2
PASS: private pure original two-argument oracle parity: finite scalar16 rejects foreign type/nonfinite value2
PASS: private pure original two-argument oracle parity: finite scalar16 rejects foreign type/nonfinite value3
PASS: private pure original two-argument oracle parity: finite scalar16 rejects foreign type/nonfinite value3
PASS: private pure original two-argument oracle parity: finite scalar16 rejects foreign type/nonfinite value3
PASS: private pure original two-argument oracle parity: finite scalar16 rejects foreign type/nonfinite value9
PASS: private pure original two-argument oracle parity: finite scalar16 rejects foreign type/nonfinite value33
PASS: private pure original two-argument oracle parity: finite edge16 at coordinate0 retains typed triplet
PASS: private pure original two-argument oracle parity: finite triplet edge16/0 coordinate0
PASS: private pure original two-argument oracle parity: finite triplet edge16/1 coordinate0
PASS: private pure original two-argument oracle parity: finite triplet edge16/2 coordinate0
PASS: private pure original two-argument oracle parity: finite triplet edge16/3 coordinate0
PASS: private pure original two-argument oracle parity: finite triplet edge16/4 coordinate0
PASS: private pure original two-argument oracle parity: finite triplet edge16/5 coordinate0
PASS: private pure original two-argument oracle parity: finite triplet edge16/6 coordinate0
PASS: private pure original two-argument oracle parity: finite triplet edge16/7 coordinate0
PASS: private pure original two-argument oracle parity: finite triplet edge16/8 coordinate0
PASS: private pure original two-argument oracle parity: finite triplet edge16/9 coordinate0
PASS: private pure original two-argument oracle parity: finite triplet edge16/10 coordinate0
PASS: private pure original two-argument oracle parity: finite triplet edge16/11 coordinate0
PASS: private pure original two-argument oracle parity: finite triplet edge16/12 coordinate0
PASS: private pure original two-argument oracle parity: finite triplet edge16/13 coordinate0
PASS: private pure original two-argument oracle parity: finite triplet edge16/14 coordinate0
PASS: private pure original two-argument oracle parity: finite triplet edge16/15 coordinate0
PASS: private pure original two-argument oracle parity: finite triplet edge16/16 coordinate0
PASS: private pure original two-argument oracle parity: finite triplet edge16/17 coordinate0
PASS: private pure original two-argument oracle parity: finite triplet edge16/18 coordinate0
PASS: private pure original two-argument oracle parity: finite triplet edge16/19 coordinate0
PASS: private pure original two-argument oracle parity: finite triplet edge16 coordinate0 rejects type/nonfinite2
PASS: private pure original two-argument oracle parity: finite triplet edge16 coordinate0 rejects type/nonfinite3
PASS: private pure original two-argument oracle parity: finite triplet edge16 coordinate0 rejects type/nonfinite3
PASS: private pure original two-argument oracle parity: finite triplet edge16 coordinate0 rejects type/nonfinite3
PASS: private pure original two-argument oracle parity: finite edge16 at coordinate1 retains typed triplet
PASS: private pure original two-argument oracle parity: finite triplet edge16/0 coordinate1
PASS: private pure original two-argument oracle parity: finite triplet edge16/1 coordinate1
PASS: private pure original two-argument oracle parity: finite triplet edge16/2 coordinate1
PASS: private pure original two-argument oracle parity: finite triplet edge16/3 coordinate1
PASS: private pure original two-argument oracle parity: finite triplet edge16/4 coordinate1
PASS: private pure original two-argument oracle parity: finite triplet edge16/5 coordinate1
PASS: private pure original two-argument oracle parity: finite triplet edge16/6 coordinate1
PASS: private pure original two-argument oracle parity: finite triplet edge16/7 coordinate1
PASS: private pure original two-argument oracle parity: finite triplet edge16/8 coordinate1
PASS: private pure original two-argument oracle parity: finite triplet edge16/9 coordinate1
PASS: private pure original two-argument oracle parity: finite triplet edge16/10 coordinate1
PASS: private pure original two-argument oracle parity: finite triplet edge16/11 coordinate1
PASS: private pure original two-argument oracle parity: finite triplet edge16/12 coordinate1
PASS: private pure original two-argument oracle parity: finite triplet edge16/13 coordinate1
PASS: private pure original two-argument oracle parity: finite triplet edge16/14 coordinate1
PASS: private pure original two-argument oracle parity: finite triplet edge16/15 coordinate1
PASS: private pure original two-argument oracle parity: finite triplet edge16/16 coordinate1
PASS: private pure original two-argument oracle parity: finite triplet edge16/17 coordinate1
PASS: private pure original two-argument oracle parity: finite triplet edge16/18 coordinate1
PASS: private pure original two-argument oracle parity: finite triplet edge16/19 coordinate1
PASS: private pure original two-argument oracle parity: finite triplet edge16 coordinate1 rejects type/nonfinite2
PASS: private pure original two-argument oracle parity: finite triplet edge16 coordinate1 rejects type/nonfinite3
PASS: private pure original two-argument oracle parity: finite triplet edge16 coordinate1 rejects type/nonfinite3
PASS: private pure original two-argument oracle parity: finite triplet edge16 coordinate1 rejects type/nonfinite3
PASS: private pure original two-argument oracle parity: finite edge16 at coordinate2 retains typed triplet
PASS: private pure original two-argument oracle parity: finite triplet edge16/0 coordinate2
PASS: private pure original two-argument oracle parity: finite triplet edge16/1 coordinate2
PASS: private pure original two-argument oracle parity: finite triplet edge16/2 coordinate2
PASS: private pure original two-argument oracle parity: finite triplet edge16/3 coordinate2
PASS: private pure original two-argument oracle parity: finite triplet edge16/4 coordinate2
PASS: private pure original two-argument oracle parity: finite triplet edge16/5 coordinate2
PASS: private pure original two-argument oracle parity: finite triplet edge16/6 coordinate2
PASS: private pure original two-argument oracle parity: finite triplet edge16/7 coordinate2
PASS: private pure original two-argument oracle parity: finite triplet edge16/8 coordinate2
PASS: private pure original two-argument oracle parity: finite triplet edge16/9 coordinate2
PASS: private pure original two-argument oracle parity: finite triplet edge16/10 coordinate2
PASS: private pure original two-argument oracle parity: finite triplet edge16/11 coordinate2
PASS: private pure original two-argument oracle parity: finite triplet edge16/12 coordinate2
PASS: private pure original two-argument oracle parity: finite triplet edge16/13 coordinate2
PASS: private pure original two-argument oracle parity: finite triplet edge16/14 coordinate2
PASS: private pure original two-argument oracle parity: finite triplet edge16/15 coordinate2
PASS: private pure original two-argument oracle parity: finite triplet edge16/16 coordinate2
PASS: private pure original two-argument oracle parity: finite triplet edge16/17 coordinate2
PASS: private pure original two-argument oracle parity: finite triplet edge16/18 coordinate2
PASS: private pure original two-argument oracle parity: finite triplet edge16/19 coordinate2
PASS: private pure original two-argument oracle parity: finite triplet edge16 coordinate2 rejects type/nonfinite2
PASS: private pure original two-argument oracle parity: finite triplet edge16 coordinate2 rejects type/nonfinite3
PASS: private pure original two-argument oracle parity: finite triplet edge16 coordinate2 rejects type/nonfinite3
PASS: private pure original two-argument oracle parity: finite triplet edge16 coordinate2 rejects type/nonfinite3
PASS: private pure original two-argument oracle parity: finite scalar pair17/0 including signed zero, subnormals and adjacent normal values
PASS: private pure original two-argument oracle parity: finite scalar pair17/1 including signed zero, subnormals and adjacent normal values
PASS: private pure original two-argument oracle parity: finite scalar pair17/2 including signed zero, subnormals and adjacent normal values
PASS: private pure original two-argument oracle parity: finite scalar pair17/3 including signed zero, subnormals and adjacent normal values
PASS: private pure original two-argument oracle parity: finite scalar pair17/4 including signed zero, subnormals and adjacent normal values
PASS: private pure original two-argument oracle parity: finite scalar pair17/5 including signed zero, subnormals and adjacent normal values
PASS: private pure original two-argument oracle parity: finite scalar pair17/6 including signed zero, subnormals and adjacent normal values
PASS: private pure original two-argument oracle parity: finite scalar pair17/7 including signed zero, subnormals and adjacent normal values
PASS: private pure original two-argument oracle parity: finite scalar pair17/8 including signed zero, subnormals and adjacent normal values
PASS: private pure original two-argument oracle parity: finite scalar pair17/9 including signed zero, subnormals and adjacent normal values
PASS: private pure original two-argument oracle parity: finite scalar pair17/10 including signed zero, subnormals and adjacent normal values
PASS: private pure original two-argument oracle parity: finite scalar pair17/11 including signed zero, subnormals and adjacent normal values
PASS: private pure original two-argument oracle parity: finite scalar pair17/12 including signed zero, subnormals and adjacent normal values
PASS: private pure original two-argument oracle parity: finite scalar pair17/13 including signed zero, subnormals and adjacent normal values
PASS: private pure original two-argument oracle parity: finite scalar pair17/14 including signed zero, subnormals and adjacent normal values
PASS: private pure original two-argument oracle parity: finite scalar pair17/15 including signed zero, subnormals and adjacent normal values
PASS: private pure original two-argument oracle parity: finite scalar pair17/16 including signed zero, subnormals and adjacent normal values
PASS: private pure original two-argument oracle parity: finite scalar pair17/17 including signed zero, subnormals and adjacent normal values
PASS: private pure original two-argument oracle parity: finite scalar pair17/18 including signed zero, subnormals and adjacent normal values
PASS: private pure original two-argument oracle parity: finite scalar pair17/19 including signed zero, subnormals and adjacent normal values
PASS: private pure original two-argument oracle parity: finite scalar17 rejects foreign type/nonfinite value2
PASS: private pure original two-argument oracle parity: finite scalar17 rejects foreign type/nonfinite value2
PASS: private pure original two-argument oracle parity: finite scalar17 rejects foreign type/nonfinite value3
PASS: private pure original two-argument oracle parity: finite scalar17 rejects foreign type/nonfinite value3
PASS: private pure original two-argument oracle parity: finite scalar17 rejects foreign type/nonfinite value3
PASS: private pure original two-argument oracle parity: finite scalar17 rejects foreign type/nonfinite value9
PASS: private pure original two-argument oracle parity: finite scalar17 rejects foreign type/nonfinite value33
PASS: private pure original two-argument oracle parity: finite edge17 at coordinate0 retains typed triplet
PASS: private pure original two-argument oracle parity: finite triplet edge17/0 coordinate0
PASS: private pure original two-argument oracle parity: finite triplet edge17/1 coordinate0
PASS: private pure original two-argument oracle parity: finite triplet edge17/2 coordinate0
PASS: private pure original two-argument oracle parity: finite triplet edge17/3 coordinate0
PASS: private pure original two-argument oracle parity: finite triplet edge17/4 coordinate0
PASS: private pure original two-argument oracle parity: finite triplet edge17/5 coordinate0
PASS: private pure original two-argument oracle parity: finite triplet edge17/6 coordinate0
PASS: private pure original two-argument oracle parity: finite triplet edge17/7 coordinate0
PASS: private pure original two-argument oracle parity: finite triplet edge17/8 coordinate0
PASS: private pure original two-argument oracle parity: finite triplet edge17/9 coordinate0
PASS: private pure original two-argument oracle parity: finite triplet edge17/10 coordinate0
PASS: private pure original two-argument oracle parity: finite triplet edge17/11 coordinate0
PASS: private pure original two-argument oracle parity: finite triplet edge17/12 coordinate0
PASS: private pure original two-argument oracle parity: finite triplet edge17/13 coordinate0
PASS: private pure original two-argument oracle parity: finite triplet edge17/14 coordinate0
PASS: private pure original two-argument oracle parity: finite triplet edge17/15 coordinate0
PASS: private pure original two-argument oracle parity: finite triplet edge17/16 coordinate0
PASS: private pure original two-argument oracle parity: finite triplet edge17/17 coordinate0
PASS: private pure original two-argument oracle parity: finite triplet edge17/18 coordinate0
PASS: private pure original two-argument oracle parity: finite triplet edge17/19 coordinate0
PASS: private pure original two-argument oracle parity: finite triplet edge17 coordinate0 rejects type/nonfinite2
PASS: private pure original two-argument oracle parity: finite triplet edge17 coordinate0 rejects type/nonfinite3
PASS: private pure original two-argument oracle parity: finite triplet edge17 coordinate0 rejects type/nonfinite3
PASS: private pure original two-argument oracle parity: finite triplet edge17 coordinate0 rejects type/nonfinite3
PASS: private pure original two-argument oracle parity: finite edge17 at coordinate1 retains typed triplet
PASS: private pure original two-argument oracle parity: finite triplet edge17/0 coordinate1
PASS: private pure original two-argument oracle parity: finite triplet edge17/1 coordinate1
PASS: private pure original two-argument oracle parity: finite triplet edge17/2 coordinate1
PASS: private pure original two-argument oracle parity: finite triplet edge17/3 coordinate1
PASS: private pure original two-argument oracle parity: finite triplet edge17/4 coordinate1
PASS: private pure original two-argument oracle parity: finite triplet edge17/5 coordinate1
PASS: private pure original two-argument oracle parity: finite triplet edge17/6 coordinate1
PASS: private pure original two-argument oracle parity: finite triplet edge17/7 coordinate1
PASS: private pure original two-argument oracle parity: finite triplet edge17/8 coordinate1
PASS: private pure original two-argument oracle parity: finite triplet edge17/9 coordinate1
PASS: private pure original two-argument oracle parity: finite triplet edge17/10 coordinate1
PASS: private pure original two-argument oracle parity: finite triplet edge17/11 coordinate1
PASS: private pure original two-argument oracle parity: finite triplet edge17/12 coordinate1
PASS: private pure original two-argument oracle parity: finite triplet edge17/13 coordinate1
PASS: private pure original two-argument oracle parity: finite triplet edge17/14 coordinate1
PASS: private pure original two-argument oracle parity: finite triplet edge17/15 coordinate1
PASS: private pure original two-argument oracle parity: finite triplet edge17/16 coordinate1
PASS: private pure original two-argument oracle parity: finite triplet edge17/17 coordinate1
PASS: private pure original two-argument oracle parity: finite triplet edge17/18 coordinate1
PASS: private pure original two-argument oracle parity: finite triplet edge17/19 coordinate1
PASS: private pure original two-argument oracle parity: finite triplet edge17 coordinate1 rejects type/nonfinite2
PASS: private pure original two-argument oracle parity: finite triplet edge17 coordinate1 rejects type/nonfinite3
PASS: private pure original two-argument oracle parity: finite triplet edge17 coordinate1 rejects type/nonfinite3
PASS: private pure original two-argument oracle parity: finite triplet edge17 coordinate1 rejects type/nonfinite3
PASS: private pure original two-argument oracle parity: finite edge17 at coordinate2 retains typed triplet
PASS: private pure original two-argument oracle parity: finite triplet edge17/0 coordinate2
PASS: private pure original two-argument oracle parity: finite triplet edge17/1 coordinate2
PASS: private pure original two-argument oracle parity: finite triplet edge17/2 coordinate2
PASS: private pure original two-argument oracle parity: finite triplet edge17/3 coordinate2
PASS: private pure original two-argument oracle parity: finite triplet edge17/4 coordinate2
PASS: private pure original two-argument oracle parity: finite triplet edge17/5 coordinate2
PASS: private pure original two-argument oracle parity: finite triplet edge17/6 coordinate2
PASS: private pure original two-argument oracle parity: finite triplet edge17/7 coordinate2
PASS: private pure original two-argument oracle parity: finite triplet edge17/8 coordinate2
PASS: private pure original two-argument oracle parity: finite triplet edge17/9 coordinate2
PASS: private pure original two-argument oracle parity: finite triplet edge17/10 coordinate2
PASS: private pure original two-argument oracle parity: finite triplet edge17/11 coordinate2
PASS: private pure original two-argument oracle parity: finite triplet edge17/12 coordinate2
PASS: private pure original two-argument oracle parity: finite triplet edge17/13 coordinate2
PASS: private pure original two-argument oracle parity: finite triplet edge17/14 coordinate2
PASS: private pure original two-argument oracle parity: finite triplet edge17/15 coordinate2
PASS: private pure original two-argument oracle parity: finite triplet edge17/16 coordinate2
PASS: private pure original two-argument oracle parity: finite triplet edge17/17 coordinate2
PASS: private pure original two-argument oracle parity: finite triplet edge17/18 coordinate2
PASS: private pure original two-argument oracle parity: finite triplet edge17/19 coordinate2
PASS: private pure original two-argument oracle parity: finite triplet edge17 coordinate2 rejects type/nonfinite2
PASS: private pure original two-argument oracle parity: finite triplet edge17 coordinate2 rejects type/nonfinite3
PASS: private pure original two-argument oracle parity: finite triplet edge17 coordinate2 rejects type/nonfinite3
PASS: private pure original two-argument oracle parity: finite triplet edge17 coordinate2 rejects type/nonfinite3
PASS: private pure original two-argument oracle parity: finite scalar pair18/0 including signed zero, subnormals and adjacent normal values
PASS: private pure original two-argument oracle parity: finite scalar pair18/1 including signed zero, subnormals and adjacent normal values
PASS: private pure original two-argument oracle parity: finite scalar pair18/2 including signed zero, subnormals and adjacent normal values
PASS: private pure original two-argument oracle parity: finite scalar pair18/3 including signed zero, subnormals and adjacent normal values
PASS: private pure original two-argument oracle parity: finite scalar pair18/4 including signed zero, subnormals and adjacent normal values
PASS: private pure original two-argument oracle parity: finite scalar pair18/5 including signed zero, subnormals and adjacent normal values
PASS: private pure original two-argument oracle parity: finite scalar pair18/6 including signed zero, subnormals and adjacent normal values
PASS: private pure original two-argument oracle parity: finite scalar pair18/7 including signed zero, subnormals and adjacent normal values
PASS: private pure original two-argument oracle parity: finite scalar pair18/8 including signed zero, subnormals and adjacent normal values
PASS: private pure original two-argument oracle parity: finite scalar pair18/9 including signed zero, subnormals and adjacent normal values
PASS: private pure original two-argument oracle parity: finite scalar pair18/10 including signed zero, subnormals and adjacent normal values
PASS: private pure original two-argument oracle parity: finite scalar pair18/11 including signed zero, subnormals and adjacent normal values
PASS: private pure original two-argument oracle parity: finite scalar pair18/12 including signed zero, subnormals and adjacent normal values
PASS: private pure original two-argument oracle parity: finite scalar pair18/13 including signed zero, subnormals and adjacent normal values
PASS: private pure original two-argument oracle parity: finite scalar pair18/14 including signed zero, subnormals and adjacent normal values
PASS: private pure original two-argument oracle parity: finite scalar pair18/15 including signed zero, subnormals and adjacent normal values
PASS: private pure original two-argument oracle parity: finite scalar pair18/16 including signed zero, subnormals and adjacent normal values
PASS: private pure original two-argument oracle parity: finite scalar pair18/17 including signed zero, subnormals and adjacent normal values
PASS: private pure original two-argument oracle parity: finite scalar pair18/18 including signed zero, subnormals and adjacent normal values
PASS: private pure original two-argument oracle parity: finite scalar pair18/19 including signed zero, subnormals and adjacent normal values
PASS: private pure original two-argument oracle parity: finite scalar18 rejects foreign type/nonfinite value2
PASS: private pure original two-argument oracle parity: finite scalar18 rejects foreign type/nonfinite value2
PASS: private pure original two-argument oracle parity: finite scalar18 rejects foreign type/nonfinite value3
PASS: private pure original two-argument oracle parity: finite scalar18 rejects foreign type/nonfinite value3
PASS: private pure original two-argument oracle parity: finite scalar18 rejects foreign type/nonfinite value3
PASS: private pure original two-argument oracle parity: finite scalar18 rejects foreign type/nonfinite value9
PASS: private pure original two-argument oracle parity: finite scalar18 rejects foreign type/nonfinite value33
PASS: private pure original two-argument oracle parity: finite edge18 at coordinate0 retains typed triplet
PASS: private pure original two-argument oracle parity: finite triplet edge18/0 coordinate0
PASS: private pure original two-argument oracle parity: finite triplet edge18/1 coordinate0
PASS: private pure original two-argument oracle parity: finite triplet edge18/2 coordinate0
PASS: private pure original two-argument oracle parity: finite triplet edge18/3 coordinate0
PASS: private pure original two-argument oracle parity: finite triplet edge18/4 coordinate0
PASS: private pure original two-argument oracle parity: finite triplet edge18/5 coordinate0
PASS: private pure original two-argument oracle parity: finite triplet edge18/6 coordinate0
PASS: private pure original two-argument oracle parity: finite triplet edge18/7 coordinate0
PASS: private pure original two-argument oracle parity: finite triplet edge18/8 coordinate0
PASS: private pure original two-argument oracle parity: finite triplet edge18/9 coordinate0
PASS: private pure original two-argument oracle parity: finite triplet edge18/10 coordinate0
PASS: private pure original two-argument oracle parity: finite triplet edge18/11 coordinate0
PASS: private pure original two-argument oracle parity: finite triplet edge18/12 coordinate0
PASS: private pure original two-argument oracle parity: finite triplet edge18/13 coordinate0
PASS: private pure original two-argument oracle parity: finite triplet edge18/14 coordinate0
PASS: private pure original two-argument oracle parity: finite triplet edge18/15 coordinate0
PASS: private pure original two-argument oracle parity: finite triplet edge18/16 coordinate0
PASS: private pure original two-argument oracle parity: finite triplet edge18/17 coordinate0
PASS: private pure original two-argument oracle parity: finite triplet edge18/18 coordinate0
PASS: private pure original two-argument oracle parity: finite triplet edge18/19 coordinate0
PASS: private pure original two-argument oracle parity: finite triplet edge18 coordinate0 rejects type/nonfinite2
PASS: private pure original two-argument oracle parity: finite triplet edge18 coordinate0 rejects type/nonfinite3
PASS: private pure original two-argument oracle parity: finite triplet edge18 coordinate0 rejects type/nonfinite3
PASS: private pure original two-argument oracle parity: finite triplet edge18 coordinate0 rejects type/nonfinite3
PASS: private pure original two-argument oracle parity: finite edge18 at coordinate1 retains typed triplet
PASS: private pure original two-argument oracle parity: finite triplet edge18/0 coordinate1
PASS: private pure original two-argument oracle parity: finite triplet edge18/1 coordinate1
PASS: private pure original two-argument oracle parity: finite triplet edge18/2 coordinate1
PASS: private pure original two-argument oracle parity: finite triplet edge18/3 coordinate1
PASS: private pure original two-argument oracle parity: finite triplet edge18/4 coordinate1
PASS: private pure original two-argument oracle parity: finite triplet edge18/5 coordinate1
PASS: private pure original two-argument oracle parity: finite triplet edge18/6 coordinate1
PASS: private pure original two-argument oracle parity: finite triplet edge18/7 coordinate1
PASS: private pure original two-argument oracle parity: finite triplet edge18/8 coordinate1
PASS: private pure original two-argument oracle parity: finite triplet edge18/9 coordinate1
PASS: private pure original two-argument oracle parity: finite triplet edge18/10 coordinate1
PASS: private pure original two-argument oracle parity: finite triplet edge18/11 coordinate1
PASS: private pure original two-argument oracle parity: finite triplet edge18/12 coordinate1
PASS: private pure original two-argument oracle parity: finite triplet edge18/13 coordinate1
PASS: private pure original two-argument oracle parity: finite triplet edge18/14 coordinate1
PASS: private pure original two-argument oracle parity: finite triplet edge18/15 coordinate1
PASS: private pure original two-argument oracle parity: finite triplet edge18/16 coordinate1
PASS: private pure original two-argument oracle parity: finite triplet edge18/17 coordinate1
PASS: private pure original two-argument oracle parity: finite triplet edge18/18 coordinate1
PASS: private pure original two-argument oracle parity: finite triplet edge18/19 coordinate1
PASS: private pure original two-argument oracle parity: finite triplet edge18 coordinate1 rejects type/nonfinite2
PASS: private pure original two-argument oracle parity: finite triplet edge18 coordinate1 rejects type/nonfinite3
PASS: private pure original two-argument oracle parity: finite triplet edge18 coordinate1 rejects type/nonfinite3
PASS: private pure original two-argument oracle parity: finite triplet edge18 coordinate1 rejects type/nonfinite3
PASS: private pure original two-argument oracle parity: finite edge18 at coordinate2 retains typed triplet
PASS: private pure original two-argument oracle parity: finite triplet edge18/0 coordinate2
PASS: private pure original two-argument oracle parity: finite triplet edge18/1 coordinate2
PASS: private pure original two-argument oracle parity: finite triplet edge18/2 coordinate2
PASS: private pure original two-argument oracle parity: finite triplet edge18/3 coordinate2
PASS: private pure original two-argument oracle parity: finite triplet edge18/4 coordinate2
PASS: private pure original two-argument oracle parity: finite triplet edge18/5 coordinate2
PASS: private pure original two-argument oracle parity: finite triplet edge18/6 coordinate2
PASS: private pure original two-argument oracle parity: finite triplet edge18/7 coordinate2
PASS: private pure original two-argument oracle parity: finite triplet edge18/8 coordinate2
PASS: private pure original two-argument oracle parity: finite triplet edge18/9 coordinate2
PASS: private pure original two-argument oracle parity: finite triplet edge18/10 coordinate2
PASS: private pure original two-argument oracle parity: finite triplet edge18/11 coordinate2
PASS: private pure original two-argument oracle parity: finite triplet edge18/12 coordinate2
PASS: private pure original two-argument oracle parity: finite triplet edge18/13 coordinate2
PASS: private pure original two-argument oracle parity: finite triplet edge18/14 coordinate2
PASS: private pure original two-argument oracle parity: finite triplet edge18/15 coordinate2
PASS: private pure original two-argument oracle parity: finite triplet edge18/16 coordinate2
PASS: private pure original two-argument oracle parity: finite triplet edge18/17 coordinate2
PASS: private pure original two-argument oracle parity: finite triplet edge18/18 coordinate2
PASS: private pure original two-argument oracle parity: finite triplet edge18/19 coordinate2
PASS: private pure original two-argument oracle parity: finite triplet edge18 coordinate2 rejects type/nonfinite2
PASS: private pure original two-argument oracle parity: finite triplet edge18 coordinate2 rejects type/nonfinite3
PASS: private pure original two-argument oracle parity: finite triplet edge18 coordinate2 rejects type/nonfinite3
PASS: private pure original two-argument oracle parity: finite triplet edge18 coordinate2 rejects type/nonfinite3
PASS: private pure original two-argument oracle parity: finite scalar pair19/0 including signed zero, subnormals and adjacent normal values
PASS: private pure original two-argument oracle parity: finite scalar pair19/1 including signed zero, subnormals and adjacent normal values
PASS: private pure original two-argument oracle parity: finite scalar pair19/2 including signed zero, subnormals and adjacent normal values
PASS: private pure original two-argument oracle parity: finite scalar pair19/3 including signed zero, subnormals and adjacent normal values
PASS: private pure original two-argument oracle parity: finite scalar pair19/4 including signed zero, subnormals and adjacent normal values
PASS: private pure original two-argument oracle parity: finite scalar pair19/5 including signed zero, subnormals and adjacent normal values
PASS: private pure original two-argument oracle parity: finite scalar pair19/6 including signed zero, subnormals and adjacent normal values
PASS: private pure original two-argument oracle parity: finite scalar pair19/7 including signed zero, subnormals and adjacent normal values
PASS: private pure original two-argument oracle parity: finite scalar pair19/8 including signed zero, subnormals and adjacent normal values
PASS: private pure original two-argument oracle parity: finite scalar pair19/9 including signed zero, subnormals and adjacent normal values
PASS: private pure original two-argument oracle parity: finite scalar pair19/10 including signed zero, subnormals and adjacent normal values
PASS: private pure original two-argument oracle parity: finite scalar pair19/11 including signed zero, subnormals and adjacent normal values
PASS: private pure original two-argument oracle parity: finite scalar pair19/12 including signed zero, subnormals and adjacent normal values
PASS: private pure original two-argument oracle parity: finite scalar pair19/13 including signed zero, subnormals and adjacent normal values
PASS: private pure original two-argument oracle parity: finite scalar pair19/14 including signed zero, subnormals and adjacent normal values
PASS: private pure original two-argument oracle parity: finite scalar pair19/15 including signed zero, subnormals and adjacent normal values
PASS: private pure original two-argument oracle parity: finite scalar pair19/16 including signed zero, subnormals and adjacent normal values
PASS: private pure original two-argument oracle parity: finite scalar pair19/17 including signed zero, subnormals and adjacent normal values
PASS: private pure original two-argument oracle parity: finite scalar pair19/18 including signed zero, subnormals and adjacent normal values
PASS: private pure original two-argument oracle parity: finite scalar pair19/19 including signed zero, subnormals and adjacent normal values
PASS: private pure original two-argument oracle parity: finite scalar19 rejects foreign type/nonfinite value2
PASS: private pure original two-argument oracle parity: finite scalar19 rejects foreign type/nonfinite value2
PASS: private pure original two-argument oracle parity: finite scalar19 rejects foreign type/nonfinite value3
PASS: private pure original two-argument oracle parity: finite scalar19 rejects foreign type/nonfinite value3
PASS: private pure original two-argument oracle parity: finite scalar19 rejects foreign type/nonfinite value3
PASS: private pure original two-argument oracle parity: finite scalar19 rejects foreign type/nonfinite value9
PASS: private pure original two-argument oracle parity: finite scalar19 rejects foreign type/nonfinite value33
PASS: private pure original two-argument oracle parity: finite edge19 at coordinate0 retains typed triplet
PASS: private pure original two-argument oracle parity: finite triplet edge19/0 coordinate0
PASS: private pure original two-argument oracle parity: finite triplet edge19/1 coordinate0
PASS: private pure original two-argument oracle parity: finite triplet edge19/2 coordinate0
PASS: private pure original two-argument oracle parity: finite triplet edge19/3 coordinate0
PASS: private pure original two-argument oracle parity: finite triplet edge19/4 coordinate0
PASS: private pure original two-argument oracle parity: finite triplet edge19/5 coordinate0
PASS: private pure original two-argument oracle parity: finite triplet edge19/6 coordinate0
PASS: private pure original two-argument oracle parity: finite triplet edge19/7 coordinate0
PASS: private pure original two-argument oracle parity: finite triplet edge19/8 coordinate0
PASS: private pure original two-argument oracle parity: finite triplet edge19/9 coordinate0
PASS: private pure original two-argument oracle parity: finite triplet edge19/10 coordinate0
PASS: private pure original two-argument oracle parity: finite triplet edge19/11 coordinate0
PASS: private pure original two-argument oracle parity: finite triplet edge19/12 coordinate0
PASS: private pure original two-argument oracle parity: finite triplet edge19/13 coordinate0
PASS: private pure original two-argument oracle parity: finite triplet edge19/14 coordinate0
PASS: private pure original two-argument oracle parity: finite triplet edge19/15 coordinate0
PASS: private pure original two-argument oracle parity: finite triplet edge19/16 coordinate0
PASS: private pure original two-argument oracle parity: finite triplet edge19/17 coordinate0
PASS: private pure original two-argument oracle parity: finite triplet edge19/18 coordinate0
PASS: private pure original two-argument oracle parity: finite triplet edge19/19 coordinate0
PASS: private pure original two-argument oracle parity: finite triplet edge19 coordinate0 rejects type/nonfinite2
PASS: private pure original two-argument oracle parity: finite triplet edge19 coordinate0 rejects type/nonfinite3
PASS: private pure original two-argument oracle parity: finite triplet edge19 coordinate0 rejects type/nonfinite3
PASS: private pure original two-argument oracle parity: finite triplet edge19 coordinate0 rejects type/nonfinite3
PASS: private pure original two-argument oracle parity: finite edge19 at coordinate1 retains typed triplet
PASS: private pure original two-argument oracle parity: finite triplet edge19/0 coordinate1
PASS: private pure original two-argument oracle parity: finite triplet edge19/1 coordinate1
PASS: private pure original two-argument oracle parity: finite triplet edge19/2 coordinate1
PASS: private pure original two-argument oracle parity: finite triplet edge19/3 coordinate1
PASS: private pure original two-argument oracle parity: finite triplet edge19/4 coordinate1
PASS: private pure original two-argument oracle parity: finite triplet edge19/5 coordinate1
PASS: private pure original two-argument oracle parity: finite triplet edge19/6 coordinate1
PASS: private pure original two-argument oracle parity: finite triplet edge19/7 coordinate1
PASS: private pure original two-argument oracle parity: finite triplet edge19/8 coordinate1
PASS: private pure original two-argument oracle parity: finite triplet edge19/9 coordinate1
PASS: private pure original two-argument oracle parity: finite triplet edge19/10 coordinate1
PASS: private pure original two-argument oracle parity: finite triplet edge19/11 coordinate1
PASS: private pure original two-argument oracle parity: finite triplet edge19/12 coordinate1
PASS: private pure original two-argument oracle parity: finite triplet edge19/13 coordinate1
PASS: private pure original two-argument oracle parity: finite triplet edge19/14 coordinate1
PASS: private pure original two-argument oracle parity: finite triplet edge19/15 coordinate1
PASS: private pure original two-argument oracle parity: finite triplet edge19/16 coordinate1
PASS: private pure original two-argument oracle parity: finite triplet edge19/17 coordinate1
PASS: private pure original two-argument oracle parity: finite triplet edge19/18 coordinate1
PASS: private pure original two-argument oracle parity: finite triplet edge19/19 coordinate1
PASS: private pure original two-argument oracle parity: finite triplet edge19 coordinate1 rejects type/nonfinite2
PASS: private pure original two-argument oracle parity: finite triplet edge19 coordinate1 rejects type/nonfinite3
PASS: private pure original two-argument oracle parity: finite triplet edge19 coordinate1 rejects type/nonfinite3
PASS: private pure original two-argument oracle parity: finite triplet edge19 coordinate1 rejects type/nonfinite3
PASS: private pure original two-argument oracle parity: finite edge19 at coordinate2 retains typed triplet
PASS: private pure original two-argument oracle parity: finite triplet edge19/0 coordinate2
PASS: private pure original two-argument oracle parity: finite triplet edge19/1 coordinate2
PASS: private pure original two-argument oracle parity: finite triplet edge19/2 coordinate2
PASS: private pure original two-argument oracle parity: finite triplet edge19/3 coordinate2
PASS: private pure original two-argument oracle parity: finite triplet edge19/4 coordinate2
PASS: private pure original two-argument oracle parity: finite triplet edge19/5 coordinate2
PASS: private pure original two-argument oracle parity: finite triplet edge19/6 coordinate2
PASS: private pure original two-argument oracle parity: finite triplet edge19/7 coordinate2
PASS: private pure original two-argument oracle parity: finite triplet edge19/8 coordinate2
PASS: private pure original two-argument oracle parity: finite triplet edge19/9 coordinate2
PASS: private pure original two-argument oracle parity: finite triplet edge19/10 coordinate2
PASS: private pure original two-argument oracle parity: finite triplet edge19/11 coordinate2
PASS: private pure original two-argument oracle parity: finite triplet edge19/12 coordinate2
PASS: private pure original two-argument oracle parity: finite triplet edge19/13 coordinate2
PASS: private pure original two-argument oracle parity: finite triplet edge19/14 coordinate2
PASS: private pure original two-argument oracle parity: finite triplet edge19/15 coordinate2
PASS: private pure original two-argument oracle parity: finite triplet edge19/16 coordinate2
PASS: private pure original two-argument oracle parity: finite triplet edge19/17 coordinate2
PASS: private pure original two-argument oracle parity: finite triplet edge19/18 coordinate2
PASS: private pure original two-argument oracle parity: finite triplet edge19/19 coordinate2
PASS: private pure original two-argument oracle parity: finite triplet edge19 coordinate2 rejects type/nonfinite2
PASS: private pure original two-argument oracle parity: finite triplet edge19 coordinate2 rejects type/nonfinite3
PASS: private pure original two-argument oracle parity: finite triplet edge19 coordinate2 rejects type/nonfinite3
PASS: private pure original two-argument oracle parity: finite triplet edge19 coordinate2 rejects type/nonfinite3
PASS: capture arms at actual paused stable Player boundary
PASS: actual supported floor bindings have a finite capture signature
PASS: capture ingests actual contiguous dash
PASS: capture ingests actual contiguous primary
PASS: actual completed capture contains exactly sealed requested slots
PASS: actual capture completes against the same originally held immutable world
PASS: immutable Sequence derives its original event timetable: 
PASS: new native controls use actual completed Player/whole-Footprint event
PASS: legitimate derived virtual preflight keeps its original post-super finite input mutation
PASS: derived Cue retains original comparer fallback and bound modified input, without native plan authority
PASS: derived native phase/source/mesh custody remains available after structural fallback
PASS: actual native cue binds original event: 
PASS: actual canonical bound Cue enables private bits branch before native custody checks
PASS: future_lock_mesh starts actual intact warning resources
PASS: future lock source marker has actual native vertices
PASS: future_lock_mesh current native guard remains pure despite matching cached scalar bits
PASS: future_lock_mesh later phase/clear cannot heal changed future native resource or material
PASS: actual native cue binds original event: 
PASS: actual canonical bound Cue enables private bits branch before native custody checks
PASS: callback_material starts actual intact warning resources
PASS: synchronous actual phase material mutation is rejected inside callback without changing original present ordering
PASS: callback_material current native guard remains pure despite matching cached scalar bits
PASS: callback_material later phase/clear cannot heal changed future native resource or material
PASS: new pure/native controls retain actual Player and Scheduler clocks/resources
Cue reference bits smoke: 2499 checks, 0 failures; pure exact oracle plus actual inherited native controls
