Godot Engine v4.7.2.stable.official.ed1daf0bf - https://godotengine.org
TextServer: Added interface "Dummy"
TextServer: Added interface "ICU / HarfBuzz / Graphite (Built-in)"
SDL: Init OK!
Accessibility: AccessKit driver loaded.
Accessibility: window 0 adapter created.
Using "default" pen tablet driver...
OpenGL debugging not supported!
Shader 'CanvasSdfShaderGLES3' SHA256: aa209c9cd00c30996f4e3b5154b4a42d5f99b1f48b97a2271aa7e66e4ca0f69d
Shader 'SkeletonShaderGLES3' SHA256: 19be6c6762bbf588f916616b0c74d8a1014507705c22088f9e12eb5303ee80d4
Shader 'ParticlesShaderGLES3' SHA256: 998856346189136d10e532cce18fdd784ee523eae2236f17964103b7f8839fc7
Shader 'ParticlesCopyShaderGLES3' SHA256: d09c248fd0fa0daba710c92c2533f9cfe1f03a461faabd91a58d182fa3638d2f
Shader 'CopyShaderGLES3' SHA256: 4e2e4050f31f29188b84577ee6572830d4b2fe1f881306800159c1ec9ab47b65
Shader 'CubemapFilterShaderGLES3' SHA256: 1b3651b07b28ca3c6294bc5b9aac6741a5bde11cf5cc114a9bec3d374634482b
Shader 'GlowShaderGLES3' SHA256: b00e122bba00bd1c678479fefd572f82f878e0ba6e76d4b2f826de21233e3944
Shader 'PostShaderGLES3' SHA256: 520e7ee21c944edcff2f2f1bf73bde88048ed450471ff319e595ff11c3671d59
Shader 'FeedShaderGLES3' SHA256: 99c82b3ef90c7ca526bc1e5b6b324451cef4a6f2c04dc1e0398cad3e2c1e7f91
Shader 'CanvasShaderGLES3' SHA256: 2df5dae51c7db1d5f0263c452426ee1b7ca67f8a7a400dcbc2e07f30a789239e
Shader 'CanvasOcclusionShaderGLES3' SHA256: c4479089f938138c9ba1bb3c1e9df7375f87d40838287dec967683ff866af1be
Shader 'SceneShaderGLES3' SHA256: be6f77f61e9e1997fdb48590587db38fa8d3452aedb656e3867e2a09085191ee
Shader 'SkyShaderGLES3' SHA256: 7a659e21e6065da2041b4cdbc57935a75585846af11273fd4367cc14b1fddde5
Shader 'TexBlitShaderGLES3' SHA256: 4d69b0150b5c3469a7f4e4cc8feb954f9ae89b3e33f7fdf6a20cac9abfacea46
OpenGL API 4.1 Metal - 90.5 - Compatibility - Using Device: Apple - Apple M3
CoreAudio: detected 2 channels
CoreAudio: output sampling rate: 48000 Hz
CoreAudio: output audio buffer frames: 512 calculated latency: 10ms

TextServer: Primary interface set to: "ICU / HarfBuzz / Graphite (Built-in)".
CORE API HASH: 2004498165
EDITOR API HASH: 1696660745
Loading resource: res://tests/act3_l2_registration_smoke.gd remapped: res://tests/act3_l2_registration_smoke.gd
Loading resource: res://scenes/main.tscn remapped: res://scenes/main.tscn
Loading resource: res://scripts/game.gd remapped: res://scripts/game.gd
Loading resource: res://scenes/player.tscn remapped: res://scenes/player.tscn
Loading resource: res://scripts/player.gd remapped: res://scripts/player.gd
Completed load for: 'res://scripts/player.gd' remapped 'res://scripts/player.gd' at thread -1
Completed load for: 'res://scenes/player.tscn' remapped 'res://scenes/player.tscn' at thread -1
Loading resource: res://scenes/practice_target.tscn remapped: res://scenes/practice_target.tscn
Loading resource: res://scripts/practice_target.gd remapped: res://scripts/practice_target.gd
Completed load for: 'res://scripts/practice_target.gd' remapped 'res://scripts/practice_target.gd' at thread -1
Completed load for: 'res://scenes/practice_target.tscn' remapped 'res://scenes/practice_target.tscn' at thread -1
Loading resource: res://scenes/lab_arena.tscn remapped: res://scenes/lab_arena.tscn
Completed load for: 'res://scenes/lab_arena.tscn' remapped 'res://scenes/lab_arena.tscn' at thread -1
Completed load for: 'res://scripts/game.gd' remapped 'res://scripts/game.gd' at thread -1
Completed load for: 'res://scenes/main.tscn' remapped 'res://scenes/main.tscn' at thread -1
Completed load for: 'res://tests/act3_l2_registration_smoke.gd' remapped 'res://tests/act3_l2_registration_smoke.gd' at thread -1
SceneTreeFTI: traversal method DEFAULT
Loaded system CA certificates
PASS: registration selectors are explicit and bounded: 
PASS: fixture asserts exact accepted HANDOFF provenance (optional --expected-commit=<40hex>)
Loading resource: res://scenes/acts/act3/a3_l2_living_forest.tscn remapped: res://scenes/acts/act3/a3_l2_living_forest.tscn
Loading resource: res://scripts/acts/act3/living_forest_level.gd remapped: res://scripts/acts/act3/living_forest_level.gd
Loading resource: res://assets/acts/act3/forest-leaf-floor.gdshader remapped: res://assets/acts/act3/forest-leaf-floor.gdshader
Completed load for: 'res://assets/acts/act3/forest-leaf-floor.gdshader' remapped 'res://assets/acts/act3/forest-leaf-floor.gdshader' at thread -1
Loading resource: res://assets/acts/act3/forest-bark-albedo-v1.png remapped: res://assets/acts/act3/forest-bark-albedo-v1.png
Loading resource: res://.godot/imported/forest-bark-albedo-v1.png-9b8e477af83da2a22407ac379e5b7c65.ctex remapped: res://.godot/imported/forest-bark-albedo-v1.png-9b8e477af83da2a22407ac379e5b7c65.ctex
Completed load for: 'res://assets/acts/act3/forest-bark-albedo-v1.png' remapped 'res://assets/acts/act3/forest-bark-albedo-v1.png' at thread -1
Loading resource: res://assets/acts/act3/dreamsinter-observer.png remapped: res://assets/acts/act3/dreamsinter-observer.png
Loading resource: res://.godot/imported/dreamsinter-observer.png-cc13d28fed3b683a6bcd55ae458ffc0e.ctex remapped: res://.godot/imported/dreamsinter-observer.png-cc13d28fed3b683a6bcd55ae458ffc0e.ctex
Completed load for: 'res://assets/acts/act3/dreamsinter-observer.png' remapped 'res://assets/acts/act3/dreamsinter-observer.png' at thread -1
Loading resource: res://assets/acts/act3/sunbound-stalker-branchspell.png remapped: res://assets/acts/act3/sunbound-stalker-branchspell.png
Loading resource: res://.godot/imported/sunbound-stalker-branchspell.png-75158e419bff8c7c42b44ef5f2278d93.ctex remapped: res://.godot/imported/sunbound-stalker-branchspell.png-75158e419bff8c7c42b44ef5f2278d93.ctex
Completed load for: 'res://assets/acts/act3/sunbound-stalker-branchspell.png' remapped 'res://assets/acts/act3/sunbound-stalker-branchspell.png' at thread -1
Loading resource: res://assets/acts/act3/sunbound-stalker-recovery.png remapped: res://assets/acts/act3/sunbound-stalker-recovery.png
Loading resource: res://.godot/imported/sunbound-stalker-recovery.png-d85b0669f9b230455b486cee596f480c.ctex remapped: res://.godot/imported/sunbound-stalker-recovery.png-d85b0669f9b230455b486cee596f480c.ctex
Completed load for: 'res://assets/acts/act3/sunbound-stalker-recovery.png' remapped 'res://assets/acts/act3/sunbound-stalker-recovery.png' at thread -1
Loading resource: res://assets/acts/act3/sunbound-stalker-alppain-readable.png remapped: res://assets/acts/act3/sunbound-stalker-alppain-readable.png
Loading resource: res://.godot/imported/sunbound-stalker-alppain-readable.png-8c8a6f963bd863c49f8fa56b9517f485.ctex remapped: res://.godot/imported/sunbound-stalker-alppain-readable.png-8c8a6f963bd863c49f8fa56b9517f485.ctex
Completed load for: 'res://assets/acts/act3/sunbound-stalker-alppain-readable.png' remapped 'res://assets/acts/act3/sunbound-stalker-alppain-readable.png' at thread -1
Loading resource: res://assets/acts/act3/sunbound-stalker-alppain-recovery.png remapped: res://assets/acts/act3/sunbound-stalker-alppain-recovery.png
Loading resource: res://.godot/imported/sunbound-stalker-alppain-recovery.png-1955175a04e7c515aded6d9787967b8c.ctex remapped: res://.godot/imported/sunbound-stalker-alppain-recovery.png-1955175a04e7c515aded6d9787967b8c.ctex
Completed load for: 'res://assets/acts/act3/sunbound-stalker-alppain-recovery.png' remapped 'res://assets/acts/act3/sunbound-stalker-alppain-recovery.png' at thread -1
Loading resource: res://assets/acts/act3/sunbound-stalker-branchspell-back.png remapped: res://assets/acts/act3/sunbound-stalker-branchspell-back.png
Loading resource: res://.godot/imported/sunbound-stalker-branchspell-back.png-043744825361994dc417101099b85f74.ctex remapped: res://.godot/imported/sunbound-stalker-branchspell-back.png-043744825361994dc417101099b85f74.ctex
Completed load for: 'res://assets/acts/act3/sunbound-stalker-branchspell-back.png' remapped 'res://assets/acts/act3/sunbound-stalker-branchspell-back.png' at thread -1
Loading resource: res://assets/acts/act3/sunbound-stalker-recovery-back.png remapped: res://assets/acts/act3/sunbound-stalker-recovery-back.png
Loading resource: res://.godot/imported/sunbound-stalker-recovery-back.png-8f37c03add6562ed941d8c2237852f86.ctex remapped: res://.godot/imported/sunbound-stalker-recovery-back.png-8f37c03add6562ed941d8c2237852f86.ctex
Completed load for: 'res://assets/acts/act3/sunbound-stalker-recovery-back.png' remapped 'res://assets/acts/act3/sunbound-stalker-recovery-back.png' at thread -1
Loading resource: res://assets/acts/act3/sunbound-stalker-alppain-back.png remapped: res://assets/acts/act3/sunbound-stalker-alppain-back.png
Loading resource: res://.godot/imported/sunbound-stalker-alppain-back.png-3aa1cb3dfdbcde1fe9faf6ebd36f3a6e.ctex remapped: res://.godot/imported/sunbound-stalker-alppain-back.png-3aa1cb3dfdbcde1fe9faf6ebd36f3a6e.ctex
Completed load for: 'res://assets/acts/act3/sunbound-stalker-alppain-back.png' remapped 'res://assets/acts/act3/sunbound-stalker-alppain-back.png' at thread -1
Loading resource: res://assets/acts/act3/sunbound-stalker-alppain-recovery-back.png remapped: res://assets/acts/act3/sunbound-stalker-alppain-recovery-back.png
Loading resource: res://.godot/imported/sunbound-stalker-alppain-recovery-back.png-d8b59d8464860c43275e6cc1746084f6.ctex remapped: res://.godot/imported/sunbound-stalker-alppain-recovery-back.png-d8b59d8464860c43275e6cc1746084f6.ctex
Completed load for: 'res://assets/acts/act3/sunbound-stalker-alppain-recovery-back.png' remapped 'res://assets/acts/act3/sunbound-stalker-alppain-recovery-back.png' at thread -1
Completed load for: 'res://scripts/acts/act3/living_forest_level.gd' remapped 'res://scripts/acts/act3/living_forest_level.gd' at thread -1
Completed load for: 'res://scenes/acts/act3/a3_l2_living_forest.tscn' remapped 'res://scenes/acts/act3/a3_l2_living_forest.tscn' at thread -1
PASS: actual production registry validates exact Living Forest provenance, accepted L1 prerequisite and unexposed L3: 
PASS: production registry configures only isolated PID user paths
Loading resource: res://scenes/acts/act1/a1_l1.tscn remapped: res://scenes/acts/act1/a1_l1.tscn
Loading resource: res://scripts/acts/act1/launch_rehearsal.gd remapped: res://scripts/acts/act1/launch_rehearsal.gd
Completed load for: 'res://scripts/acts/act1/launch_rehearsal.gd' remapped 'res://scripts/acts/act1/launch_rehearsal.gd' at thread -1
Loading resource: res://assets/acts/act1/launch/quiet_floor.png remapped: res://assets/acts/act1/launch/quiet_floor.png
Loading resource: res://.godot/imported/quiet_floor.png-0d5ba5ae403bf427577865af7ea91238.ctex remapped: res://.godot/imported/quiet_floor.png-0d5ba5ae403bf427577865af7ea91238.ctex
Completed load for: 'res://assets/acts/act1/launch/quiet_floor.png' remapped 'res://assets/acts/act1/launch/quiet_floor.png' at thread -1
Completed load for: 'res://scenes/acts/act1/a1_l1.tscn' remapped 'res://scenes/acts/act1/a1_l1.tscn' at thread -1
Loading resource: res://scenes/acts/act1/a1_l1.tscn remapped: res://scenes/acts/act1/a1_l1.tscn
Loading resource: res://assets/acts/act1/launch/quiet_floor.png remapped: res://assets/acts/act1/launch/quiet_floor.png
Loading resource: res://.godot/imported/quiet_floor.png-0d5ba5ae403bf427577865af7ea91238.ctex remapped: res://.godot/imported/quiet_floor.png-0d5ba5ae403bf427577865af7ea91238.ctex
Completed load for: 'res://assets/acts/act1/launch/quiet_floor.png' remapped 'res://assets/acts/act1/launch/quiet_floor.png' at thread -1
Completed load for: 'res://scenes/acts/act1/a1_l1.tscn' remapped 'res://scenes/acts/act1/a1_l1.tscn' at thread -1
PASS: real production Title has no duplicate live world for isolated first launch: 
PASS: first launch invents no prior story progress
PASS: optional portrait capture uses actual graphical renderer
PASS: actual540x1170 production portrait captured: /Users/howardchen/Library/Application Support/Godot/app_userdata/Cinder/test-act3-l2-registration-captures-4066-3341918/title-locked.png
NATIVE PORTRAIT CONTEXT: { "label": "title-locked", "paused": true, "native_focus": false, "menu": "title", "level_id": "", "player_clock_s": -1.0 }
Loading resource: res://scenes/acts/act1/a1_l1.tscn remapped: res://scenes/acts/act1/a1_l1.tscn
Loading resource: res://assets/acts/act1/launch/quiet_floor.png remapped: res://assets/acts/act1/launch/quiet_floor.png
Loading resource: res://.godot/imported/quiet_floor.png-0d5ba5ae403bf427577865af7ea91238.ctex remapped: res://.godot/imported/quiet_floor.png-0d5ba5ae403bf427577865af7ea91238.ctex
Completed load for: 'res://assets/acts/act1/launch/quiet_floor.png' remapped 'res://assets/acts/act1/launch/quiet_floor.png' at thread -1
Completed load for: 'res://scenes/acts/act1/a1_l1.tscn' remapped 'res://scenes/acts/act1/a1_l1.tscn' at thread -1
Loading resource: res://scenes/acts/act1/a1_l1.tscn remapped: res://scenes/acts/act1/a1_l1.tscn
Loading resource: res://assets/acts/act1/launch/quiet_floor.png remapped: res://assets/acts/act1/launch/quiet_floor.png
Loading resource: res://.godot/imported/quiet_floor.png-0d5ba5ae403bf427577865af7ea91238.ctex remapped: res://.godot/imported/quiet_floor.png-0d5ba5ae403bf427577865af7ea91238.ctex
Completed load for: 'res://assets/acts/act1/launch/quiet_floor.png' remapped 'res://assets/acts/act1/launch/quiet_floor.png' at thread -1
Completed load for: 'res://scenes/acts/act1/a1_l1.tscn' remapped 'res://scenes/acts/act1/a1_l1.tscn' at thread -1
Loading resource: res://scenes/acts/act1/a1_l1.tscn remapped: res://scenes/acts/act1/a1_l1.tscn
Loading resource: res://assets/acts/act1/launch/quiet_floor.png remapped: res://assets/acts/act1/launch/quiet_floor.png
Loading resource: res://.godot/imported/quiet_floor.png-0d5ba5ae403bf427577865af7ea91238.ctex remapped: res://.godot/imported/quiet_floor.png-0d5ba5ae403bf427577865af7ea91238.ctex
Completed load for: 'res://assets/acts/act1/launch/quiet_floor.png' remapped 'res://assets/acts/act1/launch/quiet_floor.png' at thread -1
Completed load for: 'res://scenes/acts/act1/a1_l1.tscn' remapped 'res://scenes/acts/act1/a1_l1.tscn' at thread -1
Loading resource: res://scenes/acts/act1/a1_l1.tscn remapped: res://scenes/acts/act1/a1_l1.tscn
Loading resource: res://assets/acts/act1/launch/quiet_floor.png remapped: res://assets/acts/act1/launch/quiet_floor.png
Loading resource: res://.godot/imported/quiet_floor.png-0d5ba5ae403bf427577865af7ea91238.ctex remapped: res://.godot/imported/quiet_floor.png-0d5ba5ae403bf427577865af7ea91238.ctex
Completed load for: 'res://assets/acts/act1/launch/quiet_floor.png' remapped 'res://assets/acts/act1/launch/quiet_floor.png' at thread -1
Completed load for: 'res://scenes/acts/act1/a1_l1.tscn' remapped 'res://scenes/acts/act1/a1_l1.tscn' at thread -1
Loading resource: res://scenes/acts/act1/a1_l1.tscn remapped: res://scenes/acts/act1/a1_l1.tscn
Loading resource: res://assets/acts/act1/launch/quiet_floor.png remapped: res://assets/acts/act1/launch/quiet_floor.png
Loading resource: res://.godot/imported/quiet_floor.png-0d5ba5ae403bf427577865af7ea91238.ctex remapped: res://.godot/imported/quiet_floor.png-0d5ba5ae403bf427577865af7ea91238.ctex
Completed load for: 'res://assets/acts/act1/launch/quiet_floor.png' remapped 'res://assets/acts/act1/launch/quiet_floor.png' at thread -1
Completed load for: 'res://scenes/acts/act1/a1_l1.tscn' remapped 'res://scenes/acts/act1/a1_l1.tscn' at thread -1
PASS: real Journey keeps accepted A3-L2 locked behind its actual A3-L1 prerequisite
PASS: optional portrait capture uses actual graphical renderer
PASS: actual540x1170 production portrait captured: /Users/howardchen/Library/Application Support/Godot/app_userdata/Cinder/test-act3-l2-registration-captures-4066-3341918/journey-locked.png
NATIVE PORTRAIT CONTEXT: { "label": "journey-locked", "paused": true, "native_focus": false, "menu": "journey", "level_id": "", "player_clock_s": -1.0 }
PASS: disabled locked card neither loads A3 nor fabricates progression
Loading resource: res://scenes/acts/act3/a3_l2_living_forest.tscn remapped: res://scenes/acts/act3/a3_l2_living_forest.tscn
Completed load for: 'res://scenes/acts/act3/a3_l2_living_forest.tscn' remapped 'res://scenes/acts/act3/a3_l2_living_forest.tscn' at thread -1
Loading resource: res://scripts/acts/act3/root_latcher_art.gd remapped: res://scripts/acts/act3/root_latcher_art.gd
Loading resource: res://assets/acts/act3/root-latcher-atlas.png remapped: res://assets/acts/act3/root-latcher-atlas.png
Loading resource: res://.godot/imported/root-latcher-atlas.png-4e04812e779905abf42507f5f44e69e5.ctex remapped: res://.godot/imported/root-latcher-atlas.png-4e04812e779905abf42507f5f44e69e5.ctex
Completed load for: 'res://assets/acts/act3/root-latcher-atlas.png' remapped 'res://assets/acts/act3/root-latcher-atlas.png' at thread -1
Completed load for: 'res://scripts/acts/act3/root_latcher_art.gd' remapped 'res://scripts/acts/act3/root_latcher_art.gd' at thread -1
PASS: TEST ONLY seed captures actual authored full runtime, not historical Living Forest preview
PASS: TEST ONLY initial HP/zeroammo seed uses validated quiet public actor restore
PASS: TEST ONLY eleven-predecessor prefix/actual initial A3 unit writes through public attempts/store:   
PASS: seed retains unchanged initial full A3 world/presentation with no entered source or executed action
PASS: seed preview actor/level retire before production installation
TEST ONLY prefix/resource seed: ["A1-L1", "A1-L2", "A1-L3", "A1-L4", "A1-L5", "A2-L1", "A2-L2", "A2-L3", "A2-L4", "A2-L5", "A3-L1"]; HP=37.0; initial shells=0; not predecessor gameplay or A3 clear evidence
PASS: production registry configures only isolated PID user paths
Loading resource: res://scenes/acts/act1/a1_l1.tscn remapped: res://scenes/acts/act1/a1_l1.tscn
Loading resource: res://assets/acts/act1/launch/quiet_floor.png remapped: res://assets/acts/act1/launch/quiet_floor.png
Loading resource: res://.godot/imported/quiet_floor.png-0d5ba5ae403bf427577865af7ea91238.ctex remapped: res://.godot/imported/quiet_floor.png-0d5ba5ae403bf427577865af7ea91238.ctex
Completed load for: 'res://assets/acts/act1/launch/quiet_floor.png' remapped 'res://assets/acts/act1/launch/quiet_floor.png' at thread -1
Completed load for: 'res://scenes/acts/act1/a1_l1.tscn' remapped 'res://scenes/acts/act1/a1_l1.tscn' at thread -1
Loading resource: res://scenes/acts/act3/a3_l2_living_forest.tscn remapped: res://scenes/acts/act3/a3_l2_living_forest.tscn
Completed load for: 'res://scenes/acts/act3/a3_l2_living_forest.tscn' remapped 'res://scenes/acts/act3/a3_l2_living_forest.tscn' at thread -1
Loading resource: res://scenes/acts/act3/a3_l2_living_forest.tscn remapped: res://scenes/acts/act3/a3_l2_living_forest.tscn
Completed load for: 'res://scenes/acts/act3/a3_l2_living_forest.tscn' remapped 'res://scenes/acts/act3/a3_l2_living_forest.tscn' at thread -1
Loading resource: res://scenes/acts/act3/a3_l2_living_forest.tscn remapped: res://scenes/acts/act3/a3_l2_living_forest.tscn
Completed load for: 'res://scenes/acts/act3/a3_l2_living_forest.tscn' remapped 'res://scenes/acts/act3/a3_l2_living_forest.tscn' at thread -1
Loading resource: res://scenes/acts/act3/a3_l2_living_forest.tscn remapped: res://scenes/acts/act3/a3_l2_living_forest.tscn
Completed load for: 'res://scenes/acts/act3/a3_l2_living_forest.tscn' remapped 'res://scenes/acts/act3/a3_l2_living_forest.tscn' at thread -1
Loading resource: res://scenes/acts/act3/a3_l2_living_forest.tscn remapped: res://scenes/acts/act3/a3_l2_living_forest.tscn
Completed load for: 'res://scenes/acts/act3/a3_l2_living_forest.tscn' remapped 'res://scenes/acts/act3/a3_l2_living_forest.tscn' at thread -1
Loading resource: res://scenes/acts/act3/a3_l2_living_forest.tscn remapped: res://scenes/acts/act3/a3_l2_living_forest.tscn
Completed load for: 'res://scenes/acts/act3/a3_l2_living_forest.tscn' remapped 'res://scenes/acts/act3/a3_l2_living_forest.tscn' at thread -1
Loading resource: res://scenes/acts/act3/a3_l2_living_forest.tscn remapped: res://scenes/acts/act3/a3_l2_living_forest.tscn
Completed load for: 'res://scenes/acts/act3/a3_l2_living_forest.tscn' remapped 'res://scenes/acts/act3/a3_l2_living_forest.tscn' at thread -1
PASS: real production Title has no duplicate live world for TEST ONLY eleven-predecessor story seed: 
PASS: TEST ONLY eleven-predecessor prefix offers protected uncompleted A3 story Continue
Loading resource: res://scenes/acts/act1/a1_l1.tscn remapped: res://scenes/acts/act1/a1_l1.tscn
Loading resource: res://assets/acts/act1/launch/quiet_floor.png remapped: res://assets/acts/act1/launch/quiet_floor.png
Loading resource: res://.godot/imported/quiet_floor.png-0d5ba5ae403bf427577865af7ea91238.ctex remapped: res://.godot/imported/quiet_floor.png-0d5ba5ae403bf427577865af7ea91238.ctex
Completed load for: 'res://assets/acts/act1/launch/quiet_floor.png' remapped 'res://assets/acts/act1/launch/quiet_floor.png' at thread -1
Completed load for: 'res://scenes/acts/act1/a1_l1.tscn' remapped 'res://scenes/acts/act1/a1_l1.tscn' at thread -1
Loading resource: res://scenes/acts/act1/a1_l2.tscn remapped: res://scenes/acts/act1/a1_l2.tscn
Loading resource: res://scenes/acts/act1/a1_l2_layout_greybox.tscn remapped: res://scenes/acts/act1/a1_l2_layout_greybox.tscn
Loading resource: res://scripts/acts/act1/crater_gardens_layout.gd remapped: res://scripts/acts/act1/crater_gardens_layout.gd
Loading resource: res://assets/acts/act1/lunar/accents/painted_rock_surface.png remapped: res://assets/acts/act1/lunar/accents/painted_rock_surface.png
Loading resource: res://.godot/imported/painted_rock_surface.png-30faff4d32479a3da0f568d18cbfa6cd.ctex remapped: res://.godot/imported/painted_rock_surface.png-30faff4d32479a3da0f568d18cbfa6cd.ctex
Completed load for: 'res://assets/acts/act1/lunar/accents/painted_rock_surface.png' remapped 'res://assets/acts/act1/lunar/accents/painted_rock_surface.png' at thread -1
Loading resource: res://assets/acts/act1/lunar/environment/rock_flat_low_a.png remapped: res://assets/acts/act1/lunar/environment/rock_flat_low_a.png
Loading resource: res://.godot/imported/rock_flat_low_a.png-d40857434c14002f43d5380e3cd3f789.ctex remapped: res://.godot/imported/rock_flat_low_a.png-d40857434c14002f43d5380e3cd3f789.ctex
Completed load for: 'res://assets/acts/act1/lunar/environment/rock_flat_low_a.png' remapped 'res://assets/acts/act1/lunar/environment/rock_flat_low_a.png' at thread -1
Loading resource: res://assets/acts/act1/lunar/environment/rock_flat_low_b.png remapped: res://assets/acts/act1/lunar/environment/rock_flat_low_b.png
Loading resource: res://.godot/imported/rock_flat_low_b.png-2f8625be000193bc3a72b5da199735bf.ctex remapped: res://.godot/imported/rock_flat_low_b.png-2f8625be000193bc3a72b5da199735bf.ctex
Completed load for: 'res://assets/acts/act1/lunar/environment/rock_flat_low_b.png' remapped 'res://assets/acts/act1/lunar/environment/rock_flat_low_b.png' at thread -1
Loading resource: res://assets/acts/act1/lunar/environment/floor_silver_tile.png remapped: res://assets/acts/act1/lunar/environment/floor_silver_tile.png
Loading resource: res://.godot/imported/floor_silver_tile.png-d26a488f9395175b253ee2a02677ec14.ctex remapped: res://.godot/imported/floor_silver_tile.png-d26a488f9395175b253ee2a02677ec14.ctex
Completed load for: 'res://assets/acts/act1/lunar/environment/floor_silver_tile.png' remapped 'res://assets/acts/act1/lunar/environment/floor_silver_tile.png' at thread -1
Loading resource: res://assets/acts/act1/lunar/environment/capsule_landed_closed.png remapped: res://assets/acts/act1/lunar/environment/capsule_landed_closed.png
Loading resource: res://.godot/imported/capsule_landed_closed.png-953efe6810d9943a3b0081dfdb0e6e53.ctex remapped: res://.godot/imported/capsule_landed_closed.png-953efe6810d9943a3b0081dfdb0e6e53.ctex
Completed load for: 'res://assets/acts/act1/lunar/environment/capsule_landed_closed.png' remapped 'res://assets/acts/act1/lunar/environment/capsule_landed_closed.png' at thread -1
Loading resource: res://assets/acts/act1/lunar/environment/camp_sleeping_tableau.png remapped: res://assets/acts/act1/lunar/environment/camp_sleeping_tableau.png
Loading resource: res://.godot/imported/camp_sleeping_tableau.png-b89e226907631f7f93baa190bd8808d0.ctex remapped: res://.godot/imported/camp_sleeping_tableau.png-b89e226907631f7f93baa190bd8808d0.ctex
Completed load for: 'res://assets/acts/act1/lunar/environment/camp_sleeping_tableau.png' remapped 'res://assets/acts/act1/lunar/environment/camp_sleeping_tableau.png' at thread -1
Loading resource: res://assets/acts/act1/lunar/environment/crescent_performer.png remapped: res://assets/acts/act1/lunar/environment/crescent_performer.png
Loading resource: res://.godot/imported/crescent_performer.png-61d4371c498d7e3e3cab9d649768e6b6.ctex remapped: res://.godot/imported/crescent_performer.png-61d4371c498d7e3e3cab9d649768e6b6.ctex
Completed load for: 'res://assets/acts/act1/lunar/environment/crescent_performer.png' remapped 'res://assets/acts/act1/lunar/environment/crescent_performer.png' at thread -1
Loading resource: res://assets/acts/act1/lunar/environment/grotto_threshold_open.png remapped: res://assets/acts/act1/lunar/environment/grotto_threshold_open.png
Loading resource: res://.godot/imported/grotto_threshold_open.png-c3df15a1fc23d25b60fbfc8513941f9f.ctex remapped: res://.godot/imported/grotto_threshold_open.png-c3df15a1fc23d25b60fbfc8513941f9f.ctex
Completed load for: 'res://assets/acts/act1/lunar/environment/grotto_threshold_open.png' remapped 'res://assets/acts/act1/lunar/environment/grotto_threshold_open.png' at thread -1
Loading resource: res://assets/acts/act1/lunar/accents/earth_globe.png remapped: res://assets/acts/act1/lunar/accents/earth_globe.png
Loading resource: res://.godot/imported/earth_globe.png-05f3937774a9eb99e088ece7c7ad0a43.ctex remapped: res://.godot/imported/earth_globe.png-05f3937774a9eb99e088ece7c7ad0a43.ctex
Completed load for: 'res://assets/acts/act1/lunar/accents/earth_globe.png' remapped 'res://assets/acts/act1/lunar/accents/earth_globe.png' at thread -1
Loading resource: res://assets/acts/act1/lunar/accents/human_star_performer.png remapped: res://assets/acts/act1/lunar/accents/human_star_performer.png
Loading resource: res://.godot/imported/human_star_performer.png-b4ff4a7c871018f8c6875759028e9ef9.ctex remapped: res://.godot/imported/human_star_performer.png-b4ff4a7c871018f8c6875759028e9ef9.ctex
Completed load for: 'res://assets/acts/act1/lunar/accents/human_star_performer.png' remapped 'res://assets/acts/act1/lunar/accents/human_star_performer.png' at thread -1
Loading resource: res://assets/acts/act1/lunar/accents/saturn_performer.png remapped: res://assets/acts/act1/lunar/accents/saturn_performer.png
Loading resource: res://.godot/imported/saturn_performer.png-4d9517c85ecb869cac6d9310893dd98e.ctex remapped: res://.godot/imported/saturn_performer.png-4d9517c85ecb869cac6d9310893dd98e.ctex
Completed load for: 'res://assets/acts/act1/lunar/accents/saturn_performer.png' remapped 'res://assets/acts/act1/lunar/accents/saturn_performer.png' at thread -1
Completed load for: 'res://scripts/acts/act1/crater_gardens_layout.gd' remapped 'res://scripts/acts/act1/crater_gardens_layout.gd' at thread -1
Completed load for: 'res://scenes/acts/act1/a1_l2_layout_greybox.tscn' remapped 'res://scenes/acts/act1/a1_l2_layout_greybox.tscn' at thread -1
Loading resource: res://scripts/acts/act1/crater_gardens.gd remapped: res://scripts/acts/act1/crater_gardens.gd
Loading resource: res://assets/acts/act1/lunar/rusher_front_standing.png remapped: res://assets/acts/act1/lunar/rusher_front_standing.png
Loading resource: res://.godot/imported/rusher_front_standing.png-ab9f1aff77317981d7ff30a55a49b79c.ctex remapped: res://.godot/imported/rusher_front_standing.png-ab9f1aff77317981d7ff30a55a49b79c.ctex
Completed load for: 'res://assets/acts/act1/lunar/rusher_front_standing.png' remapped 'res://assets/acts/act1/lunar/rusher_front_standing.png' at thread -1
Loading resource: res://assets/acts/act1/lunar/rusher_front_crouch.png remapped: res://assets/acts/act1/lunar/rusher_front_crouch.png
Loading resource: res://.godot/imported/rusher_front_crouch.png-adece75d5e8a8c92a1bc2c6401f25304.ctex remapped: res://.godot/imported/rusher_front_crouch.png-adece75d5e8a8c92a1bc2c6401f25304.ctex
Completed load for: 'res://assets/acts/act1/lunar/rusher_front_crouch.png' remapped 'res://assets/acts/act1/lunar/rusher_front_crouch.png' at thread -1
Loading resource: res://assets/acts/act1/lunar/rusher_front_rush.png remapped: res://assets/acts/act1/lunar/rusher_front_rush.png
Loading resource: res://.godot/imported/rusher_front_rush.png-7c0bce496c4feda39447b8da7969c648.ctex remapped: res://.godot/imported/rusher_front_rush.png-7c0bce496c4feda39447b8da7969c648.ctex
Completed load for: 'res://assets/acts/act1/lunar/rusher_front_rush.png' remapped 'res://assets/acts/act1/lunar/rusher_front_rush.png' at thread -1
Loading resource: res://assets/acts/act1/lunar/rusher_front_recovery.png remapped: res://assets/acts/act1/lunar/rusher_front_recovery.png
Loading resource: res://.godot/imported/rusher_front_recovery.png-48b3b85e1dacdc5b1394b00410b87f4c.ctex remapped: res://.godot/imported/rusher_front_recovery.png-48b3b85e1dacdc5b1394b00410b87f4c.ctex
Completed load for: 'res://assets/acts/act1/lunar/rusher_front_recovery.png' remapped 'res://assets/acts/act1/lunar/rusher_front_recovery.png' at thread -1
Loading resource: res://assets/acts/act1/lunar/rusher_side_standing.png remapped: res://assets/acts/act1/lunar/rusher_side_standing.png
Loading resource: res://.godot/imported/rusher_side_standing.png-9ad01603ed27e8eb069b74168275c602.ctex remapped: res://.godot/imported/rusher_side_standing.png-9ad01603ed27e8eb069b74168275c602.ctex
Completed load for: 'res://assets/acts/act1/lunar/rusher_side_standing.png' remapped 'res://assets/acts/act1/lunar/rusher_side_standing.png' at thread -1
Loading resource: res://assets/acts/act1/lunar/rusher_side_crouch.png remapped: res://assets/acts/act1/lunar/rusher_side_crouch.png
Loading resource: res://.godot/imported/rusher_side_crouch.png-67e920f999b245f0d1caa883db0ade22.ctex remapped: res://.godot/imported/rusher_side_crouch.png-67e920f999b245f0d1caa883db0ade22.ctex
Completed load for: 'res://assets/acts/act1/lunar/rusher_side_crouch.png' remapped 'res://assets/acts/act1/lunar/rusher_side_crouch.png' at thread -1
Loading resource: res://assets/acts/act1/lunar/rusher_side_rush.png remapped: res://assets/acts/act1/lunar/rusher_side_rush.png
Loading resource: res://.godot/imported/rusher_side_rush.png-eaa732526853c79ed45ad1691a56d336.ctex remapped: res://.godot/imported/rusher_side_rush.png-eaa732526853c79ed45ad1691a56d336.ctex
Completed load for: 'res://assets/acts/act1/lunar/rusher_side_rush.png' remapped 'res://assets/acts/act1/lunar/rusher_side_rush.png' at thread -1
Loading resource: res://assets/acts/act1/lunar/rusher_side_recovery.png remapped: res://assets/acts/act1/lunar/rusher_side_recovery.png
Loading resource: res://.godot/imported/rusher_side_recovery.png-2900ecc65811de91bb751955e1291f20.ctex remapped: res://.godot/imported/rusher_side_recovery.png-2900ecc65811de91bb751955e1291f20.ctex
Completed load for: 'res://assets/acts/act1/lunar/rusher_side_recovery.png' remapped 'res://assets/acts/act1/lunar/rusher_side_recovery.png' at thread -1
Loading resource: res://assets/acts/act1/lunar/rusher_back_standing.png remapped: res://assets/acts/act1/lunar/rusher_back_standing.png
Loading resource: res://.godot/imported/rusher_back_standing.png-13bf513cc23a916b43ada2bf8d4c7ce8.ctex remapped: res://.godot/imported/rusher_back_standing.png-13bf513cc23a916b43ada2bf8d4c7ce8.ctex
Completed load for: 'res://assets/acts/act1/lunar/rusher_back_standing.png' remapped 'res://assets/acts/act1/lunar/rusher_back_standing.png' at thread -1
Loading resource: res://assets/acts/act1/lunar/rusher_back_crouch.png remapped: res://assets/acts/act1/lunar/rusher_back_crouch.png
Loading resource: res://.godot/imported/rusher_back_crouch.png-9b8951aa30c78f920e2414e46e7dbe93.ctex remapped: res://.godot/imported/rusher_back_crouch.png-9b8951aa30c78f920e2414e46e7dbe93.ctex
Completed load for: 'res://assets/acts/act1/lunar/rusher_back_crouch.png' remapped 'res://assets/acts/act1/lunar/rusher_back_crouch.png' at thread -1
Loading resource: res://assets/acts/act1/lunar/rusher_back_rush.png remapped: res://assets/acts/act1/lunar/rusher_back_rush.png
Loading resource: res://.godot/imported/rusher_back_rush.png-e7871cb7823753886b50061b1fd4b220.ctex remapped: res://.godot/imported/rusher_back_rush.png-e7871cb7823753886b50061b1fd4b220.ctex
Completed load for: 'res://assets/acts/act1/lunar/rusher_back_rush.png' remapped 'res://assets/acts/act1/lunar/rusher_back_rush.png' at thread -1
Loading resource: res://assets/acts/act1/lunar/rusher_back_recovery.png remapped: res://assets/acts/act1/lunar/rusher_back_recovery.png
Loading resource: res://.godot/imported/rusher_back_recovery.png-83ff3a84c4dbad1e4d1df1010baa7b84.ctex remapped: res://.godot/imported/rusher_back_recovery.png-83ff3a84c4dbad1e4d1df1010baa7b84.ctex
Completed load for: 'res://assets/acts/act1/lunar/rusher_back_recovery.png' remapped 'res://assets/acts/act1/lunar/rusher_back_recovery.png' at thread -1
Completed load for: 'res://scripts/acts/act1/crater_gardens.gd' remapped 'res://scripts/acts/act1/crater_gardens.gd' at thread -1
Completed load for: 'res://scenes/acts/act1/a1_l2.tscn' remapped 'res://scenes/acts/act1/a1_l2.tscn' at thread -1
Loading resource: res://scenes/acts/act2/a2_l1.tscn remapped: res://scenes/acts/act2/a2_l1.tscn
Loading resource: res://scripts/acts/act2/horsell_common.gd remapped: res://scripts/acts/act2/horsell_common.gd
Completed load for: 'res://scripts/acts/act2/horsell_common.gd' remapped 'res://scripts/acts/act2/horsell_common.gd' at thread -1
Completed load for: 'res://scenes/acts/act2/a2_l1.tscn' remapped 'res://scenes/acts/act2/a2_l1.tscn' at thread -1
Loading resource: res://scenes/acts/act2/a2_l2.tscn remapped: res://scenes/acts/act2/a2_l2.tscn
Loading resource: res://scripts/acts/act2/weybridge.gd remapped: res://scripts/acts/act2/weybridge.gd
Completed load for: 'res://scripts/acts/act2/weybridge.gd' remapped 'res://scripts/acts/act2/weybridge.gd' at thread -1
Completed load for: 'res://scenes/acts/act2/a2_l2.tscn' remapped 'res://scenes/acts/act2/a2_l2.tscn' at thread -1
Loading resource: res://scenes/acts/act3/a3_l1.tscn remapped: res://scenes/acts/act3/a3_l1.tscn
Loading resource: res://scripts/acts/act3/twin_suns_level.gd remapped: res://scripts/acts/act3/twin_suns_level.gd
Loading resource: res://assets/acts/act3/scarlet_sand.gdshader remapped: res://assets/acts/act3/scarlet_sand.gdshader
Completed load for: 'res://assets/acts/act3/scarlet_sand.gdshader' remapped 'res://assets/acts/act3/scarlet_sand.gdshader' at thread -1
Completed load for: 'res://scripts/acts/act3/twin_suns_level.gd' remapped 'res://scripts/acts/act3/twin_suns_level.gd' at thread -1
Completed load for: 'res://scenes/acts/act3/a3_l1.tscn' remapped 'res://scenes/acts/act3/a3_l1.tscn' at thread -1
Loading resource: res://scenes/acts/act3/a3_l2_living_forest.tscn remapped: res://scenes/acts/act3/a3_l2_living_forest.tscn
Completed load for: 'res://scenes/acts/act3/a3_l2_living_forest.tscn' remapped 'res://scenes/acts/act3/a3_l2_living_forest.tscn' at thread -1
Loading resource: res://scenes/acts/act3/a3_l2_living_forest.tscn remapped: res://scenes/acts/act3/a3_l2_living_forest.tscn
Completed load for: 'res://scenes/acts/act3/a3_l2_living_forest.tscn' remapped 'res://scenes/acts/act3/a3_l2_living_forest.tscn' at thread -1
Loading resource: res://scenes/acts/act1/a1_l1.tscn remapped: res://scenes/acts/act1/a1_l1.tscn
Loading resource: res://assets/acts/act1/launch/quiet_floor.png remapped: res://assets/acts/act1/launch/quiet_floor.png
Loading resource: res://.godot/imported/quiet_floor.png-0d5ba5ae403bf427577865af7ea91238.ctex remapped: res://.godot/imported/quiet_floor.png-0d5ba5ae403bf427577865af7ea91238.ctex
Completed load for: 'res://assets/acts/act1/launch/quiet_floor.png' remapped 'res://assets/acts/act1/launch/quiet_floor.png' at thread -1
Completed load for: 'res://scenes/acts/act1/a1_l1.tscn' remapped 'res://scenes/acts/act1/a1_l1.tscn' at thread -1
Loading resource: res://scenes/acts/act1/a1_l2.tscn remapped: res://scenes/acts/act1/a1_l2.tscn
Loading resource: res://scenes/acts/act1/a1_l2_layout_greybox.tscn remapped: res://scenes/acts/act1/a1_l2_layout_greybox.tscn
Completed load for: 'res://scenes/acts/act1/a1_l2_layout_greybox.tscn' remapped 'res://scenes/acts/act1/a1_l2_layout_greybox.tscn' at thread -1
Completed load for: 'res://scenes/acts/act1/a1_l2.tscn' remapped 'res://scenes/acts/act1/a1_l2.tscn' at thread -1
Loading resource: res://scenes/acts/act2/a2_l1.tscn remapped: res://scenes/acts/act2/a2_l1.tscn
Completed load for: 'res://scenes/acts/act2/a2_l1.tscn' remapped 'res://scenes/acts/act2/a2_l1.tscn' at thread -1
Loading resource: res://scenes/acts/act2/a2_l2.tscn remapped: res://scenes/acts/act2/a2_l2.tscn
Completed load for: 'res://scenes/acts/act2/a2_l2.tscn' remapped 'res://scenes/acts/act2/a2_l2.tscn' at thread -1
Loading resource: res://scenes/acts/act3/a3_l1.tscn remapped: res://scenes/acts/act3/a3_l1.tscn
Completed load for: 'res://scenes/acts/act3/a3_l1.tscn' remapped 'res://scenes/acts/act3/a3_l1.tscn' at thread -1
Loading resource: res://scenes/acts/act3/a3_l2_living_forest.tscn remapped: res://scenes/acts/act3/a3_l2_living_forest.tscn
Completed load for: 'res://scenes/acts/act3/a3_l2_living_forest.tscn' remapped 'res://scenes/acts/act3/a3_l2_living_forest.tscn' at thread -1
Loading resource: res://scenes/acts/act3/a3_l2_living_forest.tscn remapped: res://scenes/acts/act3/a3_l2_living_forest.tscn
Completed load for: 'res://scenes/acts/act3/a3_l2_living_forest.tscn' remapped 'res://scenes/acts/act3/a3_l2_living_forest.tscn' at thread -1
Loading resource: res://scenes/acts/act1/a1_l1.tscn remapped: res://scenes/acts/act1/a1_l1.tscn
Loading resource: res://assets/acts/act1/launch/quiet_floor.png remapped: res://assets/acts/act1/launch/quiet_floor.png
Loading resource: res://.godot/imported/quiet_floor.png-0d5ba5ae403bf427577865af7ea91238.ctex remapped: res://.godot/imported/quiet_floor.png-0d5ba5ae403bf427577865af7ea91238.ctex
Completed load for: 'res://assets/acts/act1/launch/quiet_floor.png' remapped 'res://assets/acts/act1/launch/quiet_floor.png' at thread -1
Completed load for: 'res://scenes/acts/act1/a1_l1.tscn' remapped 'res://scenes/acts/act1/a1_l1.tscn' at thread -1
Loading resource: res://scenes/acts/act1/a1_l2.tscn remapped: res://scenes/acts/act1/a1_l2.tscn
Loading resource: res://scenes/acts/act1/a1_l2_layout_greybox.tscn remapped: res://scenes/acts/act1/a1_l2_layout_greybox.tscn
Completed load for: 'res://scenes/acts/act1/a1_l2_layout_greybox.tscn' remapped 'res://scenes/acts/act1/a1_l2_layout_greybox.tscn' at thread -1
Completed load for: 'res://scenes/acts/act1/a1_l2.tscn' remapped 'res://scenes/acts/act1/a1_l2.tscn' at thread -1
Loading resource: res://scenes/acts/act2/a2_l1.tscn remapped: res://scenes/acts/act2/a2_l1.tscn
Completed load for: 'res://scenes/acts/act2/a2_l1.tscn' remapped 'res://scenes/acts/act2/a2_l1.tscn' at thread -1
Loading resource: res://scenes/acts/act2/a2_l2.tscn remapped: res://scenes/acts/act2/a2_l2.tscn
Completed load for: 'res://scenes/acts/act2/a2_l2.tscn' remapped 'res://scenes/acts/act2/a2_l2.tscn' at thread -1
Loading resource: res://scenes/acts/act3/a3_l1.tscn remapped: res://scenes/acts/act3/a3_l1.tscn
Completed load for: 'res://scenes/acts/act3/a3_l1.tscn' remapped 'res://scenes/acts/act3/a3_l1.tscn' at thread -1
Loading resource: res://scenes/acts/act3/a3_l2_living_forest.tscn remapped: res://scenes/acts/act3/a3_l2_living_forest.tscn
Completed load for: 'res://scenes/acts/act3/a3_l2_living_forest.tscn' remapped 'res://scenes/acts/act3/a3_l2_living_forest.tscn' at thread -1
Loading resource: res://scenes/acts/act3/a3_l2_living_forest.tscn remapped: res://scenes/acts/act3/a3_l2_living_forest.tscn
Completed load for: 'res://scenes/acts/act3/a3_l2_living_forest.tscn' remapped 'res://scenes/acts/act3/a3_l2_living_forest.tscn' at thread -1
PASS: real seeded Journey offers current A3-L2 Continue while A3-L3 stays locked
PASS: optional portrait capture uses actual graphical renderer
PASS: actual540x1170 production portrait captured: /Users/howardchen/Library/Application Support/Godot/app_userdata/Cinder/test-act3-l2-registration-captures-4066-3341918/journey-seeded.png
NATIVE PORTRAIT CONTEXT: { "label": "journey-seeded", "paused": true, "native_focus": false, "menu": "journey", "level_id": "", "player_clock_s": -1.0 }
Loading resource: res://scenes/acts/act3/a3_l2_living_forest.tscn remapped: res://scenes/acts/act3/a3_l2_living_forest.tscn
Completed load for: 'res://scenes/acts/act3/a3_l2_living_forest.tscn' remapped 'res://scenes/acts/act3/a3_l2_living_forest.tscn' at thread -1
Loading resource: res://scenes/acts/act3/a3_l2_living_forest.tscn remapped: res://scenes/acts/act3/a3_l2_living_forest.tscn
Completed load for: 'res://scenes/acts/act3/a3_l2_living_forest.tscn' remapped 'res://scenes/acts/act3/a3_l2_living_forest.tscn' at thread -1
Loading resource: res://scenes/acts/act3/a3_l2_living_forest.tscn remapped: res://scenes/acts/act3/a3_l2_living_forest.tscn
Completed load for: 'res://scenes/acts/act3/a3_l2_living_forest.tscn' remapped 'res://scenes/acts/act3/a3_l2_living_forest.tscn' at thread -1
Loading resource: res://scenes/acts/act3/a3_l2_living_forest.tscn remapped: res://scenes/acts/act3/a3_l2_living_forest.tscn
Completed load for: 'res://scenes/acts/act3/a3_l2_living_forest.tscn' remapped 'res://scenes/acts/act3/a3_l2_living_forest.tscn' at thread -1
Loading resource: res://scenes/acts/act3/a3_l2_living_forest.tscn remapped: res://scenes/acts/act3/a3_l2_living_forest.tscn
Completed load for: 'res://scenes/acts/act3/a3_l2_living_forest.tscn' remapped 'res://scenes/acts/act3/a3_l2_living_forest.tscn' at thread -1
PASS: actual production A3 installation waits paused at Resume: 
PASS: exact production Forest owns the shared actor/effects and all nine typed authored sources
PASS: actual retained typed source has canonical binding: l2-threshold-stalker
PASS: actual retained typed source has canonical binding: l2-promise-root
PASS: actual retained typed source has canonical binding: l2-trunk-root
PASS: actual retained typed source has canonical binding: l2-priority-root
PASS: actual retained typed source has canonical binding: l2-priority-stalker
PASS: actual retained typed source has canonical binding: l2-watched-root
PASS: actual retained typed source has canonical binding: l2-watched-stalker
PASS: actual retained typed source has canonical binding: l2-slit-root
PASS: actual retained typed source has canonical binding: l2-slit-stalker
PASS: Forest binds four actual bodies/five actual mechanism children and native270x585 world to one shared scheduler
PASS: actual accepted full localversion1 entry is a coherent actor/nine-typed-source/scheduler/shell unit
PASS: fresh TEST ONLY initial resources retain no executed action/input/tick
Loading resource: res://scenes/acts/act3/a3_l2_living_forest.tscn remapped: res://scenes/acts/act3/a3_l2_living_forest.tscn
Completed load for: 'res://scenes/acts/act3/a3_l2_living_forest.tscn' remapped 'res://scenes/acts/act3/a3_l2_living_forest.tscn' at thread -1
Loading resource: res://scenes/acts/act3/a3_l2_living_forest.tscn remapped: res://scenes/acts/act3/a3_l2_living_forest.tscn
Completed load for: 'res://scenes/acts/act3/a3_l2_living_forest.tscn' remapped 'res://scenes/acts/act3/a3_l2_living_forest.tscn' at thread -1
PASS: entry reopens actual checked format2 SaveStore data
PASS: initial living entry exposes actual paused GUI Resume
PASS: initial living entry GUI press/release is consumed before input/action/resource/pose/clock/anchor changes
PASS: optional portrait capture uses actual graphical renderer
PASS: actual540x1170 production portrait captured: /Users/howardchen/Library/Application Support/Godot/app_userdata/Cinder/test-act3-l2-registration-captures-4066-3341918/arrival.png
NATIVE PORTRAIT CONTEXT: { "label": "arrival", "paused": false, "native_focus": false, "menu": "resume", "level_id": "A3-L2", "player_clock_s": 0.0 }
PASS: actual viewport touch/drag/release starts one public physical dash and records exact release anchor
Loading resource: res://scenes/acts/act3/a3_l2_living_forest.tscn remapped: res://scenes/acts/act3/a3_l2_living_forest.tscn
Completed load for: 'res://scenes/acts/act3/a3_l2_living_forest.tscn' remapped 'res://scenes/acts/act3/a3_l2_living_forest.tscn' at thread -1
Loading resource: res://scenes/acts/act3/a3_l2_living_forest.tscn remapped: res://scenes/acts/act3/a3_l2_living_forest.tscn
Completed load for: 'res://scenes/acts/act3/a3_l2_living_forest.tscn' remapped 'res://scenes/acts/act3/a3_l2_living_forest.tscn' at thread -1
Loading resource: res://scenes/acts/act3/a3_l2_living_forest.tscn remapped: res://scenes/acts/act3/a3_l2_living_forest.tscn
Completed load for: 'res://scenes/acts/act3/a3_l2_living_forest.tscn' remapped 'res://scenes/acts/act3/a3_l2_living_forest.tscn' at thread -1
Loading resource: res://scenes/acts/act3/a3_l2_living_forest.tscn remapped: res://scenes/acts/act3/a3_l2_living_forest.tscn
Completed load for: 'res://scenes/acts/act3/a3_l2_living_forest.tscn' remapped 'res://scenes/acts/act3/a3_l2_living_forest.tscn' at thread -1
Loading resource: res://scenes/acts/act3/a3_l2_living_forest.tscn remapped: res://scenes/acts/act3/a3_l2_living_forest.tscn
Completed load for: 'res://scenes/acts/act3/a3_l2_living_forest.tscn' remapped 'res://scenes/acts/act3/a3_l2_living_forest.tscn' at thread -1
Loading resource: res://scenes/acts/act3/a3_l2_living_forest.tscn remapped: res://scenes/acts/act3/a3_l2_living_forest.tscn
Completed load for: 'res://scenes/acts/act3/a3_l2_living_forest.tscn' remapped 'res://scenes/acts/act3/a3_l2_living_forest.tscn' at thread -1
Loading resource: res://scenes/acts/act3/a3_l2_living_forest.tscn remapped: res://scenes/acts/act3/a3_l2_living_forest.tscn
Completed load for: 'res://scenes/acts/act3/a3_l2_living_forest.tscn' remapped 'res://scenes/acts/act3/a3_l2_living_forest.tscn' at thread -1
Loading resource: res://scenes/acts/act3/a3_l2_living_forest.tscn remapped: res://scenes/acts/act3/a3_l2_living_forest.tscn
Completed load for: 'res://scenes/acts/act3/a3_l2_living_forest.tscn' remapped 'res://scenes/acts/act3/a3_l2_living_forest.tscn' at thread -1
Loading resource: res://scenes/acts/act3/a3_l2_living_forest.tscn remapped: res://scenes/acts/act3/a3_l2_living_forest.tscn
Completed load for: 'res://scenes/acts/act3/a3_l2_living_forest.tscn' remapped 'res://scenes/acts/act3/a3_l2_living_forest.tscn' at thread -1
PASS: public deferred pause captures the actual routed movement and complete authored world: 
PASS: real routed release retains physical dash path and separate exact screen release anchor
PASS: live dash changes actual path/clocks/camera before the save
PASS: short actual movement preserves low HP/empty ammo/gear and one routed input
PASS: coherent movement save protects its initial checkpoint and awards no A3 completion/reward
Loading resource: res://scenes/acts/act3/a3_l2_living_forest.tscn remapped: res://scenes/acts/act3/a3_l2_living_forest.tscn
Completed load for: 'res://scenes/acts/act3/a3_l2_living_forest.tscn' remapped 'res://scenes/acts/act3/a3_l2_living_forest.tscn' at thread -1
Loading resource: res://scenes/acts/act3/a3_l2_living_forest.tscn remapped: res://scenes/acts/act3/a3_l2_living_forest.tscn
Completed load for: 'res://scenes/acts/act3/a3_l2_living_forest.tscn' remapped 'res://scenes/acts/act3/a3_l2_living_forest.tscn' at thread -1
PASS: actual pause publishes an exact checked format2 generation
PASS: paused frames freeze complete actor/local/input/camera state exactly
PASS: first shell closure frees actual @Node3D@253
PASS: first shell closure frees actual LivingForest
PASS: first shell closure frees actual CinderPlayer
PASS: first shell closure frees actual @Node3D@255
PASS: first shell closure frees actual ForestFloor
PASS: first shell closure frees actual WestBoundary
PASS: first shell closure frees actual EastBoundary
PASS: first shell closure frees actual NorthBoundary
PASS: first shell closure frees actual SouthBoundary
PASS: first shell closure frees actual TwoApproachesBase
PASS: first shell closure frees actual CrossingBase
PASS: first shell closure frees actual LivingForestThreatScheduler
PASS: first shell closure frees actual l2_threshold_stalker
PASS: first shell closure frees actual RequiredThreatCue
PASS: first shell closure frees actual l2_promise_root
PASS: first shell closure frees actual RootAttack
PASS: first shell closure frees actual ThreatCue
PASS: first shell closure frees actual l2_trunk_root
PASS: first shell closure frees actual RootAttack
PASS: first shell closure frees actual ThreatCue
PASS: first shell closure frees actual l2_priority_root
PASS: first shell closure frees actual RootAttack
PASS: first shell closure frees actual ThreatCue
PASS: first shell closure frees actual l2_priority_stalker
PASS: first shell closure frees actual RequiredThreatCue
PASS: first shell closure frees actual l2_watched_root
PASS: first shell closure frees actual RootAttack
PASS: first shell closure frees actual ThreatCue
PASS: first shell closure frees actual l2_watched_stalker
PASS: first shell closure frees actual RequiredThreatCue
PASS: first shell closure frees actual l2_slit_root
PASS: first shell closure frees actual RootAttack
PASS: first shell closure frees actual ThreatCue
PASS: first shell closure frees actual l2_slit_stalker
PASS: first shell closure frees actual RequiredThreatCue
PASS: first shell closure frees actual LivingForestContactCue
PASS: production registry configures only isolated PID user paths
Loading resource: res://scenes/acts/act1/a1_l1.tscn remapped: res://scenes/acts/act1/a1_l1.tscn
Loading resource: res://assets/acts/act1/launch/quiet_floor.png remapped: res://assets/acts/act1/launch/quiet_floor.png
Loading resource: res://.godot/imported/quiet_floor.png-0d5ba5ae403bf427577865af7ea91238.ctex remapped: res://.godot/imported/quiet_floor.png-0d5ba5ae403bf427577865af7ea91238.ctex
Completed load for: 'res://assets/acts/act1/launch/quiet_floor.png' remapped 'res://assets/acts/act1/launch/quiet_floor.png' at thread -1
Completed load for: 'res://scenes/acts/act1/a1_l1.tscn' remapped 'res://scenes/acts/act1/a1_l1.tscn' at thread -1
Loading resource: res://scenes/acts/act3/a3_l2_living_forest.tscn remapped: res://scenes/acts/act3/a3_l2_living_forest.tscn
Completed load for: 'res://scenes/acts/act3/a3_l2_living_forest.tscn' remapped 'res://scenes/acts/act3/a3_l2_living_forest.tscn' at thread -1
Loading resource: res://scenes/acts/act3/a3_l2_living_forest.tscn remapped: res://scenes/acts/act3/a3_l2_living_forest.tscn
Completed load for: 'res://scenes/acts/act3/a3_l2_living_forest.tscn' remapped 'res://scenes/acts/act3/a3_l2_living_forest.tscn' at thread -1
Loading resource: res://scenes/acts/act3/a3_l2_living_forest.tscn remapped: res://scenes/acts/act3/a3_l2_living_forest.tscn
Completed load for: 'res://scenes/acts/act3/a3_l2_living_forest.tscn' remapped 'res://scenes/acts/act3/a3_l2_living_forest.tscn' at thread -1
Loading resource: res://scenes/acts/act3/a3_l2_living_forest.tscn remapped: res://scenes/acts/act3/a3_l2_living_forest.tscn
Completed load for: 'res://scenes/acts/act3/a3_l2_living_forest.tscn' remapped 'res://scenes/acts/act3/a3_l2_living_forest.tscn' at thread -1
Loading resource: res://scenes/acts/act3/a3_l2_living_forest.tscn remapped: res://scenes/acts/act3/a3_l2_living_forest.tscn
Completed load for: 'res://scenes/acts/act3/a3_l2_living_forest.tscn' remapped 'res://scenes/acts/act3/a3_l2_living_forest.tscn' at thread -1
Loading resource: res://scenes/acts/act3/a3_l2_living_forest.tscn remapped: res://scenes/acts/act3/a3_l2_living_forest.tscn
Completed load for: 'res://scenes/acts/act3/a3_l2_living_forest.tscn' remapped 'res://scenes/acts/act3/a3_l2_living_forest.tscn' at thread -1
Loading resource: res://scenes/acts/act3/a3_l2_living_forest.tscn remapped: res://scenes/acts/act3/a3_l2_living_forest.tscn
Completed load for: 'res://scenes/acts/act3/a3_l2_living_forest.tscn' remapped 'res://scenes/acts/act3/a3_l2_living_forest.tscn' at thread -1
PASS: real production Title has no duplicate live world for living saved movement: 
Loading resource: res://scenes/acts/act3/a3_l2_living_forest.tscn remapped: res://scenes/acts/act3/a3_l2_living_forest.tscn
Completed load for: 'res://scenes/acts/act3/a3_l2_living_forest.tscn' remapped 'res://scenes/acts/act3/a3_l2_living_forest.tscn' at thread -1
Loading resource: res://scenes/acts/act3/a3_l2_living_forest.tscn remapped: res://scenes/acts/act3/a3_l2_living_forest.tscn
Completed load for: 'res://scenes/acts/act3/a3_l2_living_forest.tscn' remapped 'res://scenes/acts/act3/a3_l2_living_forest.tscn' at thread -1
Loading resource: res://scenes/acts/act3/a3_l2_living_forest.tscn remapped: res://scenes/acts/act3/a3_l2_living_forest.tscn
Completed load for: 'res://scenes/acts/act3/a3_l2_living_forest.tscn' remapped 'res://scenes/acts/act3/a3_l2_living_forest.tscn' at thread -1
Loading resource: res://scenes/acts/act3/a3_l2_living_forest.tscn remapped: res://scenes/acts/act3/a3_l2_living_forest.tscn
Completed load for: 'res://scenes/acts/act3/a3_l2_living_forest.tscn' remapped 'res://scenes/acts/act3/a3_l2_living_forest.tscn' at thread -1
PASS: actual production A3 installation waits paused at Resume: 
PASS: exact production Forest owns the shared actor/effects and all nine typed authored sources
PASS: actual retained typed source has canonical binding: l2-threshold-stalker
PASS: actual retained typed source has canonical binding: l2-promise-root
PASS: actual retained typed source has canonical binding: l2-trunk-root
PASS: actual retained typed source has canonical binding: l2-priority-root
PASS: actual retained typed source has canonical binding: l2-priority-stalker
PASS: actual retained typed source has canonical binding: l2-watched-root
PASS: actual retained typed source has canonical binding: l2-watched-stalker
PASS: actual retained typed source has canonical binding: l2-slit-root
PASS: actual retained typed source has canonical binding: l2-slit-stalker
PASS: Forest binds four actual bodies/five actual mechanism children and native270x585 world to one shared scheduler
PASS: fresh actual GUI Continue restores exact living saved movement without gameplay callbacks: []; diff=same
PASS: fresh Continue preserves actual resources and does not republish the past dash
Loading resource: res://scenes/acts/act3/a3_l2_living_forest.tscn remapped: res://scenes/acts/act3/a3_l2_living_forest.tscn
Completed load for: 'res://scenes/acts/act3/a3_l2_living_forest.tscn' remapped 'res://scenes/acts/act3/a3_l2_living_forest.tscn' at thread -1
Loading resource: res://scenes/acts/act3/a3_l2_living_forest.tscn remapped: res://scenes/acts/act3/a3_l2_living_forest.tscn
Completed load for: 'res://scenes/acts/act3/a3_l2_living_forest.tscn' remapped 'res://scenes/acts/act3/a3_l2_living_forest.tscn' at thread -1
Loading resource: res://scenes/acts/act3/a3_l2_living_forest.tscn remapped: res://scenes/acts/act3/a3_l2_living_forest.tscn
Completed load for: 'res://scenes/acts/act3/a3_l2_living_forest.tscn' remapped 'res://scenes/acts/act3/a3_l2_living_forest.tscn' at thread -1
Loading resource: res://scenes/acts/act3/a3_l2_living_forest.tscn remapped: res://scenes/acts/act3/a3_l2_living_forest.tscn
Completed load for: 'res://scenes/acts/act3/a3_l2_living_forest.tscn' remapped 'res://scenes/acts/act3/a3_l2_living_forest.tscn' at thread -1
Loading resource: res://scenes/acts/act3/a3_l2_living_forest.tscn remapped: res://scenes/acts/act3/a3_l2_living_forest.tscn
Completed load for: 'res://scenes/acts/act3/a3_l2_living_forest.tscn' remapped 'res://scenes/acts/act3/a3_l2_living_forest.tscn' at thread -1
Loading resource: res://scenes/acts/act3/a3_l2_living_forest.tscn remapped: res://scenes/acts/act3/a3_l2_living_forest.tscn
Completed load for: 'res://scenes/acts/act3/a3_l2_living_forest.tscn' remapped 'res://scenes/acts/act3/a3_l2_living_forest.tscn' at thread -1
Loading resource: res://scenes/acts/act3/a3_l2_living_forest.tscn remapped: res://scenes/acts/act3/a3_l2_living_forest.tscn
Completed load for: 'res://scenes/acts/act3/a3_l2_living_forest.tscn' remapped 'res://scenes/acts/act3/a3_l2_living_forest.tscn' at thread -1
Loading resource: res://scenes/acts/act3/a3_l2_living_forest.tscn remapped: res://scenes/acts/act3/a3_l2_living_forest.tscn
Completed load for: 'res://scenes/acts/act3/a3_l2_living_forest.tscn' remapped 'res://scenes/acts/act3/a3_l2_living_forest.tscn' at thread -1
Loading resource: res://scenes/acts/act3/a3_l2_living_forest.tscn remapped: res://scenes/acts/act3/a3_l2_living_forest.tscn
Completed load for: 'res://scenes/acts/act3/a3_l2_living_forest.tscn' remapped 'res://scenes/acts/act3/a3_l2_living_forest.tscn' at thread -1
Loading resource: res://scenes/acts/act3/a3_l2_living_forest.tscn remapped: res://scenes/acts/act3/a3_l2_living_forest.tscn
Completed load for: 'res://scenes/acts/act3/a3_l2_living_forest.tscn' remapped 'res://scenes/acts/act3/a3_l2_living_forest.tscn' at thread -1
Loading resource: res://scenes/acts/act3/a3_l2_living_forest.tscn remapped: res://scenes/acts/act3/a3_l2_living_forest.tscn
Completed load for: 'res://scenes/acts/act3/a3_l2_living_forest.tscn' remapped 'res://scenes/acts/act3/a3_l2_living_forest.tscn' at thread -1
Loading resource: res://scenes/acts/act3/a3_l2_living_forest.tscn remapped: res://scenes/acts/act3/a3_l2_living_forest.tscn
Completed load for: 'res://scenes/acts/act3/a3_l2_living_forest.tscn' remapped 'res://scenes/acts/act3/a3_l2_living_forest.tscn' at thread -1
Loading resource: res://scenes/acts/act3/a3_l2_living_forest.tscn remapped: res://scenes/acts/act3/a3_l2_living_forest.tscn
Completed load for: 'res://scenes/acts/act3/a3_l2_living_forest.tscn' remapped 'res://scenes/acts/act3/a3_l2_living_forest.tscn' at thread -1
Loading resource: res://scenes/acts/act3/a3_l2_living_forest.tscn remapped: res://scenes/acts/act3/a3_l2_living_forest.tscn
Completed load for: 'res://scenes/acts/act3/a3_l2_living_forest.tscn' remapped 'res://scenes/acts/act3/a3_l2_living_forest.tscn' at thread -1
Loading resource: res://scenes/acts/act3/a3_l2_living_forest.tscn remapped: res://scenes/acts/act3/a3_l2_living_forest.tscn
Completed load for: 'res://scenes/acts/act3/a3_l2_living_forest.tscn' remapped 'res://scenes/acts/act3/a3_l2_living_forest.tscn' at thread -1
Loading resource: res://scenes/acts/act3/a3_l2_living_forest.tscn remapped: res://scenes/acts/act3/a3_l2_living_forest.tscn
Completed load for: 'res://scenes/acts/act3/a3_l2_living_forest.tscn' remapped 'res://scenes/acts/act3/a3_l2_living_forest.tscn' at thread -1
Loading resource: res://scenes/acts/act3/a3_l2_living_forest.tscn remapped: res://scenes/acts/act3/a3_l2_living_forest.tscn
Completed load for: 'res://scenes/acts/act3/a3_l2_living_forest.tscn' remapped 'res://scenes/acts/act3/a3_l2_living_forest.tscn' at thread -1
Loading resource: res://scenes/acts/act3/a3_l2_living_forest.tscn remapped: res://scenes/acts/act3/a3_l2_living_forest.tscn
Completed load for: 'res://scenes/acts/act3/a3_l2_living_forest.tscn' remapped 'res://scenes/acts/act3/a3_l2_living_forest.tscn' at thread -1
Loading resource: res://scenes/acts/act3/a3_l2_living_forest.tscn remapped: res://scenes/acts/act3/a3_l2_living_forest.tscn
Completed load for: 'res://scenes/acts/act3/a3_l2_living_forest.tscn' remapped 'res://scenes/acts/act3/a3_l2_living_forest.tscn' at thread -1
Loading resource: res://scenes/acts/act3/a3_l2_living_forest.tscn remapped: res://scenes/acts/act3/a3_l2_living_forest.tscn
Completed load for: 'res://scenes/acts/act3/a3_l2_living_forest.tscn' remapped 'res://scenes/acts/act3/a3_l2_living_forest.tscn' at thread -1
PASS: actual production A3 installation waits paused at Resume: 
PASS: exact production Forest owns the shared actor/effects and all nine typed authored sources
PASS: actual retained typed source has canonical binding: l2-threshold-stalker
PASS: actual retained typed source has canonical binding: l2-promise-root
PASS: actual retained typed source has canonical binding: l2-trunk-root
PASS: actual retained typed source has canonical binding: l2-priority-root
PASS: actual retained typed source has canonical binding: l2-priority-stalker
PASS: actual retained typed source has canonical binding: l2-watched-root
PASS: actual retained typed source has canonical binding: l2-watched-stalker
PASS: actual retained typed source has canonical binding: l2-slit-root
PASS: actual retained typed source has canonical binding: l2-slit-stalker
PASS: Forest binds four actual bodies/five actual mechanism children and native270x585 world to one shared scheduler
PASS: actual GUI Retry restores exact initial living checkpoint without gameplay callbacks: []
PASS: living GUI Retry frees actual @Node3D@324
PASS: living GUI Retry frees actual LivingForest
PASS: living GUI Retry frees actual CinderPlayer
PASS: living GUI Retry frees actual @Node3D@326
PASS: living GUI Retry frees actual ForestFloor
PASS: living GUI Retry frees actual WestBoundary
PASS: living GUI Retry frees actual EastBoundary
PASS: living GUI Retry frees actual NorthBoundary
PASS: living GUI Retry frees actual SouthBoundary
PASS: living GUI Retry frees actual TwoApproachesBase
PASS: living GUI Retry frees actual CrossingBase
PASS: living GUI Retry frees actual LivingForestThreatScheduler
PASS: living GUI Retry frees actual l2_threshold_stalker
PASS: living GUI Retry frees actual RequiredThreatCue
PASS: living GUI Retry frees actual l2_promise_root
PASS: living GUI Retry frees actual RootAttack
PASS: living GUI Retry frees actual ThreatCue
PASS: living GUI Retry frees actual l2_trunk_root
PASS: living GUI Retry frees actual RootAttack
PASS: living GUI Retry frees actual ThreatCue
PASS: living GUI Retry frees actual l2_priority_root
PASS: living GUI Retry frees actual RootAttack
PASS: living GUI Retry frees actual ThreatCue
PASS: living GUI Retry frees actual l2_priority_stalker
PASS: living GUI Retry frees actual RequiredThreatCue
PASS: living GUI Retry frees actual l2_watched_root
PASS: living GUI Retry frees actual RootAttack
PASS: living GUI Retry frees actual ThreatCue
PASS: living GUI Retry frees actual l2_watched_stalker
PASS: living GUI Retry frees actual RequiredThreatCue
PASS: living GUI Retry frees actual l2_slit_root
PASS: living GUI Retry frees actual RootAttack
PASS: living GUI Retry frees actual ThreatCue
PASS: living GUI Retry frees actual l2_slit_stalker
PASS: living GUI Retry frees actual RequiredThreatCue
PASS: living GUI Retry frees actual LivingForestContactCue
Loading resource: res://scenes/acts/act3/a3_l2_living_forest.tscn remapped: res://scenes/acts/act3/a3_l2_living_forest.tscn
Completed load for: 'res://scenes/acts/act3/a3_l2_living_forest.tscn' remapped 'res://scenes/acts/act3/a3_l2_living_forest.tscn' at thread -1
Loading resource: res://scenes/acts/act3/a3_l2_living_forest.tscn remapped: res://scenes/acts/act3/a3_l2_living_forest.tscn
Completed load for: 'res://scenes/acts/act3/a3_l2_living_forest.tscn' remapped 'res://scenes/acts/act3/a3_l2_living_forest.tscn' at thread -1
PASS: Retry uses exact checkpoint resources/history without healing or invented progress
PASS: living retry closure frees actual @Node3D@337
PASS: living retry closure frees actual LivingForest
PASS: living retry closure frees actual CinderPlayer
PASS: living retry closure frees actual @Node3D@339
PASS: living retry closure frees actual ForestFloor
PASS: living retry closure frees actual WestBoundary
PASS: living retry closure frees actual EastBoundary
PASS: living retry closure frees actual NorthBoundary
PASS: living retry closure frees actual SouthBoundary
PASS: living retry closure frees actual TwoApproachesBase
PASS: living retry closure frees actual CrossingBase
PASS: living retry closure frees actual LivingForestThreatScheduler
PASS: living retry closure frees actual l2_threshold_stalker
PASS: living retry closure frees actual RequiredThreatCue
PASS: living retry closure frees actual l2_promise_root
PASS: living retry closure frees actual RootAttack
PASS: living retry closure frees actual ThreatCue
PASS: living retry closure frees actual l2_trunk_root
PASS: living retry closure frees actual RootAttack
PASS: living retry closure frees actual ThreatCue
PASS: living retry closure frees actual l2_priority_root
PASS: living retry closure frees actual RootAttack
PASS: living retry closure frees actual ThreatCue
PASS: living retry closure frees actual l2_priority_stalker
PASS: living retry closure frees actual RequiredThreatCue
PASS: living retry closure frees actual l2_watched_root
PASS: living retry closure frees actual RootAttack
PASS: living retry closure frees actual ThreatCue
PASS: living retry closure frees actual l2_watched_stalker
PASS: living retry closure frees actual RequiredThreatCue
PASS: living retry closure frees actual l2_slit_root
PASS: living retry closure frees actual RootAttack
PASS: living retry closure frees actual ThreatCue
PASS: living retry closure frees actual l2_slit_stalker
PASS: living retry closure frees actual RequiredThreatCue
PASS: living retry closure frees actual LivingForestContactCue
Loading resource: res://scenes/acts/act3/a3_l2_living_forest.tscn remapped: res://scenes/acts/act3/a3_l2_living_forest.tscn
Completed load for: 'res://scenes/acts/act3/a3_l2_living_forest.tscn' remapped 'res://scenes/acts/act3/a3_l2_living_forest.tscn' at thread -1
PASS: TEST ONLY seed captures actual authored full runtime, not historical Living Forest preview
PASS: TEST ONLY initial HP/zeroammo seed uses validated quiet public actor restore
PASS: TEST ONLY eleven-predecessor prefix/actual initial A3 unit writes through public attempts/store:   
PASS: seed retains unchanged initial full A3 world/presentation with no entered source or executed action
PASS: seed preview actor/level retire before production installation
TEST ONLY prefix/resource seed: ["A1-L1", "A1-L2", "A1-L3", "A1-L4", "A1-L5", "A2-L1", "A2-L2", "A2-L3", "A2-L4", "A2-L5", "A3-L1"]; HP=0.1; initial shells=0; not predecessor gameplay or A3 clear evidence
PASS: production registry configures only isolated PID user paths
Loading resource: res://scenes/acts/act1/a1_l1.tscn remapped: res://scenes/acts/act1/a1_l1.tscn
Loading resource: res://assets/acts/act1/launch/quiet_floor.png remapped: res://assets/acts/act1/launch/quiet_floor.png
Loading resource: res://.godot/imported/quiet_floor.png-0d5ba5ae403bf427577865af7ea91238.ctex remapped: res://.godot/imported/quiet_floor.png-0d5ba5ae403bf427577865af7ea91238.ctex
Completed load for: 'res://assets/acts/act1/launch/quiet_floor.png' remapped 'res://assets/acts/act1/launch/quiet_floor.png' at thread -1
Completed load for: 'res://scenes/acts/act1/a1_l1.tscn' remapped 'res://scenes/acts/act1/a1_l1.tscn' at thread -1
Loading resource: res://scenes/acts/act3/a3_l2_living_forest.tscn remapped: res://scenes/acts/act3/a3_l2_living_forest.tscn
Completed load for: 'res://scenes/acts/act3/a3_l2_living_forest.tscn' remapped 'res://scenes/acts/act3/a3_l2_living_forest.tscn' at thread -1
Loading resource: res://scenes/acts/act3/a3_l2_living_forest.tscn remapped: res://scenes/acts/act3/a3_l2_living_forest.tscn
Completed load for: 'res://scenes/acts/act3/a3_l2_living_forest.tscn' remapped 'res://scenes/acts/act3/a3_l2_living_forest.tscn' at thread -1
Loading resource: res://scenes/acts/act3/a3_l2_living_forest.tscn remapped: res://scenes/acts/act3/a3_l2_living_forest.tscn
Completed load for: 'res://scenes/acts/act3/a3_l2_living_forest.tscn' remapped 'res://scenes/acts/act3/a3_l2_living_forest.tscn' at thread -1
Loading resource: res://scenes/acts/act3/a3_l2_living_forest.tscn remapped: res://scenes/acts/act3/a3_l2_living_forest.tscn
Completed load for: 'res://scenes/acts/act3/a3_l2_living_forest.tscn' remapped 'res://scenes/acts/act3/a3_l2_living_forest.tscn' at thread -1
Loading resource: res://scenes/acts/act3/a3_l2_living_forest.tscn remapped: res://scenes/acts/act3/a3_l2_living_forest.tscn
Completed load for: 'res://scenes/acts/act3/a3_l2_living_forest.tscn' remapped 'res://scenes/acts/act3/a3_l2_living_forest.tscn' at thread -1
Loading resource: res://scenes/acts/act3/a3_l2_living_forest.tscn remapped: res://scenes/acts/act3/a3_l2_living_forest.tscn
Completed load for: 'res://scenes/acts/act3/a3_l2_living_forest.tscn' remapped 'res://scenes/acts/act3/a3_l2_living_forest.tscn' at thread -1
Loading resource: res://scenes/acts/act3/a3_l2_living_forest.tscn remapped: res://scenes/acts/act3/a3_l2_living_forest.tscn
Completed load for: 'res://scenes/acts/act3/a3_l2_living_forest.tscn' remapped 'res://scenes/acts/act3/a3_l2_living_forest.tscn' at thread -1
PASS: real production Title has no duplicate live world for fatal branch initial TEST ONLY HP0.1/zeroammo: 
Loading resource: res://scenes/acts/act3/a3_l2_living_forest.tscn remapped: res://scenes/acts/act3/a3_l2_living_forest.tscn
Completed load for: 'res://scenes/acts/act3/a3_l2_living_forest.tscn' remapped 'res://scenes/acts/act3/a3_l2_living_forest.tscn' at thread -1
Loading resource: res://scenes/acts/act3/a3_l2_living_forest.tscn remapped: res://scenes/acts/act3/a3_l2_living_forest.tscn
Completed load for: 'res://scenes/acts/act3/a3_l2_living_forest.tscn' remapped 'res://scenes/acts/act3/a3_l2_living_forest.tscn' at thread -1
Loading resource: res://scenes/acts/act3/a3_l2_living_forest.tscn remapped: res://scenes/acts/act3/a3_l2_living_forest.tscn
Completed load for: 'res://scenes/acts/act3/a3_l2_living_forest.tscn' remapped 'res://scenes/acts/act3/a3_l2_living_forest.tscn' at thread -1
Loading resource: res://scenes/acts/act3/a3_l2_living_forest.tscn remapped: res://scenes/acts/act3/a3_l2_living_forest.tscn
Completed load for: 'res://scenes/acts/act3/a3_l2_living_forest.tscn' remapped 'res://scenes/acts/act3/a3_l2_living_forest.tscn' at thread -1
PASS: actual production A3 installation waits paused at Resume: 
PASS: exact production Forest owns the shared actor/effects and all nine typed authored sources
PASS: actual retained typed source has canonical binding: l2-threshold-stalker
PASS: actual retained typed source has canonical binding: l2-promise-root
PASS: actual retained typed source has canonical binding: l2-trunk-root
PASS: actual retained typed source has canonical binding: l2-priority-root
PASS: actual retained typed source has canonical binding: l2-priority-stalker
PASS: actual retained typed source has canonical binding: l2-watched-root
PASS: actual retained typed source has canonical binding: l2-watched-stalker
PASS: actual retained typed source has canonical binding: l2-slit-root
PASS: actual retained typed source has canonical binding: l2-slit-stalker
PASS: Forest binds four actual bodies/five actual mechanism children and native270x585 world to one shared scheduler
PASS: fatal branch starts from quiet public initial lowHP/zeroammo seed
PASS: fatal branch living entry exposes actual paused GUI Resume
PASS: fatal branch living entry GUI press/release is consumed before input/action/resource/pose/clock/anchor changes
PASS: actual viewport touch/drag/release starts one public physical dash and records exact release anchor
PASS: actual viewport touch/drag/release starts one public physical dash and records exact release anchor
Loading resource: res://scenes/acts/act3/a3_l2_living_forest.tscn remapped: res://scenes/acts/act3/a3_l2_living_forest.tscn
Completed load for: 'res://scenes/acts/act3/a3_l2_living_forest.tscn' remapped 'res://scenes/acts/act3/a3_l2_living_forest.tscn' at thread -1
Loading resource: res://scenes/acts/act3/a3_l2_living_forest.tscn remapped: res://scenes/acts/act3/a3_l2_living_forest.tscn
Completed load for: 'res://scenes/acts/act3/a3_l2_living_forest.tscn' remapped 'res://scenes/acts/act3/a3_l2_living_forest.tscn' at thread -1
Loading resource: res://scenes/acts/act3/a3_l2_living_forest.tscn remapped: res://scenes/acts/act3/a3_l2_living_forest.tscn
Completed load for: 'res://scenes/acts/act3/a3_l2_living_forest.tscn' remapped 'res://scenes/acts/act3/a3_l2_living_forest.tscn' at thread -1
Loading resource: res://scenes/acts/act3/a3_l2_living_forest.tscn remapped: res://scenes/acts/act3/a3_l2_living_forest.tscn
Completed load for: 'res://scenes/acts/act3/a3_l2_living_forest.tscn' remapped 'res://scenes/acts/act3/a3_l2_living_forest.tscn' at thread -1
Loading resource: res://scenes/acts/act3/a3_l2_living_forest.tscn remapped: res://scenes/acts/act3/a3_l2_living_forest.tscn
Completed load for: 'res://scenes/acts/act3/a3_l2_living_forest.tscn' remapped 'res://scenes/acts/act3/a3_l2_living_forest.tscn' at thread -1
Loading resource: res://scenes/acts/act3/a3_l2_living_forest.tscn remapped: res://scenes/acts/act3/a3_l2_living_forest.tscn
Completed load for: 'res://scenes/acts/act3/a3_l2_living_forest.tscn' remapped 'res://scenes/acts/act3/a3_l2_living_forest.tscn' at thread -1
Loading resource: res://scenes/acts/act3/a3_l2_living_forest.tscn remapped: res://scenes/acts/act3/a3_l2_living_forest.tscn
Completed load for: 'res://scenes/acts/act3/a3_l2_living_forest.tscn' remapped 'res://scenes/acts/act3/a3_l2_living_forest.tscn' at thread -1
Loading resource: res://scenes/acts/act3/a3_l2_living_forest.tscn remapped: res://scenes/acts/act3/a3_l2_living_forest.tscn
Completed load for: 'res://scenes/acts/act3/a3_l2_living_forest.tscn' remapped 'res://scenes/acts/act3/a3_l2_living_forest.tscn' at thread -1
Loading resource: res://scenes/acts/act3/a3_l2_living_forest.tscn remapped: res://scenes/acts/act3/a3_l2_living_forest.tscn
Completed load for: 'res://scenes/acts/act3/a3_l2_living_forest.tscn' remapped 'res://scenes/acts/act3/a3_l2_living_forest.tscn' at thread -1
PASS: real forward entry requests its checkpoint inside the still-unpaused full native tick
Loading resource: res://scenes/acts/act3/a3_l2_living_forest.tscn remapped: res://scenes/acts/act3/a3_l2_living_forest.tscn
Completed load for: 'res://scenes/acts/act3/a3_l2_living_forest.tscn' remapped 'res://scenes/acts/act3/a3_l2_living_forest.tscn' at thread -1
Loading resource: res://scenes/acts/act3/a3_l2_living_forest.tscn remapped: res://scenes/acts/act3/a3_l2_living_forest.tscn
Completed load for: 'res://scenes/acts/act3/a3_l2_living_forest.tscn' remapped 'res://scenes/acts/act3/a3_l2_living_forest.tscn' at thread -1
Loading resource: res://scenes/acts/act3/a3_l2_living_forest.tscn remapped: res://scenes/acts/act3/a3_l2_living_forest.tscn
Completed load for: 'res://scenes/acts/act3/a3_l2_living_forest.tscn' remapped 'res://scenes/acts/act3/a3_l2_living_forest.tscn' at thread -1
Loading resource: res://scenes/acts/act3/a3_l2_living_forest.tscn remapped: res://scenes/acts/act3/a3_l2_living_forest.tscn
Completed load for: 'res://scenes/acts/act3/a3_l2_living_forest.tscn' remapped 'res://scenes/acts/act3/a3_l2_living_forest.tscn' at thread -1
Loading resource: res://scenes/acts/act3/a3_l2_living_forest.tscn remapped: res://scenes/acts/act3/a3_l2_living_forest.tscn
Completed load for: 'res://scenes/acts/act3/a3_l2_living_forest.tscn' remapped 'res://scenes/acts/act3/a3_l2_living_forest.tscn' at thread -1
Loading resource: res://scenes/acts/act3/a3_l2_living_forest.tscn remapped: res://scenes/acts/act3/a3_l2_living_forest.tscn
Completed load for: 'res://scenes/acts/act3/a3_l2_living_forest.tscn' remapped 'res://scenes/acts/act3/a3_l2_living_forest.tscn' at thread -1
Loading resource: res://scenes/acts/act3/a3_l2_living_forest.tscn remapped: res://scenes/acts/act3/a3_l2_living_forest.tscn
Completed load for: 'res://scenes/acts/act3/a3_l2_living_forest.tscn' remapped 'res://scenes/acts/act3/a3_l2_living_forest.tscn' at thread -1
Loading resource: res://scenes/acts/act3/a3_l2_living_forest.tscn remapped: res://scenes/acts/act3/a3_l2_living_forest.tscn
Completed load for: 'res://scenes/acts/act3/a3_l2_living_forest.tscn' remapped 'res://scenes/acts/act3/a3_l2_living_forest.tscn' at thread -1
Loading resource: res://scenes/acts/act3/a3_l2_living_forest.tscn remapped: res://scenes/acts/act3/a3_l2_living_forest.tscn
Completed load for: 'res://scenes/acts/act3/a3_l2_living_forest.tscn' remapped 'res://scenes/acts/act3/a3_l2_living_forest.tscn' at thread -1
PASS: protected first entry retains its true unfinished dash, living lowHP and exact paired source state
PASS: actual first-entry checkpoint exposes actual paused GUI Resume
PASS: actual first-entry checkpoint GUI press/release is consumed before input/action/resource/pose/clock/anchor changes
Loading resource: res://scenes/acts/act3/a3_l2_living_forest.tscn remapped: res://scenes/acts/act3/a3_l2_living_forest.tscn
Completed load for: 'res://scenes/acts/act3/a3_l2_living_forest.tscn' remapped 'res://scenes/acts/act3/a3_l2_living_forest.tscn' at thread -1
Loading resource: res://scenes/acts/act3/a3_l2_living_forest.tscn remapped: res://scenes/acts/act3/a3_l2_living_forest.tscn
Completed load for: 'res://scenes/acts/act3/a3_l2_living_forest.tscn' remapped 'res://scenes/acts/act3/a3_l2_living_forest.tscn' at thread -1
Loading resource: res://scenes/acts/act3/a3_l2_living_forest.tscn remapped: res://scenes/acts/act3/a3_l2_living_forest.tscn
Completed load for: 'res://scenes/acts/act3/a3_l2_living_forest.tscn' remapped 'res://scenes/acts/act3/a3_l2_living_forest.tscn' at thread -1
Loading resource: res://scenes/acts/act3/a3_l2_living_forest.tscn remapped: res://scenes/acts/act3/a3_l2_living_forest.tscn
Completed load for: 'res://scenes/acts/act3/a3_l2_living_forest.tscn' remapped 'res://scenes/acts/act3/a3_l2_living_forest.tscn' at thread -1
Loading resource: res://scenes/acts/act3/a3_l2_living_forest.tscn remapped: res://scenes/acts/act3/a3_l2_living_forest.tscn
Completed load for: 'res://scenes/acts/act3/a3_l2_living_forest.tscn' remapped 'res://scenes/acts/act3/a3_l2_living_forest.tscn' at thread -1
Loading resource: res://scenes/acts/act3/a3_l2_living_forest.tscn remapped: res://scenes/acts/act3/a3_l2_living_forest.tscn
Completed load for: 'res://scenes/acts/act3/a3_l2_living_forest.tscn' remapped 'res://scenes/acts/act3/a3_l2_living_forest.tscn' at thread -1
Loading resource: res://scenes/acts/act3/a3_l2_living_forest.tscn remapped: res://scenes/acts/act3/a3_l2_living_forest.tscn
Completed load for: 'res://scenes/acts/act3/a3_l2_living_forest.tscn' remapped 'res://scenes/acts/act3/a3_l2_living_forest.tscn' at thread -1
Loading resource: res://scenes/acts/act3/a3_l2_living_forest.tscn remapped: res://scenes/acts/act3/a3_l2_living_forest.tscn
Completed load for: 'res://scenes/acts/act3/a3_l2_living_forest.tscn' remapped 'res://scenes/acts/act3/a3_l2_living_forest.tscn' at thread -1
Loading resource: res://scenes/acts/act3/a3_l2_living_forest.tscn remapped: res://scenes/acts/act3/a3_l2_living_forest.tscn
Completed load for: 'res://scenes/acts/act3/a3_l2_living_forest.tscn' remapped 'res://scenes/acts/act3/a3_l2_living_forest.tscn' at thread -1
PASS: bounded stationary wait receives actual admitted first Stalker contact/death, without forced HP/phase/damage: [{ "source_id": "l2-threshold-stalker", "result": { "stable_id": "l2-threshold-stalker", "cycle": 1, "opportunity_consumed": true, "accepted": true, "hp_damage": 0.1, "raw_damage": 12.0, "impulse": (0.0, 0.0, 0.0), "source_from": (0.66269, -0.004161, 37.12613), "source_to": (0.668151, -0.004161, 37.32605), "active_from_s": 3.44999999999999, "active_until_s": 3.46666666666666 }, "paused": false }]
PASS: real fatal callback settles and saves a coherent paused dead actor/source/local unit: 
PASS: fatal branch consumes real enemy contact without a player attack, source death or replayed hit
Loading resource: res://scenes/acts/act3/a3_l2_living_forest.tscn remapped: res://scenes/acts/act3/a3_l2_living_forest.tscn
Completed load for: 'res://scenes/acts/act3/a3_l2_living_forest.tscn' remapped 'res://scenes/acts/act3/a3_l2_living_forest.tscn' at thread -1
Loading resource: res://scenes/acts/act3/a3_l2_living_forest.tscn remapped: res://scenes/acts/act3/a3_l2_living_forest.tscn
Completed load for: 'res://scenes/acts/act3/a3_l2_living_forest.tscn' remapped 'res://scenes/acts/act3/a3_l2_living_forest.tscn' at thread -1
Loading resource: res://scenes/acts/act3/a3_l2_living_forest.tscn remapped: res://scenes/acts/act3/a3_l2_living_forest.tscn
Completed load for: 'res://scenes/acts/act3/a3_l2_living_forest.tscn' remapped 'res://scenes/acts/act3/a3_l2_living_forest.tscn' at thread -1
Loading resource: res://scenes/acts/act3/a3_l2_living_forest.tscn remapped: res://scenes/acts/act3/a3_l2_living_forest.tscn
Completed load for: 'res://scenes/acts/act3/a3_l2_living_forest.tscn' remapped 'res://scenes/acts/act3/a3_l2_living_forest.tscn' at thread -1
PASS: fatal format2 save retains its real earlier living checkpoint and no manufactured completion; active=same; checkpoint=same; disk=true; progress=true
PASS: fatal shell closure frees actual @Node3D@504
PASS: fatal shell closure frees actual LivingForest
PASS: fatal shell closure frees actual CinderPlayer
PASS: fatal shell closure frees actual @Node3D@506
PASS: fatal shell closure frees actual ForestFloor
PASS: fatal shell closure frees actual WestBoundary
PASS: fatal shell closure frees actual EastBoundary
PASS: fatal shell closure frees actual NorthBoundary
PASS: fatal shell closure frees actual SouthBoundary
PASS: fatal shell closure frees actual TwoApproachesBase
PASS: fatal shell closure frees actual CrossingBase
PASS: fatal shell closure frees actual LivingForestThreatScheduler
PASS: fatal shell closure frees actual l2_threshold_stalker
PASS: fatal shell closure frees actual RequiredThreatCue
PASS: fatal shell closure frees actual l2_promise_root
PASS: fatal shell closure frees actual RootAttack
PASS: fatal shell closure frees actual ThreatCue
PASS: fatal shell closure frees actual l2_trunk_root
PASS: fatal shell closure frees actual RootAttack
PASS: fatal shell closure frees actual ThreatCue
PASS: fatal shell closure frees actual l2_priority_root
PASS: fatal shell closure frees actual RootAttack
PASS: fatal shell closure frees actual ThreatCue
PASS: fatal shell closure frees actual l2_priority_stalker
PASS: fatal shell closure frees actual RequiredThreatCue
PASS: fatal shell closure frees actual l2_watched_root
PASS: fatal shell closure frees actual RootAttack
PASS: fatal shell closure frees actual ThreatCue
PASS: fatal shell closure frees actual l2_watched_stalker
PASS: fatal shell closure frees actual RequiredThreatCue
PASS: fatal shell closure frees actual l2_slit_root
PASS: fatal shell closure frees actual RootAttack
PASS: fatal shell closure frees actual ThreatCue
PASS: fatal shell closure frees actual l2_slit_stalker
PASS: fatal shell closure frees actual RequiredThreatCue
PASS: fatal shell closure frees actual LivingForestContactCue
PASS: production registry configures only isolated PID user paths
Loading resource: res://scenes/acts/act1/a1_l1.tscn remapped: res://scenes/acts/act1/a1_l1.tscn
Loading resource: res://assets/acts/act1/launch/quiet_floor.png remapped: res://assets/acts/act1/launch/quiet_floor.png
Loading resource: res://.godot/imported/quiet_floor.png-0d5ba5ae403bf427577865af7ea91238.ctex remapped: res://.godot/imported/quiet_floor.png-0d5ba5ae403bf427577865af7ea91238.ctex
Completed load for: 'res://assets/acts/act1/launch/quiet_floor.png' remapped 'res://assets/acts/act1/launch/quiet_floor.png' at thread -1
Completed load for: 'res://scenes/acts/act1/a1_l1.tscn' remapped 'res://scenes/acts/act1/a1_l1.tscn' at thread -1
Loading resource: res://scenes/acts/act3/a3_l2_living_forest.tscn remapped: res://scenes/acts/act3/a3_l2_living_forest.tscn
Completed load for: 'res://scenes/acts/act3/a3_l2_living_forest.tscn' remapped 'res://scenes/acts/act3/a3_l2_living_forest.tscn' at thread -1
Loading resource: res://scenes/acts/act3/a3_l2_living_forest.tscn remapped: res://scenes/acts/act3/a3_l2_living_forest.tscn
Completed load for: 'res://scenes/acts/act3/a3_l2_living_forest.tscn' remapped 'res://scenes/acts/act3/a3_l2_living_forest.tscn' at thread -1
Loading resource: res://scenes/acts/act3/a3_l2_living_forest.tscn remapped: res://scenes/acts/act3/a3_l2_living_forest.tscn
Completed load for: 'res://scenes/acts/act3/a3_l2_living_forest.tscn' remapped 'res://scenes/acts/act3/a3_l2_living_forest.tscn' at thread -1
Loading resource: res://scenes/acts/act3/a3_l2_living_forest.tscn remapped: res://scenes/acts/act3/a3_l2_living_forest.tscn
Completed load for: 'res://scenes/acts/act3/a3_l2_living_forest.tscn' remapped 'res://scenes/acts/act3/a3_l2_living_forest.tscn' at thread -1
Loading resource: res://scenes/acts/act3/a3_l2_living_forest.tscn remapped: res://scenes/acts/act3/a3_l2_living_forest.tscn
Completed load for: 'res://scenes/acts/act3/a3_l2_living_forest.tscn' remapped 'res://scenes/acts/act3/a3_l2_living_forest.tscn' at thread -1
Loading resource: res://scenes/acts/act3/a3_l2_living_forest.tscn remapped: res://scenes/acts/act3/a3_l2_living_forest.tscn
Completed load for: 'res://scenes/acts/act3/a3_l2_living_forest.tscn' remapped 'res://scenes/acts/act3/a3_l2_living_forest.tscn' at thread -1
Loading resource: res://scenes/acts/act3/a3_l2_living_forest.tscn remapped: res://scenes/acts/act3/a3_l2_living_forest.tscn
Completed load for: 'res://scenes/acts/act3/a3_l2_living_forest.tscn' remapped 'res://scenes/acts/act3/a3_l2_living_forest.tscn' at thread -1
PASS: real production Title has no duplicate live world for actual fatal saved unit: 
Loading resource: res://scenes/acts/act3/a3_l2_living_forest.tscn remapped: res://scenes/acts/act3/a3_l2_living_forest.tscn
Completed load for: 'res://scenes/acts/act3/a3_l2_living_forest.tscn' remapped 'res://scenes/acts/act3/a3_l2_living_forest.tscn' at thread -1
Loading resource: res://scenes/acts/act3/a3_l2_living_forest.tscn remapped: res://scenes/acts/act3/a3_l2_living_forest.tscn
Completed load for: 'res://scenes/acts/act3/a3_l2_living_forest.tscn' remapped 'res://scenes/acts/act3/a3_l2_living_forest.tscn' at thread -1
Loading resource: res://scenes/acts/act3/a3_l2_living_forest.tscn remapped: res://scenes/acts/act3/a3_l2_living_forest.tscn
Completed load for: 'res://scenes/acts/act3/a3_l2_living_forest.tscn' remapped 'res://scenes/acts/act3/a3_l2_living_forest.tscn' at thread -1
Loading resource: res://scenes/acts/act3/a3_l2_living_forest.tscn remapped: res://scenes/acts/act3/a3_l2_living_forest.tscn
Completed load for: 'res://scenes/acts/act3/a3_l2_living_forest.tscn' remapped 'res://scenes/acts/act3/a3_l2_living_forest.tscn' at thread -1
PASS: actual production A3 installation waits paused at Resume: 
PASS: exact production Forest owns the shared actor/effects and all nine typed authored sources
PASS: actual retained typed source has canonical binding: l2-threshold-stalker
PASS: actual retained typed source has canonical binding: l2-promise-root
PASS: actual retained typed source has canonical binding: l2-trunk-root
PASS: actual retained typed source has canonical binding: l2-priority-root
PASS: actual retained typed source has canonical binding: l2-priority-stalker
PASS: actual retained typed source has canonical binding: l2-watched-root
PASS: actual retained typed source has canonical binding: l2-watched-stalker
PASS: actual retained typed source has canonical binding: l2-slit-root
PASS: actual retained typed source has canonical binding: l2-slit-stalker
PASS: Forest binds four actual bodies/five actual mechanism children and native270x585 world to one shared scheduler
PASS: fresh actual GUI Continue restores exact actual fatal saved unit without gameplay callbacks: []; diff=same
PASS: actual dead GUI Resume offers checkpoint Retry while preserving exact paused fatal resources/clocks/history/input/camera/disk without gameplay callbacks
Loading resource: res://scenes/acts/act3/a3_l2_living_forest.tscn remapped: res://scenes/acts/act3/a3_l2_living_forest.tscn
Completed load for: 'res://scenes/acts/act3/a3_l2_living_forest.tscn' remapped 'res://scenes/acts/act3/a3_l2_living_forest.tscn' at thread -1
Loading resource: res://scenes/acts/act3/a3_l2_living_forest.tscn remapped: res://scenes/acts/act3/a3_l2_living_forest.tscn
Completed load for: 'res://scenes/acts/act3/a3_l2_living_forest.tscn' remapped 'res://scenes/acts/act3/a3_l2_living_forest.tscn' at thread -1
Loading resource: res://scenes/acts/act3/a3_l2_living_forest.tscn remapped: res://scenes/acts/act3/a3_l2_living_forest.tscn
Completed load for: 'res://scenes/acts/act3/a3_l2_living_forest.tscn' remapped 'res://scenes/acts/act3/a3_l2_living_forest.tscn' at thread -1
Loading resource: res://scenes/acts/act3/a3_l2_living_forest.tscn remapped: res://scenes/acts/act3/a3_l2_living_forest.tscn
Completed load for: 'res://scenes/acts/act3/a3_l2_living_forest.tscn' remapped 'res://scenes/acts/act3/a3_l2_living_forest.tscn' at thread -1
Loading resource: res://scenes/acts/act3/a3_l2_living_forest.tscn remapped: res://scenes/acts/act3/a3_l2_living_forest.tscn
Completed load for: 'res://scenes/acts/act3/a3_l2_living_forest.tscn' remapped 'res://scenes/acts/act3/a3_l2_living_forest.tscn' at thread -1
Loading resource: res://scenes/acts/act3/a3_l2_living_forest.tscn remapped: res://scenes/acts/act3/a3_l2_living_forest.tscn
Completed load for: 'res://scenes/acts/act3/a3_l2_living_forest.tscn' remapped 'res://scenes/acts/act3/a3_l2_living_forest.tscn' at thread -1
Loading resource: res://scenes/acts/act3/a3_l2_living_forest.tscn remapped: res://scenes/acts/act3/a3_l2_living_forest.tscn
Completed load for: 'res://scenes/acts/act3/a3_l2_living_forest.tscn' remapped 'res://scenes/acts/act3/a3_l2_living_forest.tscn' at thread -1
Loading resource: res://scenes/acts/act3/a3_l2_living_forest.tscn remapped: res://scenes/acts/act3/a3_l2_living_forest.tscn
Completed load for: 'res://scenes/acts/act3/a3_l2_living_forest.tscn' remapped 'res://scenes/acts/act3/a3_l2_living_forest.tscn' at thread -1
Loading resource: res://scenes/acts/act3/a3_l2_living_forest.tscn remapped: res://scenes/acts/act3/a3_l2_living_forest.tscn
Completed load for: 'res://scenes/acts/act3/a3_l2_living_forest.tscn' remapped 'res://scenes/acts/act3/a3_l2_living_forest.tscn' at thread -1
Loading resource: res://scenes/acts/act3/a3_l2_living_forest.tscn remapped: res://scenes/acts/act3/a3_l2_living_forest.tscn
Completed load for: 'res://scenes/acts/act3/a3_l2_living_forest.tscn' remapped 'res://scenes/acts/act3/a3_l2_living_forest.tscn' at thread -1
Loading resource: res://scenes/acts/act3/a3_l2_living_forest.tscn remapped: res://scenes/acts/act3/a3_l2_living_forest.tscn
Completed load for: 'res://scenes/acts/act3/a3_l2_living_forest.tscn' remapped 'res://scenes/acts/act3/a3_l2_living_forest.tscn' at thread -1
PASS: actual production A3 installation waits paused at Resume: 
PASS: exact production Forest owns the shared actor/effects and all nine typed authored sources
PASS: actual retained typed source has canonical binding: l2-threshold-stalker
PASS: actual retained typed source has canonical binding: l2-promise-root
PASS: actual retained typed source has canonical binding: l2-trunk-root
PASS: actual retained typed source has canonical binding: l2-priority-root
PASS: actual retained typed source has canonical binding: l2-priority-stalker
PASS: actual retained typed source has canonical binding: l2-watched-root
PASS: actual retained typed source has canonical binding: l2-watched-stalker
PASS: actual retained typed source has canonical binding: l2-slit-root
PASS: actual retained typed source has canonical binding: l2-slit-stalker
PASS: Forest binds four actual bodies/five actual mechanism children and native270x585 world to one shared scheduler
PASS: actual GUI Retry restores exact fatal world's actual unfinished-dash checkpoint without gameplay callbacks: []
PASS: fatal GUI Retry frees actual @Node3D@592
PASS: fatal GUI Retry frees actual LivingForest
PASS: fatal GUI Retry frees actual CinderPlayer
PASS: fatal GUI Retry frees actual @Node3D@594
PASS: fatal GUI Retry frees actual ForestFloor
PASS: fatal GUI Retry frees actual WestBoundary
PASS: fatal GUI Retry frees actual EastBoundary
PASS: fatal GUI Retry frees actual NorthBoundary
PASS: fatal GUI Retry frees actual SouthBoundary
PASS: fatal GUI Retry frees actual TwoApproachesBase
PASS: fatal GUI Retry frees actual CrossingBase
PASS: fatal GUI Retry frees actual LivingForestThreatScheduler
PASS: fatal GUI Retry frees actual l2_threshold_stalker
PASS: fatal GUI Retry frees actual RequiredThreatCue
PASS: fatal GUI Retry frees actual l2_promise_root
PASS: fatal GUI Retry frees actual RootAttack
PASS: fatal GUI Retry frees actual ThreatCue
PASS: fatal GUI Retry frees actual l2_trunk_root
PASS: fatal GUI Retry frees actual RootAttack
PASS: fatal GUI Retry frees actual ThreatCue
PASS: fatal GUI Retry frees actual l2_priority_root
PASS: fatal GUI Retry frees actual RootAttack
PASS: fatal GUI Retry frees actual ThreatCue
PASS: fatal GUI Retry frees actual l2_priority_stalker
PASS: fatal GUI Retry frees actual RequiredThreatCue
PASS: fatal GUI Retry frees actual l2_watched_root
PASS: fatal GUI Retry frees actual RootAttack
PASS: fatal GUI Retry frees actual ThreatCue
PASS: fatal GUI Retry frees actual l2_watched_stalker
PASS: fatal GUI Retry frees actual RequiredThreatCue
PASS: fatal GUI Retry frees actual l2_slit_root
PASS: fatal GUI Retry frees actual RootAttack
PASS: fatal GUI Retry frees actual ThreatCue
PASS: fatal GUI Retry frees actual l2_slit_stalker
PASS: fatal GUI Retry frees actual RequiredThreatCue
PASS: fatal GUI Retry frees actual LivingForestContactCue
Loading resource: res://scenes/acts/act3/a3_l2_living_forest.tscn remapped: res://scenes/acts/act3/a3_l2_living_forest.tscn
Completed load for: 'res://scenes/acts/act3/a3_l2_living_forest.tscn' remapped 'res://scenes/acts/act3/a3_l2_living_forest.tscn' at thread -1
Loading resource: res://scenes/acts/act3/a3_l2_living_forest.tscn remapped: res://scenes/acts/act3/a3_l2_living_forest.tscn
Completed load for: 'res://scenes/acts/act3/a3_l2_living_forest.tscn' remapped 'res://scenes/acts/act3/a3_l2_living_forest.tscn' at thread -1
PASS: fatal Retry restores exact living checkpoint HP/ammo and pending dash without healing or past delivery
PASS: retried unfinished dash/source clocks remain exactly paused before any continuation tick
PASS: retried original unfinished dash exposes actual paused GUI Resume
PASS: retried original unfinished dash GUI press/release is consumed before input/action/resource/pose/clock/anchor changes
Loading resource: res://scenes/acts/act3/a3_l2_living_forest.tscn remapped: res://scenes/acts/act3/a3_l2_living_forest.tscn
Completed load for: 'res://scenes/acts/act3/a3_l2_living_forest.tscn' remapped 'res://scenes/acts/act3/a3_l2_living_forest.tscn' at thread -1
Loading resource: res://scenes/acts/act3/a3_l2_living_forest.tscn remapped: res://scenes/acts/act3/a3_l2_living_forest.tscn
Completed load for: 'res://scenes/acts/act3/a3_l2_living_forest.tscn' remapped 'res://scenes/acts/act3/a3_l2_living_forest.tscn' at thread -1
Loading resource: res://scenes/acts/act3/a3_l2_living_forest.tscn remapped: res://scenes/acts/act3/a3_l2_living_forest.tscn
Completed load for: 'res://scenes/acts/act3/a3_l2_living_forest.tscn' remapped 'res://scenes/acts/act3/a3_l2_living_forest.tscn' at thread -1
Loading resource: res://scenes/acts/act3/a3_l2_living_forest.tscn remapped: res://scenes/acts/act3/a3_l2_living_forest.tscn
Completed load for: 'res://scenes/acts/act3/a3_l2_living_forest.tscn' remapped 'res://scenes/acts/act3/a3_l2_living_forest.tscn' at thread -1
Loading resource: res://scenes/acts/act3/a3_l2_living_forest.tscn remapped: res://scenes/acts/act3/a3_l2_living_forest.tscn
Completed load for: 'res://scenes/acts/act3/a3_l2_living_forest.tscn' remapped 'res://scenes/acts/act3/a3_l2_living_forest.tscn' at thread -1
Loading resource: res://scenes/acts/act3/a3_l2_living_forest.tscn remapped: res://scenes/acts/act3/a3_l2_living_forest.tscn
Completed load for: 'res://scenes/acts/act3/a3_l2_living_forest.tscn' remapped 'res://scenes/acts/act3/a3_l2_living_forest.tscn' at thread -1
Loading resource: res://scenes/acts/act3/a3_l2_living_forest.tscn remapped: res://scenes/acts/act3/a3_l2_living_forest.tscn
Completed load for: 'res://scenes/acts/act3/a3_l2_living_forest.tscn' remapped 'res://scenes/acts/act3/a3_l2_living_forest.tscn' at thread -1
Loading resource: res://scenes/acts/act3/a3_l2_living_forest.tscn remapped: res://scenes/acts/act3/a3_l2_living_forest.tscn
Completed load for: 'res://scenes/acts/act3/a3_l2_living_forest.tscn' remapped 'res://scenes/acts/act3/a3_l2_living_forest.tscn' at thread -1
Loading resource: res://scenes/acts/act3/a3_l2_living_forest.tscn remapped: res://scenes/acts/act3/a3_l2_living_forest.tscn
Completed load for: 'res://scenes/acts/act3/a3_l2_living_forest.tscn' remapped 'res://scenes/acts/act3/a3_l2_living_forest.tscn' at thread -1
Loading resource: res://scenes/acts/act3/a3_l2_living_forest.tscn remapped: res://scenes/acts/act3/a3_l2_living_forest.tscn
Completed load for: 'res://scenes/acts/act3/a3_l2_living_forest.tscn' remapped 'res://scenes/acts/act3/a3_l2_living_forest.tscn' at thread -1
Loading resource: res://scenes/acts/act3/a3_l2_living_forest.tscn remapped: res://scenes/acts/act3/a3_l2_living_forest.tscn
Completed load for: 'res://scenes/acts/act3/a3_l2_living_forest.tscn' remapped 'res://scenes/acts/act3/a3_l2_living_forest.tscn' at thread -1
PASS: real Resume finishes the original saved dash once, preserving living HP and the earlier checkpoint without regrant or delivery
PASS: fatal retry closure frees actual @Node3D@605
PASS: fatal retry closure frees actual LivingForest
PASS: fatal retry closure frees actual CinderPlayer
PASS: fatal retry closure frees actual @Node3D@607
PASS: fatal retry closure frees actual ForestFloor
PASS: fatal retry closure frees actual WestBoundary
PASS: fatal retry closure frees actual EastBoundary
PASS: fatal retry closure frees actual NorthBoundary
PASS: fatal retry closure frees actual SouthBoundary
PASS: fatal retry closure frees actual TwoApproachesBase
PASS: fatal retry closure frees actual CrossingBase
PASS: fatal retry closure frees actual LivingForestThreatScheduler
PASS: fatal retry closure frees actual l2_threshold_stalker
PASS: fatal retry closure frees actual RequiredThreatCue
PASS: fatal retry closure frees actual l2_promise_root
PASS: fatal retry closure frees actual RootAttack
PASS: fatal retry closure frees actual ThreatCue
PASS: fatal retry closure frees actual l2_trunk_root
PASS: fatal retry closure frees actual RootAttack
PASS: fatal retry closure frees actual ThreatCue
PASS: fatal retry closure frees actual l2_priority_root
PASS: fatal retry closure frees actual RootAttack
PASS: fatal retry closure frees actual ThreatCue
PASS: fatal retry closure frees actual l2_priority_stalker
PASS: fatal retry closure frees actual RequiredThreatCue
PASS: fatal retry closure frees actual l2_watched_root
PASS: fatal retry closure frees actual RootAttack
PASS: fatal retry closure frees actual ThreatCue
PASS: fatal retry closure frees actual l2_watched_stalker
PASS: fatal retry closure frees actual RequiredThreatCue
PASS: fatal retry closure frees actual l2_slit_root
PASS: fatal retry closure frees actual RootAttack
PASS: fatal retry closure frees actual ThreatCue
PASS: fatal retry closure frees actual l2_slit_stalker
PASS: fatal retry closure frees actual RequiredThreatCue
PASS: fatal retry closure frees actual LivingForestContactCue
PASS: disposed production worlds retain no required cue or actor group member
PASS: registration fixture leaves production registry bytes unchanged
PASS: every selected scope leaves canonical registry bytes unchanged
PASS: selected scope retires all actual source/cue group members
PASS: selected portrait scope produces its exact bounded original frame count
Production Act3 L2 registration: 367 checks, 0 failures; expected_commit=bd6b3cde9321213a2717e998c5ce2dff58ca2dd3; TEST ONLY eleven-predecessor/initial-resource seeds; actual production GUI/format2/routed dash/fatal Continue/Retry; no route-clear or native-human claim
