WorkerThreadPool: 8 threads, 2 max low-priority.
Godot Engine v4.7.2.stable.official.ed1daf0bf - https://godotengine.org
TextServer: Added interface "Dummy"
TextServer: Added interface "ICU / HarfBuzz / Graphite (Built-in)"
SDL: Init OK!
Using "default" pen tablet driver...

TextServer: Primary interface set to: "ICU / HarfBuzz / Graphite (Built-in)".
CORE API HASH: 2004498165
EDITOR API HASH: 1696660745
Loading resource: res://tests/campaign_shell_smoke.gd remapped: res://tests/campaign_shell_smoke.gd
Loading resource: res://scenes/player.tscn remapped: res://scenes/player.tscn
Loading resource: res://scripts/player.gd remapped: res://scripts/player.gd
Completed load for: 'res://scripts/player.gd' remapped 'res://scripts/player.gd' at thread -1
Completed load for: 'res://scenes/player.tscn' remapped 'res://scenes/player.tscn' at thread -1
Loading resource: res://scenes/practice_target.tscn remapped: res://scenes/practice_target.tscn
Loading resource: res://scripts/practice_target.gd remapped: res://scripts/practice_target.gd
Completed load for: 'res://scripts/practice_target.gd' remapped 'res://scripts/practice_target.gd' at thread -1
Completed load for: 'res://scenes/practice_target.tscn' remapped 'res://scenes/practice_target.tscn' at thread -1
Loading resource: res://scenes/lab_arena.tscn remapped: res://scenes/lab_arena.tscn
Completed load for: 'res://scenes/lab_arena.tscn' remapped 'res://scenes/lab_arena.tscn' at thread -1
Completed load for: 'res://tests/campaign_shell_smoke.gd' remapped 'res://tests/campaign_shell_smoke.gd' at thread -1
SceneTreeFTI: traversal method DEFAULT
Loaded system CA certificates
Loading resource: res://tests/fixtures/campaign/live_a1_l1.tscn remapped: res://tests/fixtures/campaign/live_a1_l1.tscn
Loading resource: res://tests/fixtures/campaign/live_level.gd remapped: res://tests/fixtures/campaign/live_level.gd
Completed load for: 'res://tests/fixtures/campaign/live_level.gd' remapped 'res://tests/fixtures/campaign/live_level.gd' at thread -1
Completed load for: 'res://tests/fixtures/campaign/live_a1_l1.tscn' remapped 'res://tests/fixtures/campaign/live_a1_l1.tscn' at thread -1
Loading resource: res://tests/fixtures/campaign/live_a1_l1.tscn remapped: res://tests/fixtures/campaign/live_a1_l1.tscn
Completed load for: 'res://tests/fixtures/campaign/live_a1_l1.tscn' remapped 'res://tests/fixtures/campaign/live_a1_l1.tscn' at thread -1
Loading resource: res://tests/fixtures/campaign/live_a1_l1.tscn remapped: res://tests/fixtures/campaign/live_a1_l1.tscn
Completed load for: 'res://tests/fixtures/campaign/live_a1_l1.tscn' remapped 'res://tests/fixtures/campaign/live_a1_l1.tscn' at thread -1
Loading resource: res://tests/fixtures/campaign/live_a1_l1.tscn remapped: res://tests/fixtures/campaign/live_a1_l1.tscn
Completed load for: 'res://tests/fixtures/campaign/live_a1_l1.tscn' remapped 'res://tests/fixtures/campaign/live_a1_l1.tscn' at thread -1
Loading resource: res://tests/fixtures/campaign/live_a1_l1.tscn remapped: res://tests/fixtures/campaign/live_a1_l1.tscn
Completed load for: 'res://tests/fixtures/campaign/live_a1_l1.tscn' remapped 'res://tests/fixtures/campaign/live_a1_l1.tscn' at thread -1
Loading resource: res://tests/fixtures/campaign/live_a1_l1.tscn remapped: res://tests/fixtures/campaign/live_a1_l1.tscn
Completed load for: 'res://tests/fixtures/campaign/live_a1_l1.tscn' remapped 'res://tests/fixtures/campaign/live_a1_l1.tscn' at thread -1
Loading resource: res://tests/fixtures/campaign/live_a1_l1.tscn remapped: res://tests/fixtures/campaign/live_a1_l1.tscn
Completed load for: 'res://tests/fixtures/campaign/live_a1_l1.tscn' remapped 'res://tests/fixtures/campaign/live_a1_l1.tscn' at thread -1
Loading resource: res://tests/fixtures/campaign/live_a1_l1.tscn remapped: res://tests/fixtures/campaign/live_a1_l1.tscn
Completed load for: 'res://tests/fixtures/campaign/live_a1_l1.tscn' remapped 'res://tests/fixtures/campaign/live_a1_l1.tscn' at thread -1
Loading resource: res://tests/fixtures/campaign/live_a1_l1.tscn remapped: res://tests/fixtures/campaign/live_a1_l1.tscn
Completed load for: 'res://tests/fixtures/campaign/live_a1_l1.tscn' remapped 'res://tests/fixtures/campaign/live_a1_l1.tscn' at thread -1
Loading resource: res://tests/fixtures/campaign/live_a1_l1.tscn remapped: res://tests/fixtures/campaign/live_a1_l1.tscn
Completed load for: 'res://tests/fixtures/campaign/live_a1_l1.tscn' remapped 'res://tests/fixtures/campaign/live_a1_l1.tscn' at thread -1
Loading resource: res://tests/fixtures/campaign/live_a1_l1.tscn remapped: res://tests/fixtures/campaign/live_a1_l1.tscn
Completed load for: 'res://tests/fixtures/campaign/live_a1_l1.tscn' remapped 'res://tests/fixtures/campaign/live_a1_l1.tscn' at thread -1
Loading resource: res://tests/fixtures/campaign/live_a1_l1.tscn remapped: res://tests/fixtures/campaign/live_a1_l1.tscn
Completed load for: 'res://tests/fixtures/campaign/live_a1_l1.tscn' remapped 'res://tests/fixtures/campaign/live_a1_l1.tscn' at thread -1
Loading resource: res://tests/fixtures/campaign/live_a1_l1.tscn remapped: res://tests/fixtures/campaign/live_a1_l1.tscn
Completed load for: 'res://tests/fixtures/campaign/live_a1_l1.tscn' remapped 'res://tests/fixtures/campaign/live_a1_l1.tscn' at thread -1
Loading resource: res://tests/fixtures/campaign/live_a1_l1.tscn remapped: res://tests/fixtures/campaign/live_a1_l1.tscn
Completed load for: 'res://tests/fixtures/campaign/live_a1_l1.tscn' remapped 'res://tests/fixtures/campaign/live_a1_l1.tscn' at thread -1
Loading resource: res://tests/fixtures/campaign/live_a1_l1.tscn remapped: res://tests/fixtures/campaign/live_a1_l1.tscn
Completed load for: 'res://tests/fixtures/campaign/live_a1_l1.tscn' remapped 'res://tests/fixtures/campaign/live_a1_l1.tscn' at thread -1
Loading resource: res://tests/fixtures/campaign/live_a1_l1.tscn remapped: res://tests/fixtures/campaign/live_a1_l1.tscn
Completed load for: 'res://tests/fixtures/campaign/live_a1_l1.tscn' remapped 'res://tests/fixtures/campaign/live_a1_l1.tscn' at thread -1
Loading resource: res://tests/fixtures/campaign/live_a1_l1.tscn remapped: res://tests/fixtures/campaign/live_a1_l1.tscn
Completed load for: 'res://tests/fixtures/campaign/live_a1_l1.tscn' remapped 'res://tests/fixtures/campaign/live_a1_l1.tscn' at thread -1
Loading resource: res://tests/fixtures/campaign/live_a1_l1.tscn remapped: res://tests/fixtures/campaign/live_a1_l1.tscn
Completed load for: 'res://tests/fixtures/campaign/live_a1_l1.tscn' remapped 'res://tests/fixtures/campaign/live_a1_l1.tscn' at thread -1
Loading resource: res://tests/fixtures/campaign/live_a1_l1.tscn remapped: res://tests/fixtures/campaign/live_a1_l1.tscn
Completed load for: 'res://tests/fixtures/campaign/live_a1_l1.tscn' remapped 'res://tests/fixtures/campaign/live_a1_l1.tscn' at thread -1
Loading resource: res://tests/fixtures/campaign/live_a1_l1.tscn remapped: res://tests/fixtures/campaign/live_a1_l1.tscn
Completed load for: 'res://tests/fixtures/campaign/live_a1_l1.tscn' remapped 'res://tests/fixtures/campaign/live_a1_l1.tscn' at thread -1
Loading resource: res://tests/fixtures/campaign/live_a1_l1.tscn remapped: res://tests/fixtures/campaign/live_a1_l1.tscn
Completed load for: 'res://tests/fixtures/campaign/live_a1_l1.tscn' remapped 'res://tests/fixtures/campaign/live_a1_l1.tscn' at thread -1
Loading resource: res://tests/fixtures/campaign/live_a1_l1.tscn remapped: res://tests/fixtures/campaign/live_a1_l1.tscn
Completed load for: 'res://tests/fixtures/campaign/live_a1_l1.tscn' remapped 'res://tests/fixtures/campaign/live_a1_l1.tscn' at thread -1
Loading resource: res://tests/fixtures/campaign/live_a1_l1.tscn remapped: res://tests/fixtures/campaign/live_a1_l1.tscn
Completed load for: 'res://tests/fixtures/campaign/live_a1_l1.tscn' remapped 'res://tests/fixtures/campaign/live_a1_l1.tscn' at thread -1
Loading resource: res://tests/fixtures/campaign/live_a1_l1.tscn remapped: res://tests/fixtures/campaign/live_a1_l1.tscn
Completed load for: 'res://tests/fixtures/campaign/live_a1_l1.tscn' remapped 'res://tests/fixtures/campaign/live_a1_l1.tscn' at thread -1
Loading resource: res://tests/fixtures/campaign/live_a1_l1.tscn remapped: res://tests/fixtures/campaign/live_a1_l1.tscn
Completed load for: 'res://tests/fixtures/campaign/live_a1_l1.tscn' remapped 'res://tests/fixtures/campaign/live_a1_l1.tscn' at thread -1
Loading resource: res://tests/fixtures/campaign/live_a1_l1.tscn remapped: res://tests/fixtures/campaign/live_a1_l1.tscn
Completed load for: 'res://tests/fixtures/campaign/live_a1_l1.tscn' remapped 'res://tests/fixtures/campaign/live_a1_l1.tscn' at thread -1
Loading resource: res://tests/fixtures/campaign/live_a1_l1.tscn remapped: res://tests/fixtures/campaign/live_a1_l1.tscn
Completed load for: 'res://tests/fixtures/campaign/live_a1_l1.tscn' remapped 'res://tests/fixtures/campaign/live_a1_l1.tscn' at thread -1
Loading resource: res://tests/fixtures/campaign/live_a1_l1.tscn remapped: res://tests/fixtures/campaign/live_a1_l1.tscn
Completed load for: 'res://tests/fixtures/campaign/live_a1_l1.tscn' remapped 'res://tests/fixtures/campaign/live_a1_l1.tscn' at thread -1
Loading resource: res://tests/fixtures/campaign/live_a1_l1.tscn remapped: res://tests/fixtures/campaign/live_a1_l1.tscn
Completed load for: 'res://tests/fixtures/campaign/live_a1_l1.tscn' remapped 'res://tests/fixtures/campaign/live_a1_l1.tscn' at thread -1
Loading resource: res://tests/fixtures/campaign/live_a1_l1.tscn remapped: res://tests/fixtures/campaign/live_a1_l1.tscn
Completed load for: 'res://tests/fixtures/campaign/live_a1_l1.tscn' remapped 'res://tests/fixtures/campaign/live_a1_l1.tscn' at thread -1
Loading resource: res://tests/fixtures/campaign/live_a1_l1.tscn remapped: res://tests/fixtures/campaign/live_a1_l1.tscn
Completed load for: 'res://tests/fixtures/campaign/live_a1_l1.tscn' remapped 'res://tests/fixtures/campaign/live_a1_l1.tscn' at thread -1
Loading resource: res://tests/fixtures/campaign/live_a1_l1.tscn remapped: res://tests/fixtures/campaign/live_a1_l1.tscn
Completed load for: 'res://tests/fixtures/campaign/live_a1_l1.tscn' remapped 'res://tests/fixtures/campaign/live_a1_l1.tscn' at thread -1
Loading resource: res://tests/fixtures/campaign/live_a1_l1.tscn remapped: res://tests/fixtures/campaign/live_a1_l1.tscn
Completed load for: 'res://tests/fixtures/campaign/live_a1_l1.tscn' remapped 'res://tests/fixtures/campaign/live_a1_l1.tscn' at thread -1
Loading resource: res://tests/fixtures/campaign/live_a1_l1.tscn remapped: res://tests/fixtures/campaign/live_a1_l1.tscn
Completed load for: 'res://tests/fixtures/campaign/live_a1_l1.tscn' remapped 'res://tests/fixtures/campaign/live_a1_l1.tscn' at thread -1
Loading resource: res://tests/fixtures/campaign/live_a1_l1.tscn remapped: res://tests/fixtures/campaign/live_a1_l1.tscn
Completed load for: 'res://tests/fixtures/campaign/live_a1_l1.tscn' remapped 'res://tests/fixtures/campaign/live_a1_l1.tscn' at thread -1
Loading resource: res://tests/fixtures/campaign/live_a1_l1.tscn remapped: res://tests/fixtures/campaign/live_a1_l1.tscn
Completed load for: 'res://tests/fixtures/campaign/live_a1_l1.tscn' remapped 'res://tests/fixtures/campaign/live_a1_l1.tscn' at thread -1
Loading resource: res://tests/fixtures/campaign/live_a1_l1.tscn remapped: res://tests/fixtures/campaign/live_a1_l1.tscn
Completed load for: 'res://tests/fixtures/campaign/live_a1_l1.tscn' remapped 'res://tests/fixtures/campaign/live_a1_l1.tscn' at thread -1
Loading resource: res://tests/fixtures/campaign/live_a1_l1.tscn remapped: res://tests/fixtures/campaign/live_a1_l1.tscn
Completed load for: 'res://tests/fixtures/campaign/live_a1_l1.tscn' remapped 'res://tests/fixtures/campaign/live_a1_l1.tscn' at thread -1
Loading resource: res://tests/fixtures/campaign/live_a1_l1.tscn remapped: res://tests/fixtures/campaign/live_a1_l1.tscn
Completed load for: 'res://tests/fixtures/campaign/live_a1_l1.tscn' remapped 'res://tests/fixtures/campaign/live_a1_l1.tscn' at thread -1
Loading resource: res://tests/fixtures/campaign/live_a1_l1.tscn remapped: res://tests/fixtures/campaign/live_a1_l1.tscn
Completed load for: 'res://tests/fixtures/campaign/live_a1_l1.tscn' remapped 'res://tests/fixtures/campaign/live_a1_l1.tscn' at thread -1
Loading resource: res://tests/fixtures/campaign/live_a1_l1.tscn remapped: res://tests/fixtures/campaign/live_a1_l1.tscn
Completed load for: 'res://tests/fixtures/campaign/live_a1_l1.tscn' remapped 'res://tests/fixtures/campaign/live_a1_l1.tscn' at thread -1
Loading resource: res://tests/fixtures/campaign/live_a1_l1.tscn remapped: res://tests/fixtures/campaign/live_a1_l1.tscn
Completed load for: 'res://tests/fixtures/campaign/live_a1_l1.tscn' remapped 'res://tests/fixtures/campaign/live_a1_l1.tscn' at thread -1
Loading resource: res://tests/fixtures/campaign/live_a1_l1.tscn remapped: res://tests/fixtures/campaign/live_a1_l1.tscn
Completed load for: 'res://tests/fixtures/campaign/live_a1_l1.tscn' remapped 'res://tests/fixtures/campaign/live_a1_l1.tscn' at thread -1
Loading resource: res://tests/fixtures/campaign/live_a1_l1.tscn remapped: res://tests/fixtures/campaign/live_a1_l1.tscn
Completed load for: 'res://tests/fixtures/campaign/live_a1_l1.tscn' remapped 'res://tests/fixtures/campaign/live_a1_l1.tscn' at thread -1
Loading resource: res://tests/fixtures/campaign/live_a1_l1.tscn remapped: res://tests/fixtures/campaign/live_a1_l1.tscn
Completed load for: 'res://tests/fixtures/campaign/live_a1_l1.tscn' remapped 'res://tests/fixtures/campaign/live_a1_l1.tscn' at thread -1
Loading resource: res://tests/fixtures/campaign/live_a1_l1.tscn remapped: res://tests/fixtures/campaign/live_a1_l1.tscn
Completed load for: 'res://tests/fixtures/campaign/live_a1_l1.tscn' remapped 'res://tests/fixtures/campaign/live_a1_l1.tscn' at thread -1
Loading resource: res://tests/fixtures/campaign/live_a1_l1.tscn remapped: res://tests/fixtures/campaign/live_a1_l1.tscn
Completed load for: 'res://tests/fixtures/campaign/live_a1_l1.tscn' remapped 'res://tests/fixtures/campaign/live_a1_l1.tscn' at thread -1
Loading resource: res://tests/fixtures/campaign/live_a1_l1.tscn remapped: res://tests/fixtures/campaign/live_a1_l1.tscn
Completed load for: 'res://tests/fixtures/campaign/live_a1_l1.tscn' remapped 'res://tests/fixtures/campaign/live_a1_l1.tscn' at thread -1
Loading resource: res://tests/fixtures/campaign/live_a1_l1.tscn remapped: res://tests/fixtures/campaign/live_a1_l1.tscn
Completed load for: 'res://tests/fixtures/campaign/live_a1_l1.tscn' remapped 'res://tests/fixtures/campaign/live_a1_l1.tscn' at thread -1
Loading resource: res://tests/fixtures/campaign/live_a1_l1.tscn remapped: res://tests/fixtures/campaign/live_a1_l1.tscn
Completed load for: 'res://tests/fixtures/campaign/live_a1_l1.tscn' remapped 'res://tests/fixtures/campaign/live_a1_l1.tscn' at thread -1
Loading resource: res://tests/fixtures/campaign/live_a1_l1.tscn remapped: res://tests/fixtures/campaign/live_a1_l1.tscn
Completed load for: 'res://tests/fixtures/campaign/live_a1_l1.tscn' remapped 'res://tests/fixtures/campaign/live_a1_l1.tscn' at thread -1
Loading resource: res://tests/fixtures/campaign/live_a1_l1.tscn remapped: res://tests/fixtures/campaign/live_a1_l1.tscn
Completed load for: 'res://tests/fixtures/campaign/live_a1_l1.tscn' remapped 'res://tests/fixtures/campaign/live_a1_l1.tscn' at thread -1
Loading resource: res://tests/fixtures/campaign/live_a1_l1.tscn remapped: res://tests/fixtures/campaign/live_a1_l1.tscn
Completed load for: 'res://tests/fixtures/campaign/live_a1_l1.tscn' remapped 'res://tests/fixtures/campaign/live_a1_l1.tscn' at thread -1
Loading resource: res://tests/fixtures/campaign/live_a1_l1.tscn remapped: res://tests/fixtures/campaign/live_a1_l1.tscn
Completed load for: 'res://tests/fixtures/campaign/live_a1_l1.tscn' remapped 'res://tests/fixtures/campaign/live_a1_l1.tscn' at thread -1
Loading resource: res://tests/fixtures/campaign/live_a1_l1.tscn remapped: res://tests/fixtures/campaign/live_a1_l1.tscn
Completed load for: 'res://tests/fixtures/campaign/live_a1_l1.tscn' remapped 'res://tests/fixtures/campaign/live_a1_l1.tscn' at thread -1
Loading resource: res://tests/fixtures/campaign/live_a1_l1.tscn remapped: res://tests/fixtures/campaign/live_a1_l1.tscn
Completed load for: 'res://tests/fixtures/campaign/live_a1_l1.tscn' remapped 'res://tests/fixtures/campaign/live_a1_l1.tscn' at thread -1
Loading resource: res://tests/fixtures/campaign/live_a1_l1.tscn remapped: res://tests/fixtures/campaign/live_a1_l1.tscn
Completed load for: 'res://tests/fixtures/campaign/live_a1_l1.tscn' remapped 'res://tests/fixtures/campaign/live_a1_l1.tscn' at thread -1
Loading resource: res://tests/fixtures/campaign/live_a1_l1.tscn remapped: res://tests/fixtures/campaign/live_a1_l1.tscn
Completed load for: 'res://tests/fixtures/campaign/live_a1_l1.tscn' remapped 'res://tests/fixtures/campaign/live_a1_l1.tscn' at thread -1
Loading resource: res://tests/fixtures/campaign/live_a1_l1.tscn remapped: res://tests/fixtures/campaign/live_a1_l1.tscn
Completed load for: 'res://tests/fixtures/campaign/live_a1_l1.tscn' remapped 'res://tests/fixtures/campaign/live_a1_l1.tscn' at thread -1
Loading resource: res://tests/fixtures/campaign/live_a1_l1.tscn remapped: res://tests/fixtures/campaign/live_a1_l1.tscn
Completed load for: 'res://tests/fixtures/campaign/live_a1_l1.tscn' remapped 'res://tests/fixtures/campaign/live_a1_l1.tscn' at thread -1
Loading resource: res://tests/fixtures/campaign/live_a1_l2.tscn remapped: res://tests/fixtures/campaign/live_a1_l2.tscn
Completed load for: 'res://tests/fixtures/campaign/live_a1_l2.tscn' remapped 'res://tests/fixtures/campaign/live_a1_l2.tscn' at thread -1
Loading resource: res://tests/fixtures/campaign/live_a1_l2.tscn remapped: res://tests/fixtures/campaign/live_a1_l2.tscn
Completed load for: 'res://tests/fixtures/campaign/live_a1_l2.tscn' remapped 'res://tests/fixtures/campaign/live_a1_l2.tscn' at thread -1
Loading resource: res://tests/fixtures/campaign/live_a1_l2.tscn remapped: res://tests/fixtures/campaign/live_a1_l2.tscn
Completed load for: 'res://tests/fixtures/campaign/live_a1_l2.tscn' remapped 'res://tests/fixtures/campaign/live_a1_l2.tscn' at thread -1
Loading resource: res://tests/fixtures/campaign/live_a1_l2.tscn remapped: res://tests/fixtures/campaign/live_a1_l2.tscn
Completed load for: 'res://tests/fixtures/campaign/live_a1_l2.tscn' remapped 'res://tests/fixtures/campaign/live_a1_l2.tscn' at thread -1
Loading resource: res://tests/fixtures/campaign/live_a1_l2.tscn remapped: res://tests/fixtures/campaign/live_a1_l2.tscn
Completed load for: 'res://tests/fixtures/campaign/live_a1_l2.tscn' remapped 'res://tests/fixtures/campaign/live_a1_l2.tscn' at thread -1
Loading resource: res://tests/fixtures/campaign/live_a1_l2.tscn remapped: res://tests/fixtures/campaign/live_a1_l2.tscn
Completed load for: 'res://tests/fixtures/campaign/live_a1_l2.tscn' remapped 'res://tests/fixtures/campaign/live_a1_l2.tscn' at thread -1
Loading resource: res://tests/fixtures/campaign/live_a1_l2.tscn remapped: res://tests/fixtures/campaign/live_a1_l2.tscn
Completed load for: 'res://tests/fixtures/campaign/live_a1_l2.tscn' remapped 'res://tests/fixtures/campaign/live_a1_l2.tscn' at thread -1
Loading resource: res://tests/fixtures/campaign/live_a1_l2.tscn remapped: res://tests/fixtures/campaign/live_a1_l2.tscn
Completed load for: 'res://tests/fixtures/campaign/live_a1_l2.tscn' remapped 'res://tests/fixtures/campaign/live_a1_l2.tscn' at thread -1
Loading resource: res://tests/fixtures/campaign/live_a1_l2.tscn remapped: res://tests/fixtures/campaign/live_a1_l2.tscn
Completed load for: 'res://tests/fixtures/campaign/live_a1_l2.tscn' remapped 'res://tests/fixtures/campaign/live_a1_l2.tscn' at thread -1
Loading resource: res://tests/fixtures/campaign/live_a1_l2.tscn remapped: res://tests/fixtures/campaign/live_a1_l2.tscn
Completed load for: 'res://tests/fixtures/campaign/live_a1_l2.tscn' remapped 'res://tests/fixtures/campaign/live_a1_l2.tscn' at thread -1
Loading resource: res://tests/fixtures/campaign/live_a1_l1.tscn remapped: res://tests/fixtures/campaign/live_a1_l1.tscn
Completed load for: 'res://tests/fixtures/campaign/live_a1_l1.tscn' remapped 'res://tests/fixtures/campaign/live_a1_l1.tscn' at thread -1
Loading resource: res://tests/fixtures/campaign/live_a1_l1.tscn remapped: res://tests/fixtures/campaign/live_a1_l1.tscn
Completed load for: 'res://tests/fixtures/campaign/live_a1_l1.tscn' remapped 'res://tests/fixtures/campaign/live_a1_l1.tscn' at thread -1
Loading resource: res://tests/fixtures/campaign/live_a1_l2.tscn remapped: res://tests/fixtures/campaign/live_a1_l2.tscn
Completed load for: 'res://tests/fixtures/campaign/live_a1_l2.tscn' remapped 'res://tests/fixtures/campaign/live_a1_l2.tscn' at thread -1
Loading resource: res://tests/fixtures/campaign/live_a1_l2.tscn remapped: res://tests/fixtures/campaign/live_a1_l2.tscn
Completed load for: 'res://tests/fixtures/campaign/live_a1_l2.tscn' remapped 'res://tests/fixtures/campaign/live_a1_l2.tscn' at thread -1
Loading resource: res://tests/fixtures/campaign/live_a1_l2.tscn remapped: res://tests/fixtures/campaign/live_a1_l2.tscn
Completed load for: 'res://tests/fixtures/campaign/live_a1_l2.tscn' remapped 'res://tests/fixtures/campaign/live_a1_l2.tscn' at thread -1
Loading resource: res://tests/fixtures/campaign/live_a1_l2.tscn remapped: res://tests/fixtures/campaign/live_a1_l2.tscn
Completed load for: 'res://tests/fixtures/campaign/live_a1_l2.tscn' remapped 'res://tests/fixtures/campaign/live_a1_l2.tscn' at thread -1
Loading resource: res://tests/fixtures/campaign/live_a1_l2.tscn remapped: res://tests/fixtures/campaign/live_a1_l2.tscn
Completed load for: 'res://tests/fixtures/campaign/live_a1_l2.tscn' remapped 'res://tests/fixtures/campaign/live_a1_l2.tscn' at thread -1
Loading resource: res://tests/fixtures/campaign/live_a1_l2.tscn remapped: res://tests/fixtures/campaign/live_a1_l2.tscn
Completed load for: 'res://tests/fixtures/campaign/live_a1_l2.tscn' remapped 'res://tests/fixtures/campaign/live_a1_l2.tscn' at thread -1
Loading resource: res://tests/fixtures/campaign/live_a1_l2.tscn remapped: res://tests/fixtures/campaign/live_a1_l2.tscn
Completed load for: 'res://tests/fixtures/campaign/live_a1_l2.tscn' remapped 'res://tests/fixtures/campaign/live_a1_l2.tscn' at thread -1
Loading resource: res://tests/fixtures/campaign/live_a1_l2.tscn remapped: res://tests/fixtures/campaign/live_a1_l2.tscn
Completed load for: 'res://tests/fixtures/campaign/live_a1_l2.tscn' remapped 'res://tests/fixtures/campaign/live_a1_l2.tscn' at thread -1
Loading resource: res://tests/fixtures/campaign/live_a1_l2.tscn remapped: res://tests/fixtures/campaign/live_a1_l2.tscn
Completed load for: 'res://tests/fixtures/campaign/live_a1_l2.tscn' remapped 'res://tests/fixtures/campaign/live_a1_l2.tscn' at thread -1
Loading resource: res://tests/fixtures/campaign/live_a1_l2.tscn remapped: res://tests/fixtures/campaign/live_a1_l2.tscn
Completed load for: 'res://tests/fixtures/campaign/live_a1_l2.tscn' remapped 'res://tests/fixtures/campaign/live_a1_l2.tscn' at thread -1
Loading resource: res://tests/fixtures/campaign/live_a1_l2.tscn remapped: res://tests/fixtures/campaign/live_a1_l2.tscn
Completed load for: 'res://tests/fixtures/campaign/live_a1_l2.tscn' remapped 'res://tests/fixtures/campaign/live_a1_l2.tscn' at thread -1
Loading resource: res://tests/fixtures/campaign/live_a1_l2.tscn remapped: res://tests/fixtures/campaign/live_a1_l2.tscn
Completed load for: 'res://tests/fixtures/campaign/live_a1_l2.tscn' remapped 'res://tests/fixtures/campaign/live_a1_l2.tscn' at thread -1
Loading resource: res://tests/fixtures/campaign/live_a1_l2.tscn remapped: res://tests/fixtures/campaign/live_a1_l2.tscn
Completed load for: 'res://tests/fixtures/campaign/live_a1_l2.tscn' remapped 'res://tests/fixtures/campaign/live_a1_l2.tscn' at thread -1
Loading resource: res://tests/fixtures/campaign/live_a1_l2.tscn remapped: res://tests/fixtures/campaign/live_a1_l2.tscn
Completed load for: 'res://tests/fixtures/campaign/live_a1_l2.tscn' remapped 'res://tests/fixtures/campaign/live_a1_l2.tscn' at thread -1
Loading resource: res://tests/fixtures/campaign/live_a1_l2.tscn remapped: res://tests/fixtures/campaign/live_a1_l2.tscn
Completed load for: 'res://tests/fixtures/campaign/live_a1_l2.tscn' remapped 'res://tests/fixtures/campaign/live_a1_l2.tscn' at thread -1
Loading resource: res://tests/fixtures/campaign/live_a1_l2.tscn remapped: res://tests/fixtures/campaign/live_a1_l2.tscn
Completed load for: 'res://tests/fixtures/campaign/live_a1_l2.tscn' remapped 'res://tests/fixtures/campaign/live_a1_l2.tscn' at thread -1
Loading resource: res://tests/fixtures/campaign/live_a1_l2.tscn remapped: res://tests/fixtures/campaign/live_a1_l2.tscn
Completed load for: 'res://tests/fixtures/campaign/live_a1_l2.tscn' remapped 'res://tests/fixtures/campaign/live_a1_l2.tscn' at thread -1
Loading resource: res://tests/fixtures/campaign/live_a1_l2.tscn remapped: res://tests/fixtures/campaign/live_a1_l2.tscn
Completed load for: 'res://tests/fixtures/campaign/live_a1_l2.tscn' remapped 'res://tests/fixtures/campaign/live_a1_l2.tscn' at thread -1
Loading resource: res://tests/fixtures/campaign/live_a1_l2.tscn remapped: res://tests/fixtures/campaign/live_a1_l2.tscn
Completed load for: 'res://tests/fixtures/campaign/live_a1_l2.tscn' remapped 'res://tests/fixtures/campaign/live_a1_l2.tscn' at thread -1
Loading resource: res://tests/fixtures/campaign/live_a1_l2.tscn remapped: res://tests/fixtures/campaign/live_a1_l2.tscn
Completed load for: 'res://tests/fixtures/campaign/live_a1_l2.tscn' remapped 'res://tests/fixtures/campaign/live_a1_l2.tscn' at thread -1
Loading resource: res://tests/fixtures/campaign/live_a1_l2.tscn remapped: res://tests/fixtures/campaign/live_a1_l2.tscn
Completed load for: 'res://tests/fixtures/campaign/live_a1_l2.tscn' remapped 'res://tests/fixtures/campaign/live_a1_l2.tscn' at thread -1
Loading resource: res://tests/fixtures/campaign/live_a1_l2.tscn remapped: res://tests/fixtures/campaign/live_a1_l2.tscn
Completed load for: 'res://tests/fixtures/campaign/live_a1_l2.tscn' remapped 'res://tests/fixtures/campaign/live_a1_l2.tscn' at thread -1
Loading resource: res://tests/fixtures/campaign/live_a1_l2.tscn remapped: res://tests/fixtures/campaign/live_a1_l2.tscn
Completed load for: 'res://tests/fixtures/campaign/live_a1_l2.tscn' remapped 'res://tests/fixtures/campaign/live_a1_l2.tscn' at thread -1
Loading resource: res://tests/fixtures/campaign/live_a1_l2.tscn remapped: res://tests/fixtures/campaign/live_a1_l2.tscn
Completed load for: 'res://tests/fixtures/campaign/live_a1_l2.tscn' remapped 'res://tests/fixtures/campaign/live_a1_l2.tscn' at thread -1
Loading resource: res://tests/fixtures/campaign/live_a1_l2.tscn remapped: res://tests/fixtures/campaign/live_a1_l2.tscn
Completed load for: 'res://tests/fixtures/campaign/live_a1_l2.tscn' remapped 'res://tests/fixtures/campaign/live_a1_l2.tscn' at thread -1
Loading resource: res://tests/fixtures/campaign/live_a1_l2.tscn remapped: res://tests/fixtures/campaign/live_a1_l2.tscn
Completed load for: 'res://tests/fixtures/campaign/live_a1_l2.tscn' remapped 'res://tests/fixtures/campaign/live_a1_l2.tscn' at thread -1
Loading resource: res://tests/fixtures/campaign/live_a1_l2.tscn remapped: res://tests/fixtures/campaign/live_a1_l2.tscn
Completed load for: 'res://tests/fixtures/campaign/live_a1_l2.tscn' remapped 'res://tests/fixtures/campaign/live_a1_l2.tscn' at thread -1
Loading resource: res://tests/fixtures/campaign/live_a1_l2.tscn remapped: res://tests/fixtures/campaign/live_a1_l2.tscn
Completed load for: 'res://tests/fixtures/campaign/live_a1_l2.tscn' remapped 'res://tests/fixtures/campaign/live_a1_l2.tscn' at thread -1
Loading resource: res://tests/fixtures/campaign/live_a1_l1.tscn remapped: res://tests/fixtures/campaign/live_a1_l1.tscn
Completed load for: 'res://tests/fixtures/campaign/live_a1_l1.tscn' remapped 'res://tests/fixtures/campaign/live_a1_l1.tscn' at thread -1
Loading resource: res://tests/fixtures/campaign/live_a1_l1.tscn remapped: res://tests/fixtures/campaign/live_a1_l1.tscn
Completed load for: 'res://tests/fixtures/campaign/live_a1_l1.tscn' remapped 'res://tests/fixtures/campaign/live_a1_l1.tscn' at thread -1
Loading resource: res://tests/fixtures/campaign/live_a1_l1.tscn remapped: res://tests/fixtures/campaign/live_a1_l1.tscn
Completed load for: 'res://tests/fixtures/campaign/live_a1_l1.tscn' remapped 'res://tests/fixtures/campaign/live_a1_l1.tscn' at thread -1
Loading resource: res://tests/fixtures/campaign/live_a1_l1.tscn remapped: res://tests/fixtures/campaign/live_a1_l1.tscn
Completed load for: 'res://tests/fixtures/campaign/live_a1_l1.tscn' remapped 'res://tests/fixtures/campaign/live_a1_l1.tscn' at thread -1
Loading resource: res://tests/fixtures/campaign/live_a1_l1.tscn remapped: res://tests/fixtures/campaign/live_a1_l1.tscn
Completed load for: 'res://tests/fixtures/campaign/live_a1_l1.tscn' remapped 'res://tests/fixtures/campaign/live_a1_l1.tscn' at thread -1
Loading resource: res://tests/fixtures/campaign/live_a1_l1.tscn remapped: res://tests/fixtures/campaign/live_a1_l1.tscn
Completed load for: 'res://tests/fixtures/campaign/live_a1_l1.tscn' remapped 'res://tests/fixtures/campaign/live_a1_l1.tscn' at thread -1
Loading resource: res://tests/fixtures/campaign/live_a1_l2.tscn remapped: res://tests/fixtures/campaign/live_a1_l2.tscn
Completed load for: 'res://tests/fixtures/campaign/live_a1_l2.tscn' remapped 'res://tests/fixtures/campaign/live_a1_l2.tscn' at thread -1
Loading resource: res://tests/fixtures/campaign/live_a1_l2.tscn remapped: res://tests/fixtures/campaign/live_a1_l2.tscn
Completed load for: 'res://tests/fixtures/campaign/live_a1_l2.tscn' remapped 'res://tests/fixtures/campaign/live_a1_l2.tscn' at thread -1
Loading resource: res://tests/fixtures/campaign/live_a1_l1.tscn remapped: res://tests/fixtures/campaign/live_a1_l1.tscn
Completed load for: 'res://tests/fixtures/campaign/live_a1_l1.tscn' remapped 'res://tests/fixtures/campaign/live_a1_l1.tscn' at thread -1
Loading resource: res://tests/fixtures/campaign/live_a1_l1.tscn remapped: res://tests/fixtures/campaign/live_a1_l1.tscn
Completed load for: 'res://tests/fixtures/campaign/live_a1_l1.tscn' remapped 'res://tests/fixtures/campaign/live_a1_l1.tscn' at thread -1
Loading resource: res://tests/fixtures/campaign/live_a1_l2.tscn remapped: res://tests/fixtures/campaign/live_a1_l2.tscn
Completed load for: 'res://tests/fixtures/campaign/live_a1_l2.tscn' remapped 'res://tests/fixtures/campaign/live_a1_l2.tscn' at thread -1
Loading resource: res://tests/fixtures/campaign/live_a1_l2.tscn remapped: res://tests/fixtures/campaign/live_a1_l2.tscn
Completed load for: 'res://tests/fixtures/campaign/live_a1_l2.tscn' remapped 'res://tests/fixtures/campaign/live_a1_l2.tscn' at thread -1
Loading resource: res://tests/fixtures/campaign/live_a1_l2.tscn remapped: res://tests/fixtures/campaign/live_a1_l2.tscn
Completed load for: 'res://tests/fixtures/campaign/live_a1_l2.tscn' remapped 'res://tests/fixtures/campaign/live_a1_l2.tscn' at thread -1
Loading resource: res://tests/fixtures/campaign/live_a1_l2.tscn remapped: res://tests/fixtures/campaign/live_a1_l2.tscn
Completed load for: 'res://tests/fixtures/campaign/live_a1_l2.tscn' remapped 'res://tests/fixtures/campaign/live_a1_l2.tscn' at thread -1
Loading resource: res://tests/fixtures/campaign/live_a1_l2.tscn remapped: res://tests/fixtures/campaign/live_a1_l2.tscn
Completed load for: 'res://tests/fixtures/campaign/live_a1_l2.tscn' remapped 'res://tests/fixtures/campaign/live_a1_l2.tscn' at thread -1
Loading resource: res://tests/fixtures/campaign/live_a1_l2.tscn remapped: res://tests/fixtures/campaign/live_a1_l2.tscn
Completed load for: 'res://tests/fixtures/campaign/live_a1_l2.tscn' remapped 'res://tests/fixtures/campaign/live_a1_l2.tscn' at thread -1
Loading resource: res://tests/fixtures/campaign/live_a1_l1.tscn remapped: res://tests/fixtures/campaign/live_a1_l1.tscn
Completed load for: 'res://tests/fixtures/campaign/live_a1_l1.tscn' remapped 'res://tests/fixtures/campaign/live_a1_l1.tscn' at thread -1
Loading resource: res://tests/fixtures/campaign/live_a1_l2.tscn remapped: res://tests/fixtures/campaign/live_a1_l2.tscn
Completed load for: 'res://tests/fixtures/campaign/live_a1_l2.tscn' remapped 'res://tests/fixtures/campaign/live_a1_l2.tscn' at thread -1
Loading resource: res://tests/fixtures/campaign/live_a1_l2.tscn remapped: res://tests/fixtures/campaign/live_a1_l2.tscn
Completed load for: 'res://tests/fixtures/campaign/live_a1_l2.tscn' remapped 'res://tests/fixtures/campaign/live_a1_l2.tscn' at thread -1
Loading resource: res://tests/fixtures/campaign/live_a1_l2.tscn remapped: res://tests/fixtures/campaign/live_a1_l2.tscn
Completed load for: 'res://tests/fixtures/campaign/live_a1_l2.tscn' remapped 'res://tests/fixtures/campaign/live_a1_l2.tscn' at thread -1
Loading resource: res://tests/fixtures/campaign/live_a1_l2.tscn remapped: res://tests/fixtures/campaign/live_a1_l2.tscn
Completed load for: 'res://tests/fixtures/campaign/live_a1_l2.tscn' remapped 'res://tests/fixtures/campaign/live_a1_l2.tscn' at thread -1
Loading resource: res://tests/fixtures/campaign/live_a1_l1.tscn remapped: res://tests/fixtures/campaign/live_a1_l1.tscn
Completed load for: 'res://tests/fixtures/campaign/live_a1_l1.tscn' remapped 'res://tests/fixtures/campaign/live_a1_l1.tscn' at thread -1
Loading resource: res://tests/fixtures/campaign/live_a1_l1.tscn remapped: res://tests/fixtures/campaign/live_a1_l1.tscn
Completed load for: 'res://tests/fixtures/campaign/live_a1_l1.tscn' remapped 'res://tests/fixtures/campaign/live_a1_l1.tscn' at thread -1
Loading resource: res://tests/fixtures/campaign/live_a1_l2.tscn remapped: res://tests/fixtures/campaign/live_a1_l2.tscn
Completed load for: 'res://tests/fixtures/campaign/live_a1_l2.tscn' remapped 'res://tests/fixtures/campaign/live_a1_l2.tscn' at thread -1
Loading resource: res://tests/fixtures/campaign/live_a1_l2.tscn remapped: res://tests/fixtures/campaign/live_a1_l2.tscn
Completed load for: 'res://tests/fixtures/campaign/live_a1_l2.tscn' remapped 'res://tests/fixtures/campaign/live_a1_l2.tscn' at thread -1
Loading resource: res://tests/fixtures/campaign/live_a1_l2.tscn remapped: res://tests/fixtures/campaign/live_a1_l2.tscn
Completed load for: 'res://tests/fixtures/campaign/live_a1_l2.tscn' remapped 'res://tests/fixtures/campaign/live_a1_l2.tscn' at thread -1
Loading resource: res://tests/fixtures/campaign/live_a1_l2.tscn remapped: res://tests/fixtures/campaign/live_a1_l2.tscn
Completed load for: 'res://tests/fixtures/campaign/live_a1_l2.tscn' remapped 'res://tests/fixtures/campaign/live_a1_l2.tscn' at thread -1
Loading resource: res://tests/fixtures/campaign/live_a1_l2.tscn remapped: res://tests/fixtures/campaign/live_a1_l2.tscn
Completed load for: 'res://tests/fixtures/campaign/live_a1_l2.tscn' remapped 'res://tests/fixtures/campaign/live_a1_l2.tscn' at thread -1
Loading resource: res://tests/fixtures/campaign/live_a1_l2.tscn remapped: res://tests/fixtures/campaign/live_a1_l2.tscn
Completed load for: 'res://tests/fixtures/campaign/live_a1_l2.tscn' remapped 'res://tests/fixtures/campaign/live_a1_l2.tscn' at thread -1
Loading resource: res://tests/fixtures/campaign/live_a1_l1.tscn remapped: res://tests/fixtures/campaign/live_a1_l1.tscn
Completed load for: 'res://tests/fixtures/campaign/live_a1_l1.tscn' remapped 'res://tests/fixtures/campaign/live_a1_l1.tscn' at thread -1
Loading resource: res://tests/fixtures/campaign/live_a1_l2.tscn remapped: res://tests/fixtures/campaign/live_a1_l2.tscn
Completed load for: 'res://tests/fixtures/campaign/live_a1_l2.tscn' remapped 'res://tests/fixtures/campaign/live_a1_l2.tscn' at thread -1
Loading resource: res://tests/fixtures/campaign/live_a1_l2.tscn remapped: res://tests/fixtures/campaign/live_a1_l2.tscn
Completed load for: 'res://tests/fixtures/campaign/live_a1_l2.tscn' remapped 'res://tests/fixtures/campaign/live_a1_l2.tscn' at thread -1
Loading resource: res://tests/fixtures/campaign/live_a1_l2.tscn remapped: res://tests/fixtures/campaign/live_a1_l2.tscn
Completed load for: 'res://tests/fixtures/campaign/live_a1_l2.tscn' remapped 'res://tests/fixtures/campaign/live_a1_l2.tscn' at thread -1
Loading resource: res://tests/fixtures/campaign/live_a1_l2.tscn remapped: res://tests/fixtures/campaign/live_a1_l2.tscn
Completed load for: 'res://tests/fixtures/campaign/live_a1_l2.tscn' remapped 'res://tests/fixtures/campaign/live_a1_l2.tscn' at thread -1
Loading resource: res://tests/fixtures/campaign/live_a1_l2.tscn remapped: res://tests/fixtures/campaign/live_a1_l2.tscn
Completed load for: 'res://tests/fixtures/campaign/live_a1_l2.tscn' remapped 'res://tests/fixtures/campaign/live_a1_l2.tscn' at thread -1
Loading resource: res://tests/fixtures/campaign/live_a1_l2.tscn remapped: res://tests/fixtures/campaign/live_a1_l2.tscn
Completed load for: 'res://tests/fixtures/campaign/live_a1_l2.tscn' remapped 'res://tests/fixtures/campaign/live_a1_l2.tscn' at thread -1
Loading resource: res://tests/fixtures/campaign/live_a1_l2.tscn remapped: res://tests/fixtures/campaign/live_a1_l2.tscn
Completed load for: 'res://tests/fixtures/campaign/live_a1_l2.tscn' remapped 'res://tests/fixtures/campaign/live_a1_l2.tscn' at thread -1
Loading resource: res://tests/fixtures/campaign/live_a1_l2.tscn remapped: res://tests/fixtures/campaign/live_a1_l2.tscn
Completed load for: 'res://tests/fixtures/campaign/live_a1_l2.tscn' remapped 'res://tests/fixtures/campaign/live_a1_l2.tscn' at thread -1
Loading resource: res://tests/fixtures/campaign/live_a1_l1.tscn remapped: res://tests/fixtures/campaign/live_a1_l1.tscn
Completed load for: 'res://tests/fixtures/campaign/live_a1_l1.tscn' remapped 'res://tests/fixtures/campaign/live_a1_l1.tscn' at thread -1
Loading resource: res://tests/fixtures/campaign/live_a1_l1.tscn remapped: res://tests/fixtures/campaign/live_a1_l1.tscn
Completed load for: 'res://tests/fixtures/campaign/live_a1_l1.tscn' remapped 'res://tests/fixtures/campaign/live_a1_l1.tscn' at thread -1
Loading resource: res://tests/fixtures/campaign/live_a1_l1.tscn remapped: res://tests/fixtures/campaign/live_a1_l1.tscn
Completed load for: 'res://tests/fixtures/campaign/live_a1_l1.tscn' remapped 'res://tests/fixtures/campaign/live_a1_l1.tscn' at thread -1
Loading resource: res://tests/fixtures/campaign/live_a1_l1.tscn remapped: res://tests/fixtures/campaign/live_a1_l1.tscn
Completed load for: 'res://tests/fixtures/campaign/live_a1_l1.tscn' remapped 'res://tests/fixtures/campaign/live_a1_l1.tscn' at thread -1
Loading resource: res://tests/fixtures/campaign/live_a1_l2.tscn remapped: res://tests/fixtures/campaign/live_a1_l2.tscn
Completed load for: 'res://tests/fixtures/campaign/live_a1_l2.tscn' remapped 'res://tests/fixtures/campaign/live_a1_l2.tscn' at thread -1
Loading resource: res://tests/fixtures/campaign/live_a1_l1.tscn remapped: res://tests/fixtures/campaign/live_a1_l1.tscn
Completed load for: 'res://tests/fixtures/campaign/live_a1_l1.tscn' remapped 'res://tests/fixtures/campaign/live_a1_l1.tscn' at thread -1
Loading resource: res://tests/fixtures/campaign/live_a1_l1.tscn remapped: res://tests/fixtures/campaign/live_a1_l1.tscn
Completed load for: 'res://tests/fixtures/campaign/live_a1_l1.tscn' remapped 'res://tests/fixtures/campaign/live_a1_l1.tscn' at thread -1
Loading resource: res://tests/fixtures/campaign/live_a1_l1.tscn remapped: res://tests/fixtures/campaign/live_a1_l1.tscn
Completed load for: 'res://tests/fixtures/campaign/live_a1_l1.tscn' remapped 'res://tests/fixtures/campaign/live_a1_l1.tscn' at thread -1
Loading resource: res://tests/fixtures/campaign/live_a1_l1.tscn remapped: res://tests/fixtures/campaign/live_a1_l1.tscn
Completed load for: 'res://tests/fixtures/campaign/live_a1_l1.tscn' remapped 'res://tests/fixtures/campaign/live_a1_l1.tscn' at thread -1
Loading resource: res://tests/fixtures/campaign/live_a1_l1.tscn remapped: res://tests/fixtures/campaign/live_a1_l1.tscn
Completed load for: 'res://tests/fixtures/campaign/live_a1_l1.tscn' remapped 'res://tests/fixtures/campaign/live_a1_l1.tscn' at thread -1
Loading resource: res://tests/fixtures/campaign/live_a1_l1.tscn remapped: res://tests/fixtures/campaign/live_a1_l1.tscn
Completed load for: 'res://tests/fixtures/campaign/live_a1_l1.tscn' remapped 'res://tests/fixtures/campaign/live_a1_l1.tscn' at thread -1
Loading resource: res://tests/fixtures/campaign/live_a1_l1.tscn remapped: res://tests/fixtures/campaign/live_a1_l1.tscn
Completed load for: 'res://tests/fixtures/campaign/live_a1_l1.tscn' remapped 'res://tests/fixtures/campaign/live_a1_l1.tscn' at thread -1
Loading resource: res://tests/fixtures/campaign/live_a1_l2.tscn remapped: res://tests/fixtures/campaign/live_a1_l2.tscn
Completed load for: 'res://tests/fixtures/campaign/live_a1_l2.tscn' remapped 'res://tests/fixtures/campaign/live_a1_l2.tscn' at thread -1
Loading resource: res://tests/fixtures/campaign/live_a1_l2.tscn remapped: res://tests/fixtures/campaign/live_a1_l2.tscn
Completed load for: 'res://tests/fixtures/campaign/live_a1_l2.tscn' remapped 'res://tests/fixtures/campaign/live_a1_l2.tscn' at thread -1
Loading resource: res://tests/fixtures/campaign/live_a1_l2.tscn remapped: res://tests/fixtures/campaign/live_a1_l2.tscn
Completed load for: 'res://tests/fixtures/campaign/live_a1_l2.tscn' remapped 'res://tests/fixtures/campaign/live_a1_l2.tscn' at thread -1
Loading resource: res://tests/fixtures/campaign/live_a1_l2.tscn remapped: res://tests/fixtures/campaign/live_a1_l2.tscn
Completed load for: 'res://tests/fixtures/campaign/live_a1_l2.tscn' remapped 'res://tests/fixtures/campaign/live_a1_l2.tscn' at thread -1
Loading resource: res://tests/fixtures/campaign/live_a1_l1.tscn remapped: res://tests/fixtures/campaign/live_a1_l1.tscn
Completed load for: 'res://tests/fixtures/campaign/live_a1_l1.tscn' remapped 'res://tests/fixtures/campaign/live_a1_l1.tscn' at thread -1
Loading resource: res://tests/fixtures/campaign/live_a1_l1.tscn remapped: res://tests/fixtures/campaign/live_a1_l1.tscn
Completed load for: 'res://tests/fixtures/campaign/live_a1_l1.tscn' remapped 'res://tests/fixtures/campaign/live_a1_l1.tscn' at thread -1
Loading resource: res://tests/fixtures/campaign/live_a1_l2.tscn remapped: res://tests/fixtures/campaign/live_a1_l2.tscn
Completed load for: 'res://tests/fixtures/campaign/live_a1_l2.tscn' remapped 'res://tests/fixtures/campaign/live_a1_l2.tscn' at thread -1
Loading resource: res://tests/fixtures/campaign/live_a1_l2.tscn remapped: res://tests/fixtures/campaign/live_a1_l2.tscn
Completed load for: 'res://tests/fixtures/campaign/live_a1_l2.tscn' remapped 'res://tests/fixtures/campaign/live_a1_l2.tscn' at thread -1
Loading resource: res://tests/fixtures/campaign/live_a1_l2.tscn remapped: res://tests/fixtures/campaign/live_a1_l2.tscn
Completed load for: 'res://tests/fixtures/campaign/live_a1_l2.tscn' remapped 'res://tests/fixtures/campaign/live_a1_l2.tscn' at thread -1
Loading resource: res://tests/fixtures/campaign/live_a1_l2.tscn remapped: res://tests/fixtures/campaign/live_a1_l2.tscn
Completed load for: 'res://tests/fixtures/campaign/live_a1_l2.tscn' remapped 'res://tests/fixtures/campaign/live_a1_l2.tscn' at thread -1
Loading resource: res://tests/fixtures/campaign/live_a1_l2.tscn remapped: res://tests/fixtures/campaign/live_a1_l2.tscn
Completed load for: 'res://tests/fixtures/campaign/live_a1_l2.tscn' remapped 'res://tests/fixtures/campaign/live_a1_l2.tscn' at thread -1
Loading resource: res://tests/fixtures/campaign/live_a1_l2.tscn remapped: res://tests/fixtures/campaign/live_a1_l2.tscn
Completed load for: 'res://tests/fixtures/campaign/live_a1_l2.tscn' remapped 'res://tests/fixtures/campaign/live_a1_l2.tscn' at thread -1
Loading resource: res://tests/fixtures/campaign/live_a1_l1.tscn remapped: res://tests/fixtures/campaign/live_a1_l1.tscn
Completed load for: 'res://tests/fixtures/campaign/live_a1_l1.tscn' remapped 'res://tests/fixtures/campaign/live_a1_l1.tscn' at thread -1
Loading resource: res://tests/fixtures/campaign/live_a1_l1.tscn remapped: res://tests/fixtures/campaign/live_a1_l1.tscn
Completed load for: 'res://tests/fixtures/campaign/live_a1_l1.tscn' remapped 'res://tests/fixtures/campaign/live_a1_l1.tscn' at thread -1
Loading resource: res://tests/fixtures/campaign/live_a1_l1.tscn remapped: res://tests/fixtures/campaign/live_a1_l1.tscn
Completed load for: 'res://tests/fixtures/campaign/live_a1_l1.tscn' remapped 'res://tests/fixtures/campaign/live_a1_l1.tscn' at thread -1
Loading resource: res://tests/fixtures/campaign/live_a1_l2.tscn remapped: res://tests/fixtures/campaign/live_a1_l2.tscn
Completed load for: 'res://tests/fixtures/campaign/live_a1_l2.tscn' remapped 'res://tests/fixtures/campaign/live_a1_l2.tscn' at thread -1
Loading resource: res://tests/fixtures/campaign/live_a1_l2.tscn remapped: res://tests/fixtures/campaign/live_a1_l2.tscn
Completed load for: 'res://tests/fixtures/campaign/live_a1_l2.tscn' remapped 'res://tests/fixtures/campaign/live_a1_l2.tscn' at thread -1
Loading resource: res://tests/fixtures/campaign/live_a1_l2.tscn remapped: res://tests/fixtures/campaign/live_a1_l2.tscn
Completed load for: 'res://tests/fixtures/campaign/live_a1_l2.tscn' remapped 'res://tests/fixtures/campaign/live_a1_l2.tscn' at thread -1
Loading resource: res://tests/fixtures/campaign/live_a1_l2.tscn remapped: res://tests/fixtures/campaign/live_a1_l2.tscn
Completed load for: 'res://tests/fixtures/campaign/live_a1_l2.tscn' remapped 'res://tests/fixtures/campaign/live_a1_l2.tscn' at thread -1
Loading resource: res://tests/fixtures/campaign/live_a1_l1.tscn remapped: res://tests/fixtures/campaign/live_a1_l1.tscn
Completed load for: 'res://tests/fixtures/campaign/live_a1_l1.tscn' remapped 'res://tests/fixtures/campaign/live_a1_l1.tscn' at thread -1
Loading resource: res://tests/fixtures/campaign/live_a1_l1.tscn remapped: res://tests/fixtures/campaign/live_a1_l1.tscn
Completed load for: 'res://tests/fixtures/campaign/live_a1_l1.tscn' remapped 'res://tests/fixtures/campaign/live_a1_l1.tscn' at thread -1
Loading resource: res://tests/fixtures/campaign/live_a1_l2.tscn remapped: res://tests/fixtures/campaign/live_a1_l2.tscn
Completed load for: 'res://tests/fixtures/campaign/live_a1_l2.tscn' remapped 'res://tests/fixtures/campaign/live_a1_l2.tscn' at thread -1
Loading resource: res://tests/fixtures/campaign/live_a1_l2.tscn remapped: res://tests/fixtures/campaign/live_a1_l2.tscn
Completed load for: 'res://tests/fixtures/campaign/live_a1_l2.tscn' remapped 'res://tests/fixtures/campaign/live_a1_l2.tscn' at thread -1
Loading resource: res://tests/fixtures/campaign/live_a1_l2.tscn remapped: res://tests/fixtures/campaign/live_a1_l2.tscn
Completed load for: 'res://tests/fixtures/campaign/live_a1_l2.tscn' remapped 'res://tests/fixtures/campaign/live_a1_l2.tscn' at thread -1
Loading resource: res://tests/fixtures/campaign/live_a1_l2.tscn remapped: res://tests/fixtures/campaign/live_a1_l2.tscn
Completed load for: 'res://tests/fixtures/campaign/live_a1_l2.tscn' remapped 'res://tests/fixtures/campaign/live_a1_l2.tscn' at thread -1
Loading resource: res://tests/fixtures/campaign/live_a1_l1.tscn remapped: res://tests/fixtures/campaign/live_a1_l1.tscn
Completed load for: 'res://tests/fixtures/campaign/live_a1_l1.tscn' remapped 'res://tests/fixtures/campaign/live_a1_l1.tscn' at thread -1
Loading resource: res://tests/fixtures/campaign/live_a1_l1.tscn remapped: res://tests/fixtures/campaign/live_a1_l1.tscn
Completed load for: 'res://tests/fixtures/campaign/live_a1_l1.tscn' remapped 'res://tests/fixtures/campaign/live_a1_l1.tscn' at thread -1
Loading resource: res://tests/fixtures/campaign/live_a1_l1.tscn remapped: res://tests/fixtures/campaign/live_a1_l1.tscn
Completed load for: 'res://tests/fixtures/campaign/live_a1_l1.tscn' remapped 'res://tests/fixtures/campaign/live_a1_l1.tscn' at thread -1
Loading resource: res://tests/fixtures/campaign/live_a1_l2.tscn remapped: res://tests/fixtures/campaign/live_a1_l2.tscn
Completed load for: 'res://tests/fixtures/campaign/live_a1_l2.tscn' remapped 'res://tests/fixtures/campaign/live_a1_l2.tscn' at thread -1
Loading resource: res://tests/fixtures/campaign/live_a1_l2.tscn remapped: res://tests/fixtures/campaign/live_a1_l2.tscn
Completed load for: 'res://tests/fixtures/campaign/live_a1_l2.tscn' remapped 'res://tests/fixtures/campaign/live_a1_l2.tscn' at thread -1
Loading resource: res://tests/fixtures/campaign/live_a1_l2.tscn remapped: res://tests/fixtures/campaign/live_a1_l2.tscn
Completed load for: 'res://tests/fixtures/campaign/live_a1_l2.tscn' remapped 'res://tests/fixtures/campaign/live_a1_l2.tscn' at thread -1
Loading resource: res://tests/fixtures/campaign/live_a1_l2.tscn remapped: res://tests/fixtures/campaign/live_a1_l2.tscn
Completed load for: 'res://tests/fixtures/campaign/live_a1_l2.tscn' remapped 'res://tests/fixtures/campaign/live_a1_l2.tscn' at thread -1
Loading resource: res://tests/fixtures/campaign/live_a1_l1.tscn remapped: res://tests/fixtures/campaign/live_a1_l1.tscn
Completed load for: 'res://tests/fixtures/campaign/live_a1_l1.tscn' remapped 'res://tests/fixtures/campaign/live_a1_l1.tscn' at thread -1
Loading resource: res://tests/fixtures/campaign/live_a1_l1.tscn remapped: res://tests/fixtures/campaign/live_a1_l1.tscn
Completed load for: 'res://tests/fixtures/campaign/live_a1_l1.tscn' remapped 'res://tests/fixtures/campaign/live_a1_l1.tscn' at thread -1
Loading resource: res://tests/fixtures/campaign/live_a1_l2.tscn remapped: res://tests/fixtures/campaign/live_a1_l2.tscn
Completed load for: 'res://tests/fixtures/campaign/live_a1_l2.tscn' remapped 'res://tests/fixtures/campaign/live_a1_l2.tscn' at thread -1
Loading resource: res://tests/fixtures/campaign/live_a1_l2.tscn remapped: res://tests/fixtures/campaign/live_a1_l2.tscn
Completed load for: 'res://tests/fixtures/campaign/live_a1_l2.tscn' remapped 'res://tests/fixtures/campaign/live_a1_l2.tscn' at thread -1
Loading resource: res://tests/fixtures/campaign/live_a1_l2.tscn remapped: res://tests/fixtures/campaign/live_a1_l2.tscn
Completed load for: 'res://tests/fixtures/campaign/live_a1_l2.tscn' remapped 'res://tests/fixtures/campaign/live_a1_l2.tscn' at thread -1
Loading resource: res://tests/fixtures/campaign/live_a1_l2.tscn remapped: res://tests/fixtures/campaign/live_a1_l2.tscn
Completed load for: 'res://tests/fixtures/campaign/live_a1_l2.tscn' remapped 'res://tests/fixtures/campaign/live_a1_l2.tscn' at thread -1
Loading resource: res://tests/fixtures/campaign/live_a1_l2.tscn remapped: res://tests/fixtures/campaign/live_a1_l2.tscn
Completed load for: 'res://tests/fixtures/campaign/live_a1_l2.tscn' remapped 'res://tests/fixtures/campaign/live_a1_l2.tscn' at thread -1
Loading resource: res://tests/fixtures/campaign/live_a1_l2.tscn remapped: res://tests/fixtures/campaign/live_a1_l2.tscn
Completed load for: 'res://tests/fixtures/campaign/live_a1_l2.tscn' remapped 'res://tests/fixtures/campaign/live_a1_l2.tscn' at thread -1
Loading resource: res://tests/fixtures/campaign/live_a1_l1.tscn remapped: res://tests/fixtures/campaign/live_a1_l1.tscn
Completed load for: 'res://tests/fixtures/campaign/live_a1_l1.tscn' remapped 'res://tests/fixtures/campaign/live_a1_l1.tscn' at thread -1
Loading resource: res://tests/fixtures/campaign/live_a1_l2.tscn remapped: res://tests/fixtures/campaign/live_a1_l2.tscn
Completed load for: 'res://tests/fixtures/campaign/live_a1_l2.tscn' remapped 'res://tests/fixtures/campaign/live_a1_l2.tscn' at thread -1
Loading resource: res://tests/fixtures/campaign/live_a1_l2.tscn remapped: res://tests/fixtures/campaign/live_a1_l2.tscn
Completed load for: 'res://tests/fixtures/campaign/live_a1_l2.tscn' remapped 'res://tests/fixtures/campaign/live_a1_l2.tscn' at thread -1
Loading resource: res://tests/fixtures/campaign/live_a1_l2.tscn remapped: res://tests/fixtures/campaign/live_a1_l2.tscn
Completed load for: 'res://tests/fixtures/campaign/live_a1_l2.tscn' remapped 'res://tests/fixtures/campaign/live_a1_l2.tscn' at thread -1
Loading resource: res://tests/fixtures/campaign/live_a1_l2.tscn remapped: res://tests/fixtures/campaign/live_a1_l2.tscn
Completed load for: 'res://tests/fixtures/campaign/live_a1_l2.tscn' remapped 'res://tests/fixtures/campaign/live_a1_l2.tscn' at thread -1
Loading resource: res://tests/fixtures/campaign/live_a1_l1.tscn remapped: res://tests/fixtures/campaign/live_a1_l1.tscn
Completed load for: 'res://tests/fixtures/campaign/live_a1_l1.tscn' remapped 'res://tests/fixtures/campaign/live_a1_l1.tscn' at thread -1
Loading resource: res://tests/fixtures/campaign/live_a1_l1.tscn remapped: res://tests/fixtures/campaign/live_a1_l1.tscn
Completed load for: 'res://tests/fixtures/campaign/live_a1_l1.tscn' remapped 'res://tests/fixtures/campaign/live_a1_l1.tscn' at thread -1
Loading resource: res://tests/fixtures/campaign/live_a1_l2.tscn remapped: res://tests/fixtures/campaign/live_a1_l2.tscn
Completed load for: 'res://tests/fixtures/campaign/live_a1_l2.tscn' remapped 'res://tests/fixtures/campaign/live_a1_l2.tscn' at thread -1
Loading resource: res://tests/fixtures/campaign/live_a1_l2.tscn remapped: res://tests/fixtures/campaign/live_a1_l2.tscn
Completed load for: 'res://tests/fixtures/campaign/live_a1_l2.tscn' remapped 'res://tests/fixtures/campaign/live_a1_l2.tscn' at thread -1
Loading resource: res://tests/fixtures/campaign/live_a1_l2.tscn remapped: res://tests/fixtures/campaign/live_a1_l2.tscn
Completed load for: 'res://tests/fixtures/campaign/live_a1_l2.tscn' remapped 'res://tests/fixtures/campaign/live_a1_l2.tscn' at thread -1
Loading resource: res://tests/fixtures/campaign/live_a1_l2.tscn remapped: res://tests/fixtures/campaign/live_a1_l2.tscn
Completed load for: 'res://tests/fixtures/campaign/live_a1_l2.tscn' remapped 'res://tests/fixtures/campaign/live_a1_l2.tscn' at thread -1
Loading resource: res://tests/fixtures/campaign/live_a1_l2.tscn remapped: res://tests/fixtures/campaign/live_a1_l2.tscn
Completed load for: 'res://tests/fixtures/campaign/live_a1_l2.tscn' remapped 'res://tests/fixtures/campaign/live_a1_l2.tscn' at thread -1
Loading resource: res://tests/fixtures/campaign/live_a1_l2.tscn remapped: res://tests/fixtures/campaign/live_a1_l2.tscn
Completed load for: 'res://tests/fixtures/campaign/live_a1_l2.tscn' remapped 'res://tests/fixtures/campaign/live_a1_l2.tscn' at thread -1
Loading resource: res://tests/fixtures/campaign/live_a1_l1.tscn remapped: res://tests/fixtures/campaign/live_a1_l1.tscn
Completed load for: 'res://tests/fixtures/campaign/live_a1_l1.tscn' remapped 'res://tests/fixtures/campaign/live_a1_l1.tscn' at thread -1
Loading resource: res://tests/fixtures/campaign/live_a1_l2.tscn remapped: res://tests/fixtures/campaign/live_a1_l2.tscn
Completed load for: 'res://tests/fixtures/campaign/live_a1_l2.tscn' remapped 'res://tests/fixtures/campaign/live_a1_l2.tscn' at thread -1
Loading resource: res://tests/fixtures/campaign/live_a1_l2.tscn remapped: res://tests/fixtures/campaign/live_a1_l2.tscn
Completed load for: 'res://tests/fixtures/campaign/live_a1_l2.tscn' remapped 'res://tests/fixtures/campaign/live_a1_l2.tscn' at thread -1
Loading resource: res://tests/fixtures/campaign/live_a1_l2.tscn remapped: res://tests/fixtures/campaign/live_a1_l2.tscn
Completed load for: 'res://tests/fixtures/campaign/live_a1_l2.tscn' remapped 'res://tests/fixtures/campaign/live_a1_l2.tscn' at thread -1
Loading resource: res://tests/fixtures/campaign/live_a1_l2.tscn remapped: res://tests/fixtures/campaign/live_a1_l2.tscn
Completed load for: 'res://tests/fixtures/campaign/live_a1_l2.tscn' remapped 'res://tests/fixtures/campaign/live_a1_l2.tscn' at thread -1
Loading resource: res://tests/fixtures/campaign/live_a1_l1.tscn remapped: res://tests/fixtures/campaign/live_a1_l1.tscn
Completed load for: 'res://tests/fixtures/campaign/live_a1_l1.tscn' remapped 'res://tests/fixtures/campaign/live_a1_l1.tscn' at thread -1
Loading resource: res://tests/fixtures/campaign/live_a1_l1.tscn remapped: res://tests/fixtures/campaign/live_a1_l1.tscn
Completed load for: 'res://tests/fixtures/campaign/live_a1_l1.tscn' remapped 'res://tests/fixtures/campaign/live_a1_l1.tscn' at thread -1
Loading resource: res://tests/fixtures/campaign/live_a1_l2.tscn remapped: res://tests/fixtures/campaign/live_a1_l2.tscn
Completed load for: 'res://tests/fixtures/campaign/live_a1_l2.tscn' remapped 'res://tests/fixtures/campaign/live_a1_l2.tscn' at thread -1
Loading resource: res://tests/fixtures/campaign/live_a1_l2.tscn remapped: res://tests/fixtures/campaign/live_a1_l2.tscn
Completed load for: 'res://tests/fixtures/campaign/live_a1_l2.tscn' remapped 'res://tests/fixtures/campaign/live_a1_l2.tscn' at thread -1
Loading resource: res://tests/fixtures/campaign/live_a1_l2.tscn remapped: res://tests/fixtures/campaign/live_a1_l2.tscn
Completed load for: 'res://tests/fixtures/campaign/live_a1_l2.tscn' remapped 'res://tests/fixtures/campaign/live_a1_l2.tscn' at thread -1
Loading resource: res://tests/fixtures/campaign/live_a1_l2.tscn remapped: res://tests/fixtures/campaign/live_a1_l2.tscn
Completed load for: 'res://tests/fixtures/campaign/live_a1_l2.tscn' remapped 'res://tests/fixtures/campaign/live_a1_l2.tscn' at thread -1
Loading resource: res://tests/fixtures/campaign/live_a1_l2.tscn remapped: res://tests/fixtures/campaign/live_a1_l2.tscn
Completed load for: 'res://tests/fixtures/campaign/live_a1_l2.tscn' remapped 'res://tests/fixtures/campaign/live_a1_l2.tscn' at thread -1
Loading resource: res://tests/fixtures/campaign/live_a1_l2.tscn remapped: res://tests/fixtures/campaign/live_a1_l2.tscn
Completed load for: 'res://tests/fixtures/campaign/live_a1_l2.tscn' remapped 'res://tests/fixtures/campaign/live_a1_l2.tscn' at thread -1
Loading resource: res://tests/fixtures/campaign/live_a1_l2.tscn remapped: res://tests/fixtures/campaign/live_a1_l2.tscn
Completed load for: 'res://tests/fixtures/campaign/live_a1_l2.tscn' remapped 'res://tests/fixtures/campaign/live_a1_l2.tscn' at thread -1
Loading resource: res://tests/fixtures/campaign/live_a1_l2.tscn remapped: res://tests/fixtures/campaign/live_a1_l2.tscn
Completed load for: 'res://tests/fixtures/campaign/live_a1_l2.tscn' remapped 'res://tests/fixtures/campaign/live_a1_l2.tscn' at thread -1
Loading resource: res://tests/fixtures/campaign/live_a1_l2.tscn remapped: res://tests/fixtures/campaign/live_a1_l2.tscn
Completed load for: 'res://tests/fixtures/campaign/live_a1_l2.tscn' remapped 'res://tests/fixtures/campaign/live_a1_l2.tscn' at thread -1
Loading resource: res://tests/fixtures/campaign/live_a1_l2.tscn remapped: res://tests/fixtures/campaign/live_a1_l2.tscn
Completed load for: 'res://tests/fixtures/campaign/live_a1_l2.tscn' remapped 'res://tests/fixtures/campaign/live_a1_l2.tscn' at thread -1
Loading resource: res://tests/fixtures/campaign/live_a1_l2.tscn remapped: res://tests/fixtures/campaign/live_a1_l2.tscn
Completed load for: 'res://tests/fixtures/campaign/live_a1_l2.tscn' remapped 'res://tests/fixtures/campaign/live_a1_l2.tscn' at thread -1
Loading resource: res://tests/fixtures/campaign/live_a1_l2.tscn remapped: res://tests/fixtures/campaign/live_a1_l2.tscn
Completed load for: 'res://tests/fixtures/campaign/live_a1_l2.tscn' remapped 'res://tests/fixtures/campaign/live_a1_l2.tscn' at thread -1
Loading resource: res://tests/fixtures/campaign/live_a1_l2.tscn remapped: res://tests/fixtures/campaign/live_a1_l2.tscn
Completed load for: 'res://tests/fixtures/campaign/live_a1_l2.tscn' remapped 'res://tests/fixtures/campaign/live_a1_l2.tscn' at thread -1
Loading resource: res://tests/fixtures/campaign/live_a1_l2.tscn remapped: res://tests/fixtures/campaign/live_a1_l2.tscn
Completed load for: 'res://tests/fixtures/campaign/live_a1_l2.tscn' remapped 'res://tests/fixtures/campaign/live_a1_l2.tscn' at thread -1
Loading resource: res://tests/fixtures/campaign/live_a1_l2.tscn remapped: res://tests/fixtures/campaign/live_a1_l2.tscn
Completed load for: 'res://tests/fixtures/campaign/live_a1_l2.tscn' remapped 'res://tests/fixtures/campaign/live_a1_l2.tscn' at thread -1
Loading resource: res://tests/fixtures/campaign/live_a1_l2.tscn remapped: res://tests/fixtures/campaign/live_a1_l2.tscn
Completed load for: 'res://tests/fixtures/campaign/live_a1_l2.tscn' remapped 'res://tests/fixtures/campaign/live_a1_l2.tscn' at thread -1
Loading resource: res://tests/fixtures/campaign/live_a1_l2.tscn remapped: res://tests/fixtures/campaign/live_a1_l2.tscn
Completed load for: 'res://tests/fixtures/campaign/live_a1_l2.tscn' remapped 'res://tests/fixtures/campaign/live_a1_l2.tscn' at thread -1
Loading resource: res://tests/fixtures/campaign/live_a1_l2.tscn remapped: res://tests/fixtures/campaign/live_a1_l2.tscn
Completed load for: 'res://tests/fixtures/campaign/live_a1_l2.tscn' remapped 'res://tests/fixtures/campaign/live_a1_l2.tscn' at thread -1
Loading resource: res://tests/fixtures/campaign/live_a1_l2.tscn remapped: res://tests/fixtures/campaign/live_a1_l2.tscn
Completed load for: 'res://tests/fixtures/campaign/live_a1_l2.tscn' remapped 'res://tests/fixtures/campaign/live_a1_l2.tscn' at thread -1
Loading resource: res://tests/fixtures/campaign/live_a1_l2.tscn remapped: res://tests/fixtures/campaign/live_a1_l2.tscn
Completed load for: 'res://tests/fixtures/campaign/live_a1_l2.tscn' remapped 'res://tests/fixtures/campaign/live_a1_l2.tscn' at thread -1
Loading resource: res://tests/fixtures/campaign/live_a1_l2.tscn remapped: res://tests/fixtures/campaign/live_a1_l2.tscn
Completed load for: 'res://tests/fixtures/campaign/live_a1_l2.tscn' remapped 'res://tests/fixtures/campaign/live_a1_l2.tscn' at thread -1
Loading resource: res://tests/fixtures/campaign/live_a1_l2.tscn remapped: res://tests/fixtures/campaign/live_a1_l2.tscn
Completed load for: 'res://tests/fixtures/campaign/live_a1_l2.tscn' remapped 'res://tests/fixtures/campaign/live_a1_l2.tscn' at thread -1
Loading resource: res://tests/fixtures/campaign/live_a1_l2.tscn remapped: res://tests/fixtures/campaign/live_a1_l2.tscn
Completed load for: 'res://tests/fixtures/campaign/live_a1_l2.tscn' remapped 'res://tests/fixtures/campaign/live_a1_l2.tscn' at thread -1
Loading resource: res://tests/fixtures/campaign/live_a1_l2.tscn remapped: res://tests/fixtures/campaign/live_a1_l2.tscn
Completed load for: 'res://tests/fixtures/campaign/live_a1_l2.tscn' remapped 'res://tests/fixtures/campaign/live_a1_l2.tscn' at thread -1
Loading resource: res://tests/fixtures/campaign/live_a1_l2.tscn remapped: res://tests/fixtures/campaign/live_a1_l2.tscn
Completed load for: 'res://tests/fixtures/campaign/live_a1_l2.tscn' remapped 'res://tests/fixtures/campaign/live_a1_l2.tscn' at thread -1
Loading resource: res://tests/fixtures/campaign/live_a1_o1.tscn remapped: res://tests/fixtures/campaign/live_a1_o1.tscn
Completed load for: 'res://tests/fixtures/campaign/live_a1_o1.tscn' remapped 'res://tests/fixtures/campaign/live_a1_o1.tscn' at thread -1
Loading resource: res://tests/fixtures/campaign/live_a1_o1.tscn remapped: res://tests/fixtures/campaign/live_a1_o1.tscn
Completed load for: 'res://tests/fixtures/campaign/live_a1_o1.tscn' remapped 'res://tests/fixtures/campaign/live_a1_o1.tscn' at thread -1
Loading resource: res://tests/fixtures/campaign/live_a1_o1.tscn remapped: res://tests/fixtures/campaign/live_a1_o1.tscn
Completed load for: 'res://tests/fixtures/campaign/live_a1_o1.tscn' remapped 'res://tests/fixtures/campaign/live_a1_o1.tscn' at thread -1
Loading resource: res://tests/fixtures/campaign/live_a1_o1.tscn remapped: res://tests/fixtures/campaign/live_a1_o1.tscn
Completed load for: 'res://tests/fixtures/campaign/live_a1_o1.tscn' remapped 'res://tests/fixtures/campaign/live_a1_o1.tscn' at thread -1
Loading resource: res://tests/fixtures/campaign/live_a1_o1.tscn remapped: res://tests/fixtures/campaign/live_a1_o1.tscn
Completed load for: 'res://tests/fixtures/campaign/live_a1_o1.tscn' remapped 'res://tests/fixtures/campaign/live_a1_o1.tscn' at thread -1
Loading resource: res://tests/fixtures/campaign/live_a1_o1.tscn remapped: res://tests/fixtures/campaign/live_a1_o1.tscn
Completed load for: 'res://tests/fixtures/campaign/live_a1_o1.tscn' remapped 'res://tests/fixtures/campaign/live_a1_o1.tscn' at thread -1
Loading resource: res://tests/fixtures/campaign/live_a1_l2.tscn remapped: res://tests/fixtures/campaign/live_a1_l2.tscn
Completed load for: 'res://tests/fixtures/campaign/live_a1_l2.tscn' remapped 'res://tests/fixtures/campaign/live_a1_l2.tscn' at thread -1
Loading resource: res://tests/fixtures/campaign/live_a1_l2.tscn remapped: res://tests/fixtures/campaign/live_a1_l2.tscn
Completed load for: 'res://tests/fixtures/campaign/live_a1_l2.tscn' remapped 'res://tests/fixtures/campaign/live_a1_l2.tscn' at thread -1
Loading resource: res://tests/fixtures/campaign/live_a1_o1.tscn remapped: res://tests/fixtures/campaign/live_a1_o1.tscn
Completed load for: 'res://tests/fixtures/campaign/live_a1_o1.tscn' remapped 'res://tests/fixtures/campaign/live_a1_o1.tscn' at thread -1
Loading resource: res://tests/fixtures/campaign/live_a1_o1.tscn remapped: res://tests/fixtures/campaign/live_a1_o1.tscn
Completed load for: 'res://tests/fixtures/campaign/live_a1_o1.tscn' remapped 'res://tests/fixtures/campaign/live_a1_o1.tscn' at thread -1
Loading resource: res://tests/fixtures/campaign/live_a1_l2.tscn remapped: res://tests/fixtures/campaign/live_a1_l2.tscn
Completed load for: 'res://tests/fixtures/campaign/live_a1_l2.tscn' remapped 'res://tests/fixtures/campaign/live_a1_l2.tscn' at thread -1
Loading resource: res://tests/fixtures/campaign/live_a1_l2.tscn remapped: res://tests/fixtures/campaign/live_a1_l2.tscn
Completed load for: 'res://tests/fixtures/campaign/live_a1_l2.tscn' remapped 'res://tests/fixtures/campaign/live_a1_l2.tscn' at thread -1
Loading resource: res://tests/fixtures/campaign/live_a1_l2.tscn remapped: res://tests/fixtures/campaign/live_a1_l2.tscn
Completed load for: 'res://tests/fixtures/campaign/live_a1_l2.tscn' remapped 'res://tests/fixtures/campaign/live_a1_l2.tscn' at thread -1
Loading resource: res://tests/fixtures/campaign/live_a1_l2.tscn remapped: res://tests/fixtures/campaign/live_a1_l2.tscn
Completed load for: 'res://tests/fixtures/campaign/live_a1_l2.tscn' remapped 'res://tests/fixtures/campaign/live_a1_l2.tscn' at thread -1
Loading resource: res://tests/fixtures/campaign/live_a1_l2.tscn remapped: res://tests/fixtures/campaign/live_a1_l2.tscn
Completed load for: 'res://tests/fixtures/campaign/live_a1_l2.tscn' remapped 'res://tests/fixtures/campaign/live_a1_l2.tscn' at thread -1
Loading resource: res://tests/fixtures/campaign/live_a1_l2.tscn remapped: res://tests/fixtures/campaign/live_a1_l2.tscn
Completed load for: 'res://tests/fixtures/campaign/live_a1_l2.tscn' remapped 'res://tests/fixtures/campaign/live_a1_l2.tscn' at thread -1
Loading resource: res://tests/fixtures/campaign/live_a1_o1.tscn remapped: res://tests/fixtures/campaign/live_a1_o1.tscn
Completed load for: 'res://tests/fixtures/campaign/live_a1_o1.tscn' remapped 'res://tests/fixtures/campaign/live_a1_o1.tscn' at thread -1
Loading resource: res://tests/fixtures/campaign/live_a1_l2.tscn remapped: res://tests/fixtures/campaign/live_a1_l2.tscn
Completed load for: 'res://tests/fixtures/campaign/live_a1_l2.tscn' remapped 'res://tests/fixtures/campaign/live_a1_l2.tscn' at thread -1
Loading resource: res://tests/fixtures/campaign/live_a1_l2.tscn remapped: res://tests/fixtures/campaign/live_a1_l2.tscn
Completed load for: 'res://tests/fixtures/campaign/live_a1_l2.tscn' remapped 'res://tests/fixtures/campaign/live_a1_l2.tscn' at thread -1
Loading resource: res://tests/fixtures/campaign/live_a1_l2.tscn remapped: res://tests/fixtures/campaign/live_a1_l2.tscn
Completed load for: 'res://tests/fixtures/campaign/live_a1_l2.tscn' remapped 'res://tests/fixtures/campaign/live_a1_l2.tscn' at thread -1
Loading resource: res://tests/fixtures/campaign/live_a1_l2.tscn remapped: res://tests/fixtures/campaign/live_a1_l2.tscn
Completed load for: 'res://tests/fixtures/campaign/live_a1_l2.tscn' remapped 'res://tests/fixtures/campaign/live_a1_l2.tscn' at thread -1
Loading resource: res://tests/fixtures/campaign/live_a1_o1.tscn remapped: res://tests/fixtures/campaign/live_a1_o1.tscn
Completed load for: 'res://tests/fixtures/campaign/live_a1_o1.tscn' remapped 'res://tests/fixtures/campaign/live_a1_o1.tscn' at thread -1
Loading resource: res://tests/fixtures/campaign/live_a1_o1.tscn remapped: res://tests/fixtures/campaign/live_a1_o1.tscn
Completed load for: 'res://tests/fixtures/campaign/live_a1_o1.tscn' remapped 'res://tests/fixtures/campaign/live_a1_o1.tscn' at thread -1
Loading resource: res://tests/fixtures/campaign/live_a1_l2.tscn remapped: res://tests/fixtures/campaign/live_a1_l2.tscn
Completed load for: 'res://tests/fixtures/campaign/live_a1_l2.tscn' remapped 'res://tests/fixtures/campaign/live_a1_l2.tscn' at thread -1
Loading resource: res://tests/fixtures/campaign/live_a1_l2.tscn remapped: res://tests/fixtures/campaign/live_a1_l2.tscn
Completed load for: 'res://tests/fixtures/campaign/live_a1_l2.tscn' remapped 'res://tests/fixtures/campaign/live_a1_l2.tscn' at thread -1
Loading resource: res://tests/fixtures/campaign/live_a1_l2.tscn remapped: res://tests/fixtures/campaign/live_a1_l2.tscn
Completed load for: 'res://tests/fixtures/campaign/live_a1_l2.tscn' remapped 'res://tests/fixtures/campaign/live_a1_l2.tscn' at thread -1
Loading resource: res://tests/fixtures/campaign/live_a1_l2.tscn remapped: res://tests/fixtures/campaign/live_a1_l2.tscn
Completed load for: 'res://tests/fixtures/campaign/live_a1_l2.tscn' remapped 'res://tests/fixtures/campaign/live_a1_l2.tscn' at thread -1
Loading resource: res://tests/fixtures/campaign/live_a1_o1.tscn remapped: res://tests/fixtures/campaign/live_a1_o1.tscn
Completed load for: 'res://tests/fixtures/campaign/live_a1_o1.tscn' remapped 'res://tests/fixtures/campaign/live_a1_o1.tscn' at thread -1
Loading resource: res://tests/fixtures/campaign/live_a1_l2.tscn remapped: res://tests/fixtures/campaign/live_a1_l2.tscn
Completed load for: 'res://tests/fixtures/campaign/live_a1_l2.tscn' remapped 'res://tests/fixtures/campaign/live_a1_l2.tscn' at thread -1
Loading resource: res://tests/fixtures/campaign/live_a1_l2.tscn remapped: res://tests/fixtures/campaign/live_a1_l2.tscn
Completed load for: 'res://tests/fixtures/campaign/live_a1_l2.tscn' remapped 'res://tests/fixtures/campaign/live_a1_l2.tscn' at thread -1
Loading resource: res://tests/fixtures/campaign/live_a1_l2.tscn remapped: res://tests/fixtures/campaign/live_a1_l2.tscn
Completed load for: 'res://tests/fixtures/campaign/live_a1_l2.tscn' remapped 'res://tests/fixtures/campaign/live_a1_l2.tscn' at thread -1
Loading resource: res://tests/fixtures/campaign/live_a1_l2.tscn remapped: res://tests/fixtures/campaign/live_a1_l2.tscn
Completed load for: 'res://tests/fixtures/campaign/live_a1_l2.tscn' remapped 'res://tests/fixtures/campaign/live_a1_l2.tscn' at thread -1
Loading resource: res://tests/fixtures/campaign/live_a1_o1.tscn remapped: res://tests/fixtures/campaign/live_a1_o1.tscn
Completed load for: 'res://tests/fixtures/campaign/live_a1_o1.tscn' remapped 'res://tests/fixtures/campaign/live_a1_o1.tscn' at thread -1
Loading resource: res://tests/fixtures/campaign/live_a1_o1.tscn remapped: res://tests/fixtures/campaign/live_a1_o1.tscn
Completed load for: 'res://tests/fixtures/campaign/live_a1_o1.tscn' remapped 'res://tests/fixtures/campaign/live_a1_o1.tscn' at thread -1
Loading resource: res://tests/fixtures/campaign/live_a1_o1.tscn remapped: res://tests/fixtures/campaign/live_a1_o1.tscn
Completed load for: 'res://tests/fixtures/campaign/live_a1_o1.tscn' remapped 'res://tests/fixtures/campaign/live_a1_o1.tscn' at thread -1
Loading resource: res://tests/fixtures/campaign/live_a1_l2.tscn remapped: res://tests/fixtures/campaign/live_a1_l2.tscn
Completed load for: 'res://tests/fixtures/campaign/live_a1_l2.tscn' remapped 'res://tests/fixtures/campaign/live_a1_l2.tscn' at thread -1
Loading resource: res://tests/fixtures/campaign/live_a1_l2.tscn remapped: res://tests/fixtures/campaign/live_a1_l2.tscn
Completed load for: 'res://tests/fixtures/campaign/live_a1_l2.tscn' remapped 'res://tests/fixtures/campaign/live_a1_l2.tscn' at thread -1
Loading resource: res://tests/fixtures/campaign/live_a1_o1.tscn remapped: res://tests/fixtures/campaign/live_a1_o1.tscn
Completed load for: 'res://tests/fixtures/campaign/live_a1_o1.tscn' remapped 'res://tests/fixtures/campaign/live_a1_o1.tscn' at thread -1
Loading resource: res://tests/fixtures/campaign/live_a1_o1.tscn remapped: res://tests/fixtures/campaign/live_a1_o1.tscn
Completed load for: 'res://tests/fixtures/campaign/live_a1_o1.tscn' remapped 'res://tests/fixtures/campaign/live_a1_o1.tscn' at thread -1
Loading resource: res://tests/fixtures/campaign/live_a1_l2.tscn remapped: res://tests/fixtures/campaign/live_a1_l2.tscn
Completed load for: 'res://tests/fixtures/campaign/live_a1_l2.tscn' remapped 'res://tests/fixtures/campaign/live_a1_l2.tscn' at thread -1
Loading resource: res://tests/fixtures/campaign/live_a1_l2.tscn remapped: res://tests/fixtures/campaign/live_a1_l2.tscn
Completed load for: 'res://tests/fixtures/campaign/live_a1_l2.tscn' remapped 'res://tests/fixtures/campaign/live_a1_l2.tscn' at thread -1
Loading resource: res://tests/fixtures/campaign/live_a1_l2.tscn remapped: res://tests/fixtures/campaign/live_a1_l2.tscn
Completed load for: 'res://tests/fixtures/campaign/live_a1_l2.tscn' remapped 'res://tests/fixtures/campaign/live_a1_l2.tscn' at thread -1
Loading resource: res://tests/fixtures/campaign/live_a1_l2.tscn remapped: res://tests/fixtures/campaign/live_a1_l2.tscn
Completed load for: 'res://tests/fixtures/campaign/live_a1_l2.tscn' remapped 'res://tests/fixtures/campaign/live_a1_l2.tscn' at thread -1
Loading resource: res://tests/fixtures/campaign/live_a1_l2.tscn remapped: res://tests/fixtures/campaign/live_a1_l2.tscn
Completed load for: 'res://tests/fixtures/campaign/live_a1_l2.tscn' remapped 'res://tests/fixtures/campaign/live_a1_l2.tscn' at thread -1
Loading resource: res://tests/fixtures/campaign/live_a1_l2.tscn remapped: res://tests/fixtures/campaign/live_a1_l2.tscn
Completed load for: 'res://tests/fixtures/campaign/live_a1_l2.tscn' remapped 'res://tests/fixtures/campaign/live_a1_l2.tscn' at thread -1
Loading resource: res://tests/fixtures/campaign/live_a1_o1.tscn remapped: res://tests/fixtures/campaign/live_a1_o1.tscn
Completed load for: 'res://tests/fixtures/campaign/live_a1_o1.tscn' remapped 'res://tests/fixtures/campaign/live_a1_o1.tscn' at thread -1
Loading resource: res://tests/fixtures/campaign/live_a1_l2.tscn remapped: res://tests/fixtures/campaign/live_a1_l2.tscn
Completed load for: 'res://tests/fixtures/campaign/live_a1_l2.tscn' remapped 'res://tests/fixtures/campaign/live_a1_l2.tscn' at thread -1
Loading resource: res://tests/fixtures/campaign/live_a1_l2.tscn remapped: res://tests/fixtures/campaign/live_a1_l2.tscn
Completed load for: 'res://tests/fixtures/campaign/live_a1_l2.tscn' remapped 'res://tests/fixtures/campaign/live_a1_l2.tscn' at thread -1
Loading resource: res://tests/fixtures/campaign/live_a1_l2.tscn remapped: res://tests/fixtures/campaign/live_a1_l2.tscn
Completed load for: 'res://tests/fixtures/campaign/live_a1_l2.tscn' remapped 'res://tests/fixtures/campaign/live_a1_l2.tscn' at thread -1
Loading resource: res://tests/fixtures/campaign/live_a1_l2.tscn remapped: res://tests/fixtures/campaign/live_a1_l2.tscn
Completed load for: 'res://tests/fixtures/campaign/live_a1_l2.tscn' remapped 'res://tests/fixtures/campaign/live_a1_l2.tscn' at thread -1
Loading resource: res://tests/fixtures/campaign/live_a1_o1.tscn remapped: res://tests/fixtures/campaign/live_a1_o1.tscn
Completed load for: 'res://tests/fixtures/campaign/live_a1_o1.tscn' remapped 'res://tests/fixtures/campaign/live_a1_o1.tscn' at thread -1
Loading resource: res://tests/fixtures/campaign/live_a1_o1.tscn remapped: res://tests/fixtures/campaign/live_a1_o1.tscn
Completed load for: 'res://tests/fixtures/campaign/live_a1_o1.tscn' remapped 'res://tests/fixtures/campaign/live_a1_o1.tscn' at thread -1
Loading resource: res://tests/fixtures/campaign/live_a1_l2.tscn remapped: res://tests/fixtures/campaign/live_a1_l2.tscn
Completed load for: 'res://tests/fixtures/campaign/live_a1_l2.tscn' remapped 'res://tests/fixtures/campaign/live_a1_l2.tscn' at thread -1
Loading resource: res://tests/fixtures/campaign/live_a1_l2.tscn remapped: res://tests/fixtures/campaign/live_a1_l2.tscn
Completed load for: 'res://tests/fixtures/campaign/live_a1_l2.tscn' remapped 'res://tests/fixtures/campaign/live_a1_l2.tscn' at thread -1
Loading resource: res://tests/fixtures/campaign/live_a1_l2.tscn remapped: res://tests/fixtures/campaign/live_a1_l2.tscn
Completed load for: 'res://tests/fixtures/campaign/live_a1_l2.tscn' remapped 'res://tests/fixtures/campaign/live_a1_l2.tscn' at thread -1
Loading resource: res://tests/fixtures/campaign/live_a1_l2.tscn remapped: res://tests/fixtures/campaign/live_a1_l2.tscn
Completed load for: 'res://tests/fixtures/campaign/live_a1_l2.tscn' remapped 'res://tests/fixtures/campaign/live_a1_l2.tscn' at thread -1
Loading resource: res://tests/fixtures/campaign/live_a1_l2.tscn remapped: res://tests/fixtures/campaign/live_a1_l2.tscn
Completed load for: 'res://tests/fixtures/campaign/live_a1_l2.tscn' remapped 'res://tests/fixtures/campaign/live_a1_l2.tscn' at thread -1
Loading resource: res://tests/fixtures/campaign/live_a1_l2.tscn remapped: res://tests/fixtures/campaign/live_a1_l2.tscn
Completed load for: 'res://tests/fixtures/campaign/live_a1_l2.tscn' remapped 'res://tests/fixtures/campaign/live_a1_l2.tscn' at thread -1
Loading resource: res://tests/fixtures/campaign/live_a1_l2.tscn remapped: res://tests/fixtures/campaign/live_a1_l2.tscn
Completed load for: 'res://tests/fixtures/campaign/live_a1_l2.tscn' remapped 'res://tests/fixtures/campaign/live_a1_l2.tscn' at thread -1
Loading resource: res://tests/fixtures/campaign/live_a1_l2.tscn remapped: res://tests/fixtures/campaign/live_a1_l2.tscn
Completed load for: 'res://tests/fixtures/campaign/live_a1_l2.tscn' remapped 'res://tests/fixtures/campaign/live_a1_l2.tscn' at thread -1
Loading resource: res://tests/fixtures/campaign/live_a1_l2.tscn remapped: res://tests/fixtures/campaign/live_a1_l2.tscn
Completed load for: 'res://tests/fixtures/campaign/live_a1_l2.tscn' remapped 'res://tests/fixtures/campaign/live_a1_l2.tscn' at thread -1
Loading resource: res://tests/fixtures/campaign/live_a1_l2.tscn remapped: res://tests/fixtures/campaign/live_a1_l2.tscn
Completed load for: 'res://tests/fixtures/campaign/live_a1_l2.tscn' remapped 'res://tests/fixtures/campaign/live_a1_l2.tscn' at thread -1
Loading resource: res://tests/fixtures/campaign/live_a1_l1.tscn remapped: res://tests/fixtures/campaign/live_a1_l1.tscn
Completed load for: 'res://tests/fixtures/campaign/live_a1_l1.tscn' remapped 'res://tests/fixtures/campaign/live_a1_l1.tscn' at thread -1
Loading resource: res://tests/fixtures/campaign/live_a1_l2.tscn remapped: res://tests/fixtures/campaign/live_a1_l2.tscn
Completed load for: 'res://tests/fixtures/campaign/live_a1_l2.tscn' remapped 'res://tests/fixtures/campaign/live_a1_l2.tscn' at thread -1
Loading resource: res://tests/fixtures/campaign/live_a1_l2.tscn remapped: res://tests/fixtures/campaign/live_a1_l2.tscn
Completed load for: 'res://tests/fixtures/campaign/live_a1_l2.tscn' remapped 'res://tests/fixtures/campaign/live_a1_l2.tscn' at thread -1
Loading resource: res://tests/fixtures/campaign/live_a1_l2.tscn remapped: res://tests/fixtures/campaign/live_a1_l2.tscn
Completed load for: 'res://tests/fixtures/campaign/live_a1_l2.tscn' remapped 'res://tests/fixtures/campaign/live_a1_l2.tscn' at thread -1
Loading resource: res://tests/fixtures/campaign/live_a1_l2.tscn remapped: res://tests/fixtures/campaign/live_a1_l2.tscn
Completed load for: 'res://tests/fixtures/campaign/live_a1_l2.tscn' remapped 'res://tests/fixtures/campaign/live_a1_l2.tscn' at thread -1
Loading resource: res://tests/fixtures/campaign/live_a1_l2.tscn remapped: res://tests/fixtures/campaign/live_a1_l2.tscn
Completed load for: 'res://tests/fixtures/campaign/live_a1_l2.tscn' remapped 'res://tests/fixtures/campaign/live_a1_l2.tscn' at thread -1
Loading resource: res://tests/fixtures/campaign/live_a1_l2.tscn remapped: res://tests/fixtures/campaign/live_a1_l2.tscn
Completed load for: 'res://tests/fixtures/campaign/live_a1_l2.tscn' remapped 'res://tests/fixtures/campaign/live_a1_l2.tscn' at thread -1
Loading resource: res://tests/fixtures/campaign/live_a1_l2.tscn remapped: res://tests/fixtures/campaign/live_a1_l2.tscn
Completed load for: 'res://tests/fixtures/campaign/live_a1_l2.tscn' remapped 'res://tests/fixtures/campaign/live_a1_l2.tscn' at thread -1
Loading resource: res://tests/fixtures/campaign/live_a1_l2.tscn remapped: res://tests/fixtures/campaign/live_a1_l2.tscn
Completed load for: 'res://tests/fixtures/campaign/live_a1_l2.tscn' remapped 'res://tests/fixtures/campaign/live_a1_l2.tscn' at thread -1
Loading resource: res://tests/fixtures/campaign/live_a1_o1.tscn remapped: res://tests/fixtures/campaign/live_a1_o1.tscn
Completed load for: 'res://tests/fixtures/campaign/live_a1_o1.tscn' remapped 'res://tests/fixtures/campaign/live_a1_o1.tscn' at thread -1
Loading resource: res://tests/fixtures/campaign/live_a1_o1.tscn remapped: res://tests/fixtures/campaign/live_a1_o1.tscn
Completed load for: 'res://tests/fixtures/campaign/live_a1_o1.tscn' remapped 'res://tests/fixtures/campaign/live_a1_o1.tscn' at thread -1
Loading resource: res://tests/fixtures/campaign/live_a1_o1.tscn remapped: res://tests/fixtures/campaign/live_a1_o1.tscn
Completed load for: 'res://tests/fixtures/campaign/live_a1_o1.tscn' remapped 'res://tests/fixtures/campaign/live_a1_o1.tscn' at thread -1
Loading resource: res://tests/fixtures/campaign/live_a1_o1.tscn remapped: res://tests/fixtures/campaign/live_a1_o1.tscn
Completed load for: 'res://tests/fixtures/campaign/live_a1_o1.tscn' remapped 'res://tests/fixtures/campaign/live_a1_o1.tscn' at thread -1
Loading resource: res://tests/fixtures/campaign/live_a1_l2.tscn remapped: res://tests/fixtures/campaign/live_a1_l2.tscn
Completed load for: 'res://tests/fixtures/campaign/live_a1_l2.tscn' remapped 'res://tests/fixtures/campaign/live_a1_l2.tscn' at thread -1
Loading resource: res://tests/fixtures/campaign/live_a1_o1.tscn remapped: res://tests/fixtures/campaign/live_a1_o1.tscn
Completed load for: 'res://tests/fixtures/campaign/live_a1_o1.tscn' remapped 'res://tests/fixtures/campaign/live_a1_o1.tscn' at thread -1
Loading resource: res://tests/fixtures/campaign/live_a1_o1.tscn remapped: res://tests/fixtures/campaign/live_a1_o1.tscn
Completed load for: 'res://tests/fixtures/campaign/live_a1_o1.tscn' remapped 'res://tests/fixtures/campaign/live_a1_o1.tscn' at thread -1
Loading resource: res://tests/fixtures/campaign/live_a1_o1.tscn remapped: res://tests/fixtures/campaign/live_a1_o1.tscn
Completed load for: 'res://tests/fixtures/campaign/live_a1_o1.tscn' remapped 'res://tests/fixtures/campaign/live_a1_o1.tscn' at thread -1
Loading resource: res://tests/fixtures/campaign/live_a1_o1.tscn remapped: res://tests/fixtures/campaign/live_a1_o1.tscn
Completed load for: 'res://tests/fixtures/campaign/live_a1_o1.tscn' remapped 'res://tests/fixtures/campaign/live_a1_o1.tscn' at thread -1
Loading resource: res://tests/fixtures/campaign/live_a1_l2.tscn remapped: res://tests/fixtures/campaign/live_a1_l2.tscn
Completed load for: 'res://tests/fixtures/campaign/live_a1_l2.tscn' remapped 'res://tests/fixtures/campaign/live_a1_l2.tscn' at thread -1
Loading resource: res://tests/fixtures/campaign/live_a1_l2.tscn remapped: res://tests/fixtures/campaign/live_a1_l2.tscn
Completed load for: 'res://tests/fixtures/campaign/live_a1_l2.tscn' remapped 'res://tests/fixtures/campaign/live_a1_l2.tscn' at thread -1
Loading resource: res://tests/fixtures/campaign/live_a1_l2.tscn remapped: res://tests/fixtures/campaign/live_a1_l2.tscn
Completed load for: 'res://tests/fixtures/campaign/live_a1_l2.tscn' remapped 'res://tests/fixtures/campaign/live_a1_l2.tscn' at thread -1
Loading resource: res://tests/fixtures/campaign/live_a1_l2.tscn remapped: res://tests/fixtures/campaign/live_a1_l2.tscn
Completed load for: 'res://tests/fixtures/campaign/live_a1_l2.tscn' remapped 'res://tests/fixtures/campaign/live_a1_l2.tscn' at thread -1
Loading resource: res://tests/fixtures/campaign/live_a1_l2.tscn remapped: res://tests/fixtures/campaign/live_a1_l2.tscn
Completed load for: 'res://tests/fixtures/campaign/live_a1_l2.tscn' remapped 'res://tests/fixtures/campaign/live_a1_l2.tscn' at thread -1
Loading resource: res://tests/fixtures/campaign/live_a1_l2.tscn remapped: res://tests/fixtures/campaign/live_a1_l2.tscn
Completed load for: 'res://tests/fixtures/campaign/live_a1_l2.tscn' remapped 'res://tests/fixtures/campaign/live_a1_l2.tscn' at thread -1
Loading resource: res://tests/fixtures/campaign/live_a1_l2.tscn remapped: res://tests/fixtures/campaign/live_a1_l2.tscn
Completed load for: 'res://tests/fixtures/campaign/live_a1_l2.tscn' remapped 'res://tests/fixtures/campaign/live_a1_l2.tscn' at thread -1
Loading resource: res://tests/fixtures/campaign/live_a1_l2.tscn remapped: res://tests/fixtures/campaign/live_a1_l2.tscn
Completed load for: 'res://tests/fixtures/campaign/live_a1_l2.tscn' remapped 'res://tests/fixtures/campaign/live_a1_l2.tscn' at thread -1
Loading resource: res://tests/fixtures/campaign/live_a1_l2.tscn remapped: res://tests/fixtures/campaign/live_a1_l2.tscn
Completed load for: 'res://tests/fixtures/campaign/live_a1_l2.tscn' remapped 'res://tests/fixtures/campaign/live_a1_l2.tscn' at thread -1
Loading resource: res://tests/fixtures/campaign/live_a1_l2.tscn remapped: res://tests/fixtures/campaign/live_a1_l2.tscn
Completed load for: 'res://tests/fixtures/campaign/live_a1_l2.tscn' remapped 'res://tests/fixtures/campaign/live_a1_l2.tscn' at thread -1
Loading resource: res://tests/fixtures/campaign/live_a1_l2.tscn remapped: res://tests/fixtures/campaign/live_a1_l2.tscn
Completed load for: 'res://tests/fixtures/campaign/live_a1_l2.tscn' remapped 'res://tests/fixtures/campaign/live_a1_l2.tscn' at thread -1
Loading resource: res://tests/fixtures/campaign/live_a1_l2.tscn remapped: res://tests/fixtures/campaign/live_a1_l2.tscn
Completed load for: 'res://tests/fixtures/campaign/live_a1_l2.tscn' remapped 'res://tests/fixtures/campaign/live_a1_l2.tscn' at thread -1
Loading resource: res://tests/fixtures/campaign/live_a1_l2.tscn remapped: res://tests/fixtures/campaign/live_a1_l2.tscn
Completed load for: 'res://tests/fixtures/campaign/live_a1_l2.tscn' remapped 'res://tests/fixtures/campaign/live_a1_l2.tscn' at thread -1
Loading resource: res://tests/fixtures/campaign/live_a1_l2.tscn remapped: res://tests/fixtures/campaign/live_a1_l2.tscn
Completed load for: 'res://tests/fixtures/campaign/live_a1_l2.tscn' remapped 'res://tests/fixtures/campaign/live_a1_l2.tscn' at thread -1
Loading resource: res://tests/fixtures/campaign/live_a1_l2.tscn remapped: res://tests/fixtures/campaign/live_a1_l2.tscn
Completed load for: 'res://tests/fixtures/campaign/live_a1_l2.tscn' remapped 'res://tests/fixtures/campaign/live_a1_l2.tscn' at thread -1
Loading resource: res://tests/fixtures/campaign/live_a1_l2.tscn remapped: res://tests/fixtures/campaign/live_a1_l2.tscn
Completed load for: 'res://tests/fixtures/campaign/live_a1_l2.tscn' remapped 'res://tests/fixtures/campaign/live_a1_l2.tscn' at thread -1
Loading resource: res://tests/fixtures/campaign/live_a1_l2.tscn remapped: res://tests/fixtures/campaign/live_a1_l2.tscn
Completed load for: 'res://tests/fixtures/campaign/live_a1_l2.tscn' remapped 'res://tests/fixtures/campaign/live_a1_l2.tscn' at thread -1
Loading resource: res://tests/fixtures/campaign/live_a1_l2.tscn remapped: res://tests/fixtures/campaign/live_a1_l2.tscn
Completed load for: 'res://tests/fixtures/campaign/live_a1_l2.tscn' remapped 'res://tests/fixtures/campaign/live_a1_l2.tscn' at thread -1
Loading resource: res://tests/fixtures/campaign/live_a1_l2.tscn remapped: res://tests/fixtures/campaign/live_a1_l2.tscn
Completed load for: 'res://tests/fixtures/campaign/live_a1_l2.tscn' remapped 'res://tests/fixtures/campaign/live_a1_l2.tscn' at thread -1
Loading resource: res://tests/fixtures/campaign/live_a1_l2.tscn remapped: res://tests/fixtures/campaign/live_a1_l2.tscn
Completed load for: 'res://tests/fixtures/campaign/live_a1_l2.tscn' remapped 'res://tests/fixtures/campaign/live_a1_l2.tscn' at thread -1
Loading resource: res://tests/fixtures/campaign/live_a1_l2.tscn remapped: res://tests/fixtures/campaign/live_a1_l2.tscn
Completed load for: 'res://tests/fixtures/campaign/live_a1_l2.tscn' remapped 'res://tests/fixtures/campaign/live_a1_l2.tscn' at thread -1
Loading resource: res://tests/fixtures/campaign/live_a1_o1.tscn remapped: res://tests/fixtures/campaign/live_a1_o1.tscn
Completed load for: 'res://tests/fixtures/campaign/live_a1_o1.tscn' remapped 'res://tests/fixtures/campaign/live_a1_o1.tscn' at thread -1
Loading resource: res://tests/fixtures/campaign/live_a1_o1.tscn remapped: res://tests/fixtures/campaign/live_a1_o1.tscn
Completed load for: 'res://tests/fixtures/campaign/live_a1_o1.tscn' remapped 'res://tests/fixtures/campaign/live_a1_o1.tscn' at thread -1
Loading resource: res://tests/fixtures/campaign/live_a1_o1.tscn remapped: res://tests/fixtures/campaign/live_a1_o1.tscn
Completed load for: 'res://tests/fixtures/campaign/live_a1_o1.tscn' remapped 'res://tests/fixtures/campaign/live_a1_o1.tscn' at thread -1
Loading resource: res://tests/fixtures/campaign/live_a1_o1.tscn remapped: res://tests/fixtures/campaign/live_a1_o1.tscn
Completed load for: 'res://tests/fixtures/campaign/live_a1_o1.tscn' remapped 'res://tests/fixtures/campaign/live_a1_o1.tscn' at thread -1
Loading resource: res://tests/fixtures/campaign/live_a1_o1.tscn remapped: res://tests/fixtures/campaign/live_a1_o1.tscn
Completed load for: 'res://tests/fixtures/campaign/live_a1_o1.tscn' remapped 'res://tests/fixtures/campaign/live_a1_o1.tscn' at thread -1
Loading resource: res://tests/fixtures/campaign/live_a1_o1.tscn remapped: res://tests/fixtures/campaign/live_a1_o1.tscn
Completed load for: 'res://tests/fixtures/campaign/live_a1_o1.tscn' remapped 'res://tests/fixtures/campaign/live_a1_o1.tscn' at thread -1
Loading resource: res://tests/fixtures/campaign/live_a1_l2.tscn remapped: res://tests/fixtures/campaign/live_a1_l2.tscn
Completed load for: 'res://tests/fixtures/campaign/live_a1_l2.tscn' remapped 'res://tests/fixtures/campaign/live_a1_l2.tscn' at thread -1
Loading resource: res://tests/fixtures/campaign/live_a1_l2.tscn remapped: res://tests/fixtures/campaign/live_a1_l2.tscn
Completed load for: 'res://tests/fixtures/campaign/live_a1_l2.tscn' remapped 'res://tests/fixtures/campaign/live_a1_l2.tscn' at thread -1
Loading resource: res://tests/fixtures/campaign/live_a1_o1.tscn remapped: res://tests/fixtures/campaign/live_a1_o1.tscn
Completed load for: 'res://tests/fixtures/campaign/live_a1_o1.tscn' remapped 'res://tests/fixtures/campaign/live_a1_o1.tscn' at thread -1
Loading resource: res://tests/fixtures/campaign/live_a1_o1.tscn remapped: res://tests/fixtures/campaign/live_a1_o1.tscn
Completed load for: 'res://tests/fixtures/campaign/live_a1_o1.tscn' remapped 'res://tests/fixtures/campaign/live_a1_o1.tscn' at thread -1
Loading resource: res://tests/fixtures/campaign/live_a1_l2.tscn remapped: res://tests/fixtures/campaign/live_a1_l2.tscn
Completed load for: 'res://tests/fixtures/campaign/live_a1_l2.tscn' remapped 'res://tests/fixtures/campaign/live_a1_l2.tscn' at thread -1
Loading resource: res://tests/fixtures/campaign/live_a1_l2.tscn remapped: res://tests/fixtures/campaign/live_a1_l2.tscn
Completed load for: 'res://tests/fixtures/campaign/live_a1_l2.tscn' remapped 'res://tests/fixtures/campaign/live_a1_l2.tscn' at thread -1
Loading resource: res://tests/fixtures/campaign/live_a1_l2.tscn remapped: res://tests/fixtures/campaign/live_a1_l2.tscn
Completed load for: 'res://tests/fixtures/campaign/live_a1_l2.tscn' remapped 'res://tests/fixtures/campaign/live_a1_l2.tscn' at thread -1
Loading resource: res://tests/fixtures/campaign/live_a1_l2.tscn remapped: res://tests/fixtures/campaign/live_a1_l2.tscn
Completed load for: 'res://tests/fixtures/campaign/live_a1_l2.tscn' remapped 'res://tests/fixtures/campaign/live_a1_l2.tscn' at thread -1
Loading resource: res://tests/fixtures/campaign/live_a1_l2.tscn remapped: res://tests/fixtures/campaign/live_a1_l2.tscn
Completed load for: 'res://tests/fixtures/campaign/live_a1_l2.tscn' remapped 'res://tests/fixtures/campaign/live_a1_l2.tscn' at thread -1
Loading resource: res://tests/fixtures/campaign/live_a1_l2.tscn remapped: res://tests/fixtures/campaign/live_a1_l2.tscn
Completed load for: 'res://tests/fixtures/campaign/live_a1_l2.tscn' remapped 'res://tests/fixtures/campaign/live_a1_l2.tscn' at thread -1
Loading resource: res://tests/fixtures/campaign/live_a1_o1.tscn remapped: res://tests/fixtures/campaign/live_a1_o1.tscn
Completed load for: 'res://tests/fixtures/campaign/live_a1_o1.tscn' remapped 'res://tests/fixtures/campaign/live_a1_o1.tscn' at thread -1
Loading resource: res://tests/fixtures/campaign/live_a1_l2.tscn remapped: res://tests/fixtures/campaign/live_a1_l2.tscn
Completed load for: 'res://tests/fixtures/campaign/live_a1_l2.tscn' remapped 'res://tests/fixtures/campaign/live_a1_l2.tscn' at thread -1
Loading resource: res://tests/fixtures/campaign/live_a1_l2.tscn remapped: res://tests/fixtures/campaign/live_a1_l2.tscn
Completed load for: 'res://tests/fixtures/campaign/live_a1_l2.tscn' remapped 'res://tests/fixtures/campaign/live_a1_l2.tscn' at thread -1
Loading resource: res://tests/fixtures/campaign/live_a1_l2.tscn remapped: res://tests/fixtures/campaign/live_a1_l2.tscn
Completed load for: 'res://tests/fixtures/campaign/live_a1_l2.tscn' remapped 'res://tests/fixtures/campaign/live_a1_l2.tscn' at thread -1
Loading resource: res://tests/fixtures/campaign/live_a1_l2.tscn remapped: res://tests/fixtures/campaign/live_a1_l2.tscn
Completed load for: 'res://tests/fixtures/campaign/live_a1_l2.tscn' remapped 'res://tests/fixtures/campaign/live_a1_l2.tscn' at thread -1
Loading resource: res://tests/fixtures/campaign/live_a1_o1.tscn remapped: res://tests/fixtures/campaign/live_a1_o1.tscn
Completed load for: 'res://tests/fixtures/campaign/live_a1_o1.tscn' remapped 'res://tests/fixtures/campaign/live_a1_o1.tscn' at thread -1
Loading resource: res://tests/fixtures/campaign/live_a1_o1.tscn remapped: res://tests/fixtures/campaign/live_a1_o1.tscn
Completed load for: 'res://tests/fixtures/campaign/live_a1_o1.tscn' remapped 'res://tests/fixtures/campaign/live_a1_o1.tscn' at thread -1
Loading resource: res://tests/fixtures/campaign/live_a1_l2.tscn remapped: res://tests/fixtures/campaign/live_a1_l2.tscn
Completed load for: 'res://tests/fixtures/campaign/live_a1_l2.tscn' remapped 'res://tests/fixtures/campaign/live_a1_l2.tscn' at thread -1
Loading resource: res://tests/fixtures/campaign/live_a1_l2.tscn remapped: res://tests/fixtures/campaign/live_a1_l2.tscn
Completed load for: 'res://tests/fixtures/campaign/live_a1_l2.tscn' remapped 'res://tests/fixtures/campaign/live_a1_l2.tscn' at thread -1
Loading resource: res://tests/fixtures/campaign/live_a1_l2.tscn remapped: res://tests/fixtures/campaign/live_a1_l2.tscn
Completed load for: 'res://tests/fixtures/campaign/live_a1_l2.tscn' remapped 'res://tests/fixtures/campaign/live_a1_l2.tscn' at thread -1
Loading resource: res://tests/fixtures/campaign/live_a1_l2.tscn remapped: res://tests/fixtures/campaign/live_a1_l2.tscn
Completed load for: 'res://tests/fixtures/campaign/live_a1_l2.tscn' remapped 'res://tests/fixtures/campaign/live_a1_l2.tscn' at thread -1
Loading resource: res://tests/fixtures/campaign/live_a1_l2.tscn remapped: res://tests/fixtures/campaign/live_a1_l2.tscn
Completed load for: 'res://tests/fixtures/campaign/live_a1_l2.tscn' remapped 'res://tests/fixtures/campaign/live_a1_l2.tscn' at thread -1
Loading resource: res://tests/fixtures/campaign/live_a1_l2.tscn remapped: res://tests/fixtures/campaign/live_a1_l2.tscn
Completed load for: 'res://tests/fixtures/campaign/live_a1_l2.tscn' remapped 'res://tests/fixtures/campaign/live_a1_l2.tscn' at thread -1
Loading resource: res://tests/fixtures/campaign/live_a1_o1.tscn remapped: res://tests/fixtures/campaign/live_a1_o1.tscn
Completed load for: 'res://tests/fixtures/campaign/live_a1_o1.tscn' remapped 'res://tests/fixtures/campaign/live_a1_o1.tscn' at thread -1
Loading resource: res://tests/fixtures/campaign/live_a1_l2.tscn remapped: res://tests/fixtures/campaign/live_a1_l2.tscn
Completed load for: 'res://tests/fixtures/campaign/live_a1_l2.tscn' remapped 'res://tests/fixtures/campaign/live_a1_l2.tscn' at thread -1
Loading resource: res://tests/fixtures/campaign/live_a1_l2.tscn remapped: res://tests/fixtures/campaign/live_a1_l2.tscn
Completed load for: 'res://tests/fixtures/campaign/live_a1_l2.tscn' remapped 'res://tests/fixtures/campaign/live_a1_l2.tscn' at thread -1
Loading resource: res://tests/fixtures/campaign/live_a1_l2.tscn remapped: res://tests/fixtures/campaign/live_a1_l2.tscn
Completed load for: 'res://tests/fixtures/campaign/live_a1_l2.tscn' remapped 'res://tests/fixtures/campaign/live_a1_l2.tscn' at thread -1
Loading resource: res://tests/fixtures/campaign/live_a1_l2.tscn remapped: res://tests/fixtures/campaign/live_a1_l2.tscn
Completed load for: 'res://tests/fixtures/campaign/live_a1_l2.tscn' remapped 'res://tests/fixtures/campaign/live_a1_l2.tscn' at thread -1
Loading resource: res://tests/fixtures/campaign/live_a1_o1.tscn remapped: res://tests/fixtures/campaign/live_a1_o1.tscn
Completed load for: 'res://tests/fixtures/campaign/live_a1_o1.tscn' remapped 'res://tests/fixtures/campaign/live_a1_o1.tscn' at thread -1
Loading resource: res://tests/fixtures/campaign/live_a1_o1.tscn remapped: res://tests/fixtures/campaign/live_a1_o1.tscn
Completed load for: 'res://tests/fixtures/campaign/live_a1_o1.tscn' remapped 'res://tests/fixtures/campaign/live_a1_o1.tscn' at thread -1
Loading resource: res://tests/fixtures/campaign/live_a1_l2.tscn remapped: res://tests/fixtures/campaign/live_a1_l2.tscn
Completed load for: 'res://tests/fixtures/campaign/live_a1_l2.tscn' remapped 'res://tests/fixtures/campaign/live_a1_l2.tscn' at thread -1
Loading resource: res://tests/fixtures/campaign/live_a1_l2.tscn remapped: res://tests/fixtures/campaign/live_a1_l2.tscn
Completed load for: 'res://tests/fixtures/campaign/live_a1_l2.tscn' remapped 'res://tests/fixtures/campaign/live_a1_l2.tscn' at thread -1
Loading resource: res://tests/fixtures/campaign/live_a1_l2.tscn remapped: res://tests/fixtures/campaign/live_a1_l2.tscn
Completed load for: 'res://tests/fixtures/campaign/live_a1_l2.tscn' remapped 'res://tests/fixtures/campaign/live_a1_l2.tscn' at thread -1
Loading resource: res://tests/fixtures/campaign/live_a1_l2.tscn remapped: res://tests/fixtures/campaign/live_a1_l2.tscn
Completed load for: 'res://tests/fixtures/campaign/live_a1_l2.tscn' remapped 'res://tests/fixtures/campaign/live_a1_l2.tscn' at thread -1
Loading resource: res://tests/fixtures/campaign/live_a1_l2.tscn remapped: res://tests/fixtures/campaign/live_a1_l2.tscn
Completed load for: 'res://tests/fixtures/campaign/live_a1_l2.tscn' remapped 'res://tests/fixtures/campaign/live_a1_l2.tscn' at thread -1
Loading resource: res://tests/fixtures/campaign/live_a1_l2.tscn remapped: res://tests/fixtures/campaign/live_a1_l2.tscn
Completed load for: 'res://tests/fixtures/campaign/live_a1_l2.tscn' remapped 'res://tests/fixtures/campaign/live_a1_l2.tscn' at thread -1
Loading resource: res://tests/fixtures/campaign/live_a1_l2.tscn remapped: res://tests/fixtures/campaign/live_a1_l2.tscn
Completed load for: 'res://tests/fixtures/campaign/live_a1_l2.tscn' remapped 'res://tests/fixtures/campaign/live_a1_l2.tscn' at thread -1
Loading resource: res://tests/fixtures/campaign/live_a1_l2.tscn remapped: res://tests/fixtures/campaign/live_a1_l2.tscn
Completed load for: 'res://tests/fixtures/campaign/live_a1_l2.tscn' remapped 'res://tests/fixtures/campaign/live_a1_l2.tscn' at thread -1
Loading resource: res://tests/fixtures/campaign/live_a1_l2.tscn remapped: res://tests/fixtures/campaign/live_a1_l2.tscn
Completed load for: 'res://tests/fixtures/campaign/live_a1_l2.tscn' remapped 'res://tests/fixtures/campaign/live_a1_l2.tscn' at thread -1
Loading resource: res://tests/fixtures/campaign/live_a1_l2.tscn remapped: res://tests/fixtures/campaign/live_a1_l2.tscn
Completed load for: 'res://tests/fixtures/campaign/live_a1_l2.tscn' remapped 'res://tests/fixtures/campaign/live_a1_l2.tscn' at thread -1
Loading resource: res://tests/fixtures/campaign/live_a1_l2.tscn remapped: res://tests/fixtures/campaign/live_a1_l2.tscn
Completed load for: 'res://tests/fixtures/campaign/live_a1_l2.tscn' remapped 'res://tests/fixtures/campaign/live_a1_l2.tscn' at thread -1
Loading resource: res://tests/fixtures/campaign/live_a1_l2.tscn remapped: res://tests/fixtures/campaign/live_a1_l2.tscn
Completed load for: 'res://tests/fixtures/campaign/live_a1_l2.tscn' remapped 'res://tests/fixtures/campaign/live_a1_l2.tscn' at thread -1
Loading resource: res://tests/fixtures/campaign/live_a1_l2.tscn remapped: res://tests/fixtures/campaign/live_a1_l2.tscn
Completed load for: 'res://tests/fixtures/campaign/live_a1_l2.tscn' remapped 'res://tests/fixtures/campaign/live_a1_l2.tscn' at thread -1
Loading resource: res://tests/fixtures/campaign/live_a1_l2.tscn remapped: res://tests/fixtures/campaign/live_a1_l2.tscn
Completed load for: 'res://tests/fixtures/campaign/live_a1_l2.tscn' remapped 'res://tests/fixtures/campaign/live_a1_l2.tscn' at thread -1
Loading resource: res://tests/fixtures/campaign/live_a1_l2.tscn remapped: res://tests/fixtures/campaign/live_a1_l2.tscn
Completed load for: 'res://tests/fixtures/campaign/live_a1_l2.tscn' remapped 'res://tests/fixtures/campaign/live_a1_l2.tscn' at thread -1
Loading resource: res://tests/fixtures/campaign/live_a1_l2.tscn remapped: res://tests/fixtures/campaign/live_a1_l2.tscn
Completed load for: 'res://tests/fixtures/campaign/live_a1_l2.tscn' remapped 'res://tests/fixtures/campaign/live_a1_l2.tscn' at thread -1
Loading resource: res://tests/fixtures/campaign/live_a1_l2.tscn remapped: res://tests/fixtures/campaign/live_a1_l2.tscn
Completed load for: 'res://tests/fixtures/campaign/live_a1_l2.tscn' remapped 'res://tests/fixtures/campaign/live_a1_l2.tscn' at thread -1
Loading resource: res://tests/fixtures/campaign/live_a1_l2.tscn remapped: res://tests/fixtures/campaign/live_a1_l2.tscn
Completed load for: 'res://tests/fixtures/campaign/live_a1_l2.tscn' remapped 'res://tests/fixtures/campaign/live_a1_l2.tscn' at thread -1
Loading resource: res://tests/fixtures/campaign/live_a1_l2.tscn remapped: res://tests/fixtures/campaign/live_a1_l2.tscn
Completed load for: 'res://tests/fixtures/campaign/live_a1_l2.tscn' remapped 'res://tests/fixtures/campaign/live_a1_l2.tscn' at thread -1
Loading resource: res://tests/fixtures/campaign/live_a1_l2.tscn remapped: res://tests/fixtures/campaign/live_a1_l2.tscn
Completed load for: 'res://tests/fixtures/campaign/live_a1_l2.tscn' remapped 'res://tests/fixtures/campaign/live_a1_l2.tscn' at thread -1
Loading resource: res://tests/fixtures/campaign/live_a1_l2.tscn remapped: res://tests/fixtures/campaign/live_a1_l2.tscn
Completed load for: 'res://tests/fixtures/campaign/live_a1_l2.tscn' remapped 'res://tests/fixtures/campaign/live_a1_l2.tscn' at thread -1
Loading resource: res://tests/fixtures/campaign/live_a1_l2.tscn remapped: res://tests/fixtures/campaign/live_a1_l2.tscn
Completed load for: 'res://tests/fixtures/campaign/live_a1_l2.tscn' remapped 'res://tests/fixtures/campaign/live_a1_l2.tscn' at thread -1
Loading resource: res://tests/fixtures/campaign/live_a1_l2.tscn remapped: res://tests/fixtures/campaign/live_a1_l2.tscn
Completed load for: 'res://tests/fixtures/campaign/live_a1_l2.tscn' remapped 'res://tests/fixtures/campaign/live_a1_l2.tscn' at thread -1
Loading resource: res://tests/fixtures/campaign/live_a1_l2.tscn remapped: res://tests/fixtures/campaign/live_a1_l2.tscn
Completed load for: 'res://tests/fixtures/campaign/live_a1_l2.tscn' remapped 'res://tests/fixtures/campaign/live_a1_l2.tscn' at thread -1
Loading resource: res://tests/fixtures/campaign/live_a1_l2.tscn remapped: res://tests/fixtures/campaign/live_a1_l2.tscn
Completed load for: 'res://tests/fixtures/campaign/live_a1_l2.tscn' remapped 'res://tests/fixtures/campaign/live_a1_l2.tscn' at thread -1
Loading resource: res://tests/fixtures/campaign/live_a1_l2.tscn remapped: res://tests/fixtures/campaign/live_a1_l2.tscn
Completed load for: 'res://tests/fixtures/campaign/live_a1_l2.tscn' remapped 'res://tests/fixtures/campaign/live_a1_l2.tscn' at thread -1
Loading resource: res://tests/fixtures/campaign/live_a1_l2.tscn remapped: res://tests/fixtures/campaign/live_a1_l2.tscn
Completed load for: 'res://tests/fixtures/campaign/live_a1_l2.tscn' remapped 'res://tests/fixtures/campaign/live_a1_l2.tscn' at thread -1
Loading resource: res://tests/fixtures/campaign/live_a1_l2.tscn remapped: res://tests/fixtures/campaign/live_a1_l2.tscn
Completed load for: 'res://tests/fixtures/campaign/live_a1_l2.tscn' remapped 'res://tests/fixtures/campaign/live_a1_l2.tscn' at thread -1
Loading resource: res://tests/fixtures/campaign/live_a1_l2.tscn remapped: res://tests/fixtures/campaign/live_a1_l2.tscn
Completed load for: 'res://tests/fixtures/campaign/live_a1_l2.tscn' remapped 'res://tests/fixtures/campaign/live_a1_l2.tscn' at thread -1
Loading resource: res://tests/fixtures/campaign/live_a1_l2.tscn remapped: res://tests/fixtures/campaign/live_a1_l2.tscn
Completed load for: 'res://tests/fixtures/campaign/live_a1_l2.tscn' remapped 'res://tests/fixtures/campaign/live_a1_l2.tscn' at thread -1
Loading resource: res://tests/fixtures/campaign/live_a1_l2.tscn remapped: res://tests/fixtures/campaign/live_a1_l2.tscn
Completed load for: 'res://tests/fixtures/campaign/live_a1_l2.tscn' remapped 'res://tests/fixtures/campaign/live_a1_l2.tscn' at thread -1
Loading resource: res://tests/fixtures/campaign/live_a1_l2.tscn remapped: res://tests/fixtures/campaign/live_a1_l2.tscn
Completed load for: 'res://tests/fixtures/campaign/live_a1_l2.tscn' remapped 'res://tests/fixtures/campaign/live_a1_l2.tscn' at thread -1
Loading resource: res://tests/fixtures/campaign/live_a1_l2.tscn remapped: res://tests/fixtures/campaign/live_a1_l2.tscn
Completed load for: 'res://tests/fixtures/campaign/live_a1_l2.tscn' remapped 'res://tests/fixtures/campaign/live_a1_l2.tscn' at thread -1
Loading resource: res://tests/fixtures/campaign/live_a1_l2.tscn remapped: res://tests/fixtures/campaign/live_a1_l2.tscn
Completed load for: 'res://tests/fixtures/campaign/live_a1_l2.tscn' remapped 'res://tests/fixtures/campaign/live_a1_l2.tscn' at thread -1
Loading resource: res://tests/fixtures/campaign/live_a1_l2.tscn remapped: res://tests/fixtures/campaign/live_a1_l2.tscn
Completed load for: 'res://tests/fixtures/campaign/live_a1_l2.tscn' remapped 'res://tests/fixtures/campaign/live_a1_l2.tscn' at thread -1
Loading resource: res://tests/fixtures/campaign/live_a1_l1.tscn remapped: res://tests/fixtures/campaign/live_a1_l1.tscn
Completed load for: 'res://tests/fixtures/campaign/live_a1_l1.tscn' remapped 'res://tests/fixtures/campaign/live_a1_l1.tscn' at thread -1
Loading resource: res://tests/fixtures/campaign/live_a1_l1.tscn remapped: res://tests/fixtures/campaign/live_a1_l1.tscn
Completed load for: 'res://tests/fixtures/campaign/live_a1_l1.tscn' remapped 'res://tests/fixtures/campaign/live_a1_l1.tscn' at thread -1
Loading resource: res://tests/fixtures/campaign/live_a1_l1.tscn remapped: res://tests/fixtures/campaign/live_a1_l1.tscn
Completed load for: 'res://tests/fixtures/campaign/live_a1_l1.tscn' remapped 'res://tests/fixtures/campaign/live_a1_l1.tscn' at thread -1
Loading resource: res://tests/fixtures/campaign/live_a1_l1.tscn remapped: res://tests/fixtures/campaign/live_a1_l1.tscn
Completed load for: 'res://tests/fixtures/campaign/live_a1_l1.tscn' remapped 'res://tests/fixtures/campaign/live_a1_l1.tscn' at thread -1
Loading resource: res://tests/fixtures/campaign/live_a1_l1.tscn remapped: res://tests/fixtures/campaign/live_a1_l1.tscn
Completed load for: 'res://tests/fixtures/campaign/live_a1_l1.tscn' remapped 'res://tests/fixtures/campaign/live_a1_l1.tscn' at thread -1
Loading resource: res://tests/fixtures/campaign/live_a1_l1.tscn remapped: res://tests/fixtures/campaign/live_a1_l1.tscn
Completed load for: 'res://tests/fixtures/campaign/live_a1_l1.tscn' remapped 'res://tests/fixtures/campaign/live_a1_l1.tscn' at thread -1
Loading resource: res://tests/fixtures/campaign/live_a1_l2.tscn remapped: res://tests/fixtures/campaign/live_a1_l2.tscn
Completed load for: 'res://tests/fixtures/campaign/live_a1_l2.tscn' remapped 'res://tests/fixtures/campaign/live_a1_l2.tscn' at thread -1
Loading resource: res://tests/fixtures/campaign/live_a1_l2.tscn remapped: res://tests/fixtures/campaign/live_a1_l2.tscn
Completed load for: 'res://tests/fixtures/campaign/live_a1_l2.tscn' remapped 'res://tests/fixtures/campaign/live_a1_l2.tscn' at thread -1
Loading resource: res://tests/fixtures/campaign/live_a1_l1.tscn remapped: res://tests/fixtures/campaign/live_a1_l1.tscn
Completed load for: 'res://tests/fixtures/campaign/live_a1_l1.tscn' remapped 'res://tests/fixtures/campaign/live_a1_l1.tscn' at thread -1
Loading resource: res://tests/fixtures/campaign/live_a1_l1.tscn remapped: res://tests/fixtures/campaign/live_a1_l1.tscn
Completed load for: 'res://tests/fixtures/campaign/live_a1_l1.tscn' remapped 'res://tests/fixtures/campaign/live_a1_l1.tscn' at thread -1
Loading resource: res://tests/fixtures/campaign/live_a1_l2.tscn remapped: res://tests/fixtures/campaign/live_a1_l2.tscn
Completed load for: 'res://tests/fixtures/campaign/live_a1_l2.tscn' remapped 'res://tests/fixtures/campaign/live_a1_l2.tscn' at thread -1
Loading resource: res://tests/fixtures/campaign/live_a1_l2.tscn remapped: res://tests/fixtures/campaign/live_a1_l2.tscn
Completed load for: 'res://tests/fixtures/campaign/live_a1_l2.tscn' remapped 'res://tests/fixtures/campaign/live_a1_l2.tscn' at thread -1
Loading resource: res://tests/fixtures/campaign/live_a1_l2.tscn remapped: res://tests/fixtures/campaign/live_a1_l2.tscn
Completed load for: 'res://tests/fixtures/campaign/live_a1_l2.tscn' remapped 'res://tests/fixtures/campaign/live_a1_l2.tscn' at thread -1
Loading resource: res://tests/fixtures/campaign/live_a1_l2.tscn remapped: res://tests/fixtures/campaign/live_a1_l2.tscn
Completed load for: 'res://tests/fixtures/campaign/live_a1_l2.tscn' remapped 'res://tests/fixtures/campaign/live_a1_l2.tscn' at thread -1
Loading resource: res://tests/fixtures/campaign/live_a1_l2.tscn remapped: res://tests/fixtures/campaign/live_a1_l2.tscn
Completed load for: 'res://tests/fixtures/campaign/live_a1_l2.tscn' remapped 'res://tests/fixtures/campaign/live_a1_l2.tscn' at thread -1
Loading resource: res://tests/fixtures/campaign/live_a1_l2.tscn remapped: res://tests/fixtures/campaign/live_a1_l2.tscn
Completed load for: 'res://tests/fixtures/campaign/live_a1_l2.tscn' remapped 'res://tests/fixtures/campaign/live_a1_l2.tscn' at thread -1
Loading resource: res://tests/fixtures/campaign/live_a1_l1.tscn remapped: res://tests/fixtures/campaign/live_a1_l1.tscn
Completed load for: 'res://tests/fixtures/campaign/live_a1_l1.tscn' remapped 'res://tests/fixtures/campaign/live_a1_l1.tscn' at thread -1
Loading resource: res://tests/fixtures/campaign/live_a1_l2.tscn remapped: res://tests/fixtures/campaign/live_a1_l2.tscn
Completed load for: 'res://tests/fixtures/campaign/live_a1_l2.tscn' remapped 'res://tests/fixtures/campaign/live_a1_l2.tscn' at thread -1
Loading resource: res://tests/fixtures/campaign/live_a1_l2.tscn remapped: res://tests/fixtures/campaign/live_a1_l2.tscn
Completed load for: 'res://tests/fixtures/campaign/live_a1_l2.tscn' remapped 'res://tests/fixtures/campaign/live_a1_l2.tscn' at thread -1
Loading resource: res://tests/fixtures/campaign/live_a1_l2.tscn remapped: res://tests/fixtures/campaign/live_a1_l2.tscn
Completed load for: 'res://tests/fixtures/campaign/live_a1_l2.tscn' remapped 'res://tests/fixtures/campaign/live_a1_l2.tscn' at thread -1
Loading resource: res://tests/fixtures/campaign/live_a1_l2.tscn remapped: res://tests/fixtures/campaign/live_a1_l2.tscn
Completed load for: 'res://tests/fixtures/campaign/live_a1_l2.tscn' remapped 'res://tests/fixtures/campaign/live_a1_l2.tscn' at thread -1
Loading resource: res://tests/fixtures/campaign/live_a1_l1.tscn remapped: res://tests/fixtures/campaign/live_a1_l1.tscn
Completed load for: 'res://tests/fixtures/campaign/live_a1_l1.tscn' remapped 'res://tests/fixtures/campaign/live_a1_l1.tscn' at thread -1
Loading resource: res://tests/fixtures/campaign/live_a1_l1.tscn remapped: res://tests/fixtures/campaign/live_a1_l1.tscn
Completed load for: 'res://tests/fixtures/campaign/live_a1_l1.tscn' remapped 'res://tests/fixtures/campaign/live_a1_l1.tscn' at thread -1
Loading resource: res://tests/fixtures/campaign/live_a1_l2.tscn remapped: res://tests/fixtures/campaign/live_a1_l2.tscn
Completed load for: 'res://tests/fixtures/campaign/live_a1_l2.tscn' remapped 'res://tests/fixtures/campaign/live_a1_l2.tscn' at thread -1
Loading resource: res://tests/fixtures/campaign/live_a1_l2.tscn remapped: res://tests/fixtures/campaign/live_a1_l2.tscn
Completed load for: 'res://tests/fixtures/campaign/live_a1_l2.tscn' remapped 'res://tests/fixtures/campaign/live_a1_l2.tscn' at thread -1
Loading resource: res://tests/fixtures/campaign/live_a1_l2.tscn remapped: res://tests/fixtures/campaign/live_a1_l2.tscn
Completed load for: 'res://tests/fixtures/campaign/live_a1_l2.tscn' remapped 'res://tests/fixtures/campaign/live_a1_l2.tscn' at thread -1
Loading resource: res://tests/fixtures/campaign/live_a1_l2.tscn remapped: res://tests/fixtures/campaign/live_a1_l2.tscn
Completed load for: 'res://tests/fixtures/campaign/live_a1_l2.tscn' remapped 'res://tests/fixtures/campaign/live_a1_l2.tscn' at thread -1
Loading resource: res://tests/fixtures/campaign/live_a1_l1.tscn remapped: res://tests/fixtures/campaign/live_a1_l1.tscn
Completed load for: 'res://tests/fixtures/campaign/live_a1_l1.tscn' remapped 'res://tests/fixtures/campaign/live_a1_l1.tscn' at thread -1
Loading resource: res://tests/fixtures/campaign/live_a1_l2.tscn remapped: res://tests/fixtures/campaign/live_a1_l2.tscn
Completed load for: 'res://tests/fixtures/campaign/live_a1_l2.tscn' remapped 'res://tests/fixtures/campaign/live_a1_l2.tscn' at thread -1
Loading resource: res://tests/fixtures/campaign/live_a1_l2.tscn remapped: res://tests/fixtures/campaign/live_a1_l2.tscn
Completed load for: 'res://tests/fixtures/campaign/live_a1_l2.tscn' remapped 'res://tests/fixtures/campaign/live_a1_l2.tscn' at thread -1
Loading resource: res://tests/fixtures/campaign/live_a1_l2.tscn remapped: res://tests/fixtures/campaign/live_a1_l2.tscn
Completed load for: 'res://tests/fixtures/campaign/live_a1_l2.tscn' remapped 'res://tests/fixtures/campaign/live_a1_l2.tscn' at thread -1
Loading resource: res://tests/fixtures/campaign/live_a1_l2.tscn remapped: res://tests/fixtures/campaign/live_a1_l2.tscn
Completed load for: 'res://tests/fixtures/campaign/live_a1_l2.tscn' remapped 'res://tests/fixtures/campaign/live_a1_l2.tscn' at thread -1
Loading resource: res://tests/fixtures/campaign/live_a1_l1.tscn remapped: res://tests/fixtures/campaign/live_a1_l1.tscn
Completed load for: 'res://tests/fixtures/campaign/live_a1_l1.tscn' remapped 'res://tests/fixtures/campaign/live_a1_l1.tscn' at thread -1
Loading resource: res://tests/fixtures/campaign/live_a1_l1.tscn remapped: res://tests/fixtures/campaign/live_a1_l1.tscn
Completed load for: 'res://tests/fixtures/campaign/live_a1_l1.tscn' remapped 'res://tests/fixtures/campaign/live_a1_l1.tscn' at thread -1
Loading resource: res://tests/fixtures/campaign/live_a1_l2.tscn remapped: res://tests/fixtures/campaign/live_a1_l2.tscn
Completed load for: 'res://tests/fixtures/campaign/live_a1_l2.tscn' remapped 'res://tests/fixtures/campaign/live_a1_l2.tscn' at thread -1
Loading resource: res://tests/fixtures/campaign/live_a1_l2.tscn remapped: res://tests/fixtures/campaign/live_a1_l2.tscn
Completed load for: 'res://tests/fixtures/campaign/live_a1_l2.tscn' remapped 'res://tests/fixtures/campaign/live_a1_l2.tscn' at thread -1
Loading resource: res://tests/fixtures/campaign/live_a1_l2.tscn remapped: res://tests/fixtures/campaign/live_a1_l2.tscn
Completed load for: 'res://tests/fixtures/campaign/live_a1_l2.tscn' remapped 'res://tests/fixtures/campaign/live_a1_l2.tscn' at thread -1
Loading resource: res://tests/fixtures/campaign/live_a1_l2.tscn remapped: res://tests/fixtures/campaign/live_a1_l2.tscn
Completed load for: 'res://tests/fixtures/campaign/live_a1_l2.tscn' remapped 'res://tests/fixtures/campaign/live_a1_l2.tscn' at thread -1
Loading resource: res://tests/fixtures/campaign/live_a1_l2.tscn remapped: res://tests/fixtures/campaign/live_a1_l2.tscn
Completed load for: 'res://tests/fixtures/campaign/live_a1_l2.tscn' remapped 'res://tests/fixtures/campaign/live_a1_l2.tscn' at thread -1
Loading resource: res://tests/fixtures/campaign/live_a1_l2.tscn remapped: res://tests/fixtures/campaign/live_a1_l2.tscn
Completed load for: 'res://tests/fixtures/campaign/live_a1_l2.tscn' remapped 'res://tests/fixtures/campaign/live_a1_l2.tscn' at thread -1
Loading resource: res://tests/fixtures/campaign/live_a1_l2.tscn remapped: res://tests/fixtures/campaign/live_a1_l2.tscn
Completed load for: 'res://tests/fixtures/campaign/live_a1_l2.tscn' remapped 'res://tests/fixtures/campaign/live_a1_l2.tscn' at thread -1
Loading resource: res://tests/fixtures/campaign/live_a1_l2.tscn remapped: res://tests/fixtures/campaign/live_a1_l2.tscn
Completed load for: 'res://tests/fixtures/campaign/live_a1_l2.tscn' remapped 'res://tests/fixtures/campaign/live_a1_l2.tscn' at thread -1
Loading resource: res://tests/fixtures/campaign/live_a1_l2.tscn remapped: res://tests/fixtures/campaign/live_a1_l2.tscn
Completed load for: 'res://tests/fixtures/campaign/live_a1_l2.tscn' remapped 'res://tests/fixtures/campaign/live_a1_l2.tscn' at thread -1
Loading resource: res://tests/fixtures/campaign/live_a1_l2.tscn remapped: res://tests/fixtures/campaign/live_a1_l2.tscn
Completed load for: 'res://tests/fixtures/campaign/live_a1_l2.tscn' remapped 'res://tests/fixtures/campaign/live_a1_l2.tscn' at thread -1
Loading resource: res://tests/fixtures/campaign/live_a1_l2.tscn remapped: res://tests/fixtures/campaign/live_a1_l2.tscn
Completed load for: 'res://tests/fixtures/campaign/live_a1_l2.tscn' remapped 'res://tests/fixtures/campaign/live_a1_l2.tscn' at thread -1
Loading resource: res://tests/fixtures/campaign/live_a1_l2.tscn remapped: res://tests/fixtures/campaign/live_a1_l2.tscn
Completed load for: 'res://tests/fixtures/campaign/live_a1_l2.tscn' remapped 'res://tests/fixtures/campaign/live_a1_l2.tscn' at thread -1
Loading resource: res://tests/fixtures/campaign/live_a1_l2.tscn remapped: res://tests/fixtures/campaign/live_a1_l2.tscn
Completed load for: 'res://tests/fixtures/campaign/live_a1_l2.tscn' remapped 'res://tests/fixtures/campaign/live_a1_l2.tscn' at thread -1
Loading resource: res://tests/fixtures/campaign/live_a1_l2.tscn remapped: res://tests/fixtures/campaign/live_a1_l2.tscn
Completed load for: 'res://tests/fixtures/campaign/live_a1_l2.tscn' remapped 'res://tests/fixtures/campaign/live_a1_l2.tscn' at thread -1
Loading resource: res://tests/fixtures/campaign/live_a1_l2.tscn remapped: res://tests/fixtures/campaign/live_a1_l2.tscn
Completed load for: 'res://tests/fixtures/campaign/live_a1_l2.tscn' remapped 'res://tests/fixtures/campaign/live_a1_l2.tscn' at thread -1
Loading resource: res://tests/fixtures/campaign/live_a1_l2.tscn remapped: res://tests/fixtures/campaign/live_a1_l2.tscn
Completed load for: 'res://tests/fixtures/campaign/live_a1_l2.tscn' remapped 'res://tests/fixtures/campaign/live_a1_l2.tscn' at thread -1
Loading resource: res://tests/fixtures/campaign/live_a1_l2.tscn remapped: res://tests/fixtures/campaign/live_a1_l2.tscn
Completed load for: 'res://tests/fixtures/campaign/live_a1_l2.tscn' remapped 'res://tests/fixtures/campaign/live_a1_l2.tscn' at thread -1
Loading resource: res://tests/fixtures/campaign/live_a1_l2.tscn remapped: res://tests/fixtures/campaign/live_a1_l2.tscn
Completed load for: 'res://tests/fixtures/campaign/live_a1_l2.tscn' remapped 'res://tests/fixtures/campaign/live_a1_l2.tscn' at thread -1
Loading resource: res://tests/fixtures/campaign/live_a1_l2.tscn remapped: res://tests/fixtures/campaign/live_a1_l2.tscn
Completed load for: 'res://tests/fixtures/campaign/live_a1_l2.tscn' remapped 'res://tests/fixtures/campaign/live_a1_l2.tscn' at thread -1
Loading resource: res://tests/fixtures/campaign/live_a1_l2.tscn remapped: res://tests/fixtures/campaign/live_a1_l2.tscn
Completed load for: 'res://tests/fixtures/campaign/live_a1_l2.tscn' remapped 'res://tests/fixtures/campaign/live_a1_l2.tscn' at thread -1
Loading resource: res://tests/fixtures/campaign/live_a1_l2.tscn remapped: res://tests/fixtures/campaign/live_a1_l2.tscn
Completed load for: 'res://tests/fixtures/campaign/live_a1_l2.tscn' remapped 'res://tests/fixtures/campaign/live_a1_l2.tscn' at thread -1
Loading resource: res://tests/fixtures/campaign/live_a1_l2.tscn remapped: res://tests/fixtures/campaign/live_a1_l2.tscn
Completed load for: 'res://tests/fixtures/campaign/live_a1_l2.tscn' remapped 'res://tests/fixtures/campaign/live_a1_l2.tscn' at thread -1
Loading resource: res://tests/fixtures/campaign/live_a1_l2.tscn remapped: res://tests/fixtures/campaign/live_a1_l2.tscn
Completed load for: 'res://tests/fixtures/campaign/live_a1_l2.tscn' remapped 'res://tests/fixtures/campaign/live_a1_l2.tscn' at thread -1
Loading resource: res://tests/fixtures/campaign/live_a1_l2.tscn remapped: res://tests/fixtures/campaign/live_a1_l2.tscn
Completed load for: 'res://tests/fixtures/campaign/live_a1_l2.tscn' remapped 'res://tests/fixtures/campaign/live_a1_l2.tscn' at thread -1
Loading resource: res://tests/fixtures/campaign/live_a1_l2.tscn remapped: res://tests/fixtures/campaign/live_a1_l2.tscn
Completed load for: 'res://tests/fixtures/campaign/live_a1_l2.tscn' remapped 'res://tests/fixtures/campaign/live_a1_l2.tscn' at thread -1
Loading resource: res://tests/fixtures/campaign/live_a1_l2.tscn remapped: res://tests/fixtures/campaign/live_a1_l2.tscn
Completed load for: 'res://tests/fixtures/campaign/live_a1_l2.tscn' remapped 'res://tests/fixtures/campaign/live_a1_l2.tscn' at thread -1
Loading resource: res://tests/fixtures/campaign/live_a1_l2.tscn remapped: res://tests/fixtures/campaign/live_a1_l2.tscn
Completed load for: 'res://tests/fixtures/campaign/live_a1_l2.tscn' remapped 'res://tests/fixtures/campaign/live_a1_l2.tscn' at thread -1
Loading resource: res://tests/fixtures/campaign/live_a1_l1.tscn remapped: res://tests/fixtures/campaign/live_a1_l1.tscn
Completed load for: 'res://tests/fixtures/campaign/live_a1_l1.tscn' remapped 'res://tests/fixtures/campaign/live_a1_l1.tscn' at thread -1
Loading resource: res://tests/fixtures/campaign/live_a1_l2.tscn remapped: res://tests/fixtures/campaign/live_a1_l2.tscn
Completed load for: 'res://tests/fixtures/campaign/live_a1_l2.tscn' remapped 'res://tests/fixtures/campaign/live_a1_l2.tscn' at thread -1
Loading resource: res://tests/fixtures/campaign/live_a1_l2.tscn remapped: res://tests/fixtures/campaign/live_a1_l2.tscn
Completed load for: 'res://tests/fixtures/campaign/live_a1_l2.tscn' remapped 'res://tests/fixtures/campaign/live_a1_l2.tscn' at thread -1
Loading resource: res://tests/fixtures/campaign/live_a1_l2.tscn remapped: res://tests/fixtures/campaign/live_a1_l2.tscn
Completed load for: 'res://tests/fixtures/campaign/live_a1_l2.tscn' remapped 'res://tests/fixtures/campaign/live_a1_l2.tscn' at thread -1
Loading resource: res://tests/fixtures/campaign/live_a1_l2.tscn remapped: res://tests/fixtures/campaign/live_a1_l2.tscn
Completed load for: 'res://tests/fixtures/campaign/live_a1_l2.tscn' remapped 'res://tests/fixtures/campaign/live_a1_l2.tscn' at thread -1
Loading resource: res://tests/fixtures/campaign/live_a1_l2.tscn remapped: res://tests/fixtures/campaign/live_a1_l2.tscn
Completed load for: 'res://tests/fixtures/campaign/live_a1_l2.tscn' remapped 'res://tests/fixtures/campaign/live_a1_l2.tscn' at thread -1
Loading resource: res://tests/fixtures/campaign/live_a1_l2.tscn remapped: res://tests/fixtures/campaign/live_a1_l2.tscn
Completed load for: 'res://tests/fixtures/campaign/live_a1_l2.tscn' remapped 'res://tests/fixtures/campaign/live_a1_l2.tscn' at thread -1
Loading resource: res://tests/fixtures/campaign/live_a1_l2.tscn remapped: res://tests/fixtures/campaign/live_a1_l2.tscn
Completed load for: 'res://tests/fixtures/campaign/live_a1_l2.tscn' remapped 'res://tests/fixtures/campaign/live_a1_l2.tscn' at thread -1
Loading resource: res://tests/fixtures/campaign/live_a1_l2.tscn remapped: res://tests/fixtures/campaign/live_a1_l2.tscn
Completed load for: 'res://tests/fixtures/campaign/live_a1_l2.tscn' remapped 'res://tests/fixtures/campaign/live_a1_l2.tscn' at thread -1
Loading resource: res://tests/fixtures/campaign/live_a1_l2.tscn remapped: res://tests/fixtures/campaign/live_a1_l2.tscn
Completed load for: 'res://tests/fixtures/campaign/live_a1_l2.tscn' remapped 'res://tests/fixtures/campaign/live_a1_l2.tscn' at thread -1
Loading resource: res://tests/fixtures/campaign/live_a1_l2.tscn remapped: res://tests/fixtures/campaign/live_a1_l2.tscn
Completed load for: 'res://tests/fixtures/campaign/live_a1_l2.tscn' remapped 'res://tests/fixtures/campaign/live_a1_l2.tscn' at thread -1
Loading resource: res://tests/fixtures/campaign/live_a1_l2.tscn remapped: res://tests/fixtures/campaign/live_a1_l2.tscn
Completed load for: 'res://tests/fixtures/campaign/live_a1_l2.tscn' remapped 'res://tests/fixtures/campaign/live_a1_l2.tscn' at thread -1
Loading resource: res://tests/fixtures/campaign/live_a1_l3.tscn remapped: res://tests/fixtures/campaign/live_a1_l3.tscn
Completed load for: 'res://tests/fixtures/campaign/live_a1_l3.tscn' remapped 'res://tests/fixtures/campaign/live_a1_l3.tscn' at thread -1
Loading resource: res://tests/fixtures/campaign/live_a1_l2.tscn remapped: res://tests/fixtures/campaign/live_a1_l2.tscn
Completed load for: 'res://tests/fixtures/campaign/live_a1_l2.tscn' remapped 'res://tests/fixtures/campaign/live_a1_l2.tscn' at thread -1
Loading resource: res://tests/fixtures/campaign/live_a1_l2.tscn remapped: res://tests/fixtures/campaign/live_a1_l2.tscn
Completed load for: 'res://tests/fixtures/campaign/live_a1_l2.tscn' remapped 'res://tests/fixtures/campaign/live_a1_l2.tscn' at thread -1
Loading resource: res://tests/fixtures/campaign/live_a1_l2.tscn remapped: res://tests/fixtures/campaign/live_a1_l2.tscn
Completed load for: 'res://tests/fixtures/campaign/live_a1_l2.tscn' remapped 'res://tests/fixtures/campaign/live_a1_l2.tscn' at thread -1
Loading resource: res://tests/fixtures/campaign/live_a1_l2.tscn remapped: res://tests/fixtures/campaign/live_a1_l2.tscn
Completed load for: 'res://tests/fixtures/campaign/live_a1_l2.tscn' remapped 'res://tests/fixtures/campaign/live_a1_l2.tscn' at thread -1
Loading resource: res://tests/fixtures/campaign/live_a1_l2.tscn remapped: res://tests/fixtures/campaign/live_a1_l2.tscn
Completed load for: 'res://tests/fixtures/campaign/live_a1_l2.tscn' remapped 'res://tests/fixtures/campaign/live_a1_l2.tscn' at thread -1
Loading resource: res://tests/fixtures/campaign/live_a1_l2.tscn remapped: res://tests/fixtures/campaign/live_a1_l2.tscn
Completed load for: 'res://tests/fixtures/campaign/live_a1_l2.tscn' remapped 'res://tests/fixtures/campaign/live_a1_l2.tscn' at thread -1
Loading resource: res://tests/fixtures/campaign/live_a1_l2.tscn remapped: res://tests/fixtures/campaign/live_a1_l2.tscn
Completed load for: 'res://tests/fixtures/campaign/live_a1_l2.tscn' remapped 'res://tests/fixtures/campaign/live_a1_l2.tscn' at thread -1
Loading resource: res://tests/fixtures/campaign/live_a1_l2.tscn remapped: res://tests/fixtures/campaign/live_a1_l2.tscn
Completed load for: 'res://tests/fixtures/campaign/live_a1_l2.tscn' remapped 'res://tests/fixtures/campaign/live_a1_l2.tscn' at thread -1
Loading resource: res://tests/fixtures/campaign/live_a1_l2.tscn remapped: res://tests/fixtures/campaign/live_a1_l2.tscn
Completed load for: 'res://tests/fixtures/campaign/live_a1_l2.tscn' remapped 'res://tests/fixtures/campaign/live_a1_l2.tscn' at thread -1
Loading resource: res://tests/fixtures/campaign/live_a1_l3.tscn remapped: res://tests/fixtures/campaign/live_a1_l3.tscn
Completed load for: 'res://tests/fixtures/campaign/live_a1_l3.tscn' remapped 'res://tests/fixtures/campaign/live_a1_l3.tscn' at thread -1
Loading resource: res://tests/fixtures/campaign/live_a1_l3.tscn remapped: res://tests/fixtures/campaign/live_a1_l3.tscn
Completed load for: 'res://tests/fixtures/campaign/live_a1_l3.tscn' remapped 'res://tests/fixtures/campaign/live_a1_l3.tscn' at thread -1
Loading resource: res://tests/fixtures/campaign/live_a1_l3.tscn remapped: res://tests/fixtures/campaign/live_a1_l3.tscn
Completed load for: 'res://tests/fixtures/campaign/live_a1_l3.tscn' remapped 'res://tests/fixtures/campaign/live_a1_l3.tscn' at thread -1
Loading resource: res://tests/fixtures/campaign/live_a1_l3.tscn remapped: res://tests/fixtures/campaign/live_a1_l3.tscn
Completed load for: 'res://tests/fixtures/campaign/live_a1_l3.tscn' remapped 'res://tests/fixtures/campaign/live_a1_l3.tscn' at thread -1
Loading resource: res://tests/fixtures/campaign/live_a1_l3.tscn remapped: res://tests/fixtures/campaign/live_a1_l3.tscn
Completed load for: 'res://tests/fixtures/campaign/live_a1_l3.tscn' remapped 'res://tests/fixtures/campaign/live_a1_l3.tscn' at thread -1
Loading resource: res://tests/fixtures/campaign/live_a1_l3.tscn remapped: res://tests/fixtures/campaign/live_a1_l3.tscn
Completed load for: 'res://tests/fixtures/campaign/live_a1_l3.tscn' remapped 'res://tests/fixtures/campaign/live_a1_l3.tscn' at thread -1
Loading resource: res://tests/fixtures/campaign/live_a1_l3.tscn remapped: res://tests/fixtures/campaign/live_a1_l3.tscn
Completed load for: 'res://tests/fixtures/campaign/live_a1_l3.tscn' remapped 'res://tests/fixtures/campaign/live_a1_l3.tscn' at thread -1
Loading resource: res://tests/fixtures/campaign/live_a1_l3.tscn remapped: res://tests/fixtures/campaign/live_a1_l3.tscn
Completed load for: 'res://tests/fixtures/campaign/live_a1_l3.tscn' remapped 'res://tests/fixtures/campaign/live_a1_l3.tscn' at thread -1
Loading resource: res://tests/fixtures/campaign/live_a1_l3.tscn remapped: res://tests/fixtures/campaign/live_a1_l3.tscn
Completed load for: 'res://tests/fixtures/campaign/live_a1_l3.tscn' remapped 'res://tests/fixtures/campaign/live_a1_l3.tscn' at thread -1
Loading resource: res://tests/fixtures/campaign/live_a1_l3.tscn remapped: res://tests/fixtures/campaign/live_a1_l3.tscn
Completed load for: 'res://tests/fixtures/campaign/live_a1_l3.tscn' remapped 'res://tests/fixtures/campaign/live_a1_l3.tscn' at thread -1
Loading resource: res://tests/fixtures/campaign/live_a1_l2.tscn remapped: res://tests/fixtures/campaign/live_a1_l2.tscn
Completed load for: 'res://tests/fixtures/campaign/live_a1_l2.tscn' remapped 'res://tests/fixtures/campaign/live_a1_l2.tscn' at thread -1
Loading resource: res://tests/fixtures/campaign/live_a1_l2.tscn remapped: res://tests/fixtures/campaign/live_a1_l2.tscn
Completed load for: 'res://tests/fixtures/campaign/live_a1_l2.tscn' remapped 'res://tests/fixtures/campaign/live_a1_l2.tscn' at thread -1
Loading resource: res://tests/fixtures/campaign/live_a1_l3.tscn remapped: res://tests/fixtures/campaign/live_a1_l3.tscn
Completed load for: 'res://tests/fixtures/campaign/live_a1_l3.tscn' remapped 'res://tests/fixtures/campaign/live_a1_l3.tscn' at thread -1
Loading resource: res://tests/fixtures/campaign/live_a1_l3.tscn remapped: res://tests/fixtures/campaign/live_a1_l3.tscn
Completed load for: 'res://tests/fixtures/campaign/live_a1_l3.tscn' remapped 'res://tests/fixtures/campaign/live_a1_l3.tscn' at thread -1
Loading resource: res://tests/fixtures/campaign/live_a1_l1.tscn remapped: res://tests/fixtures/campaign/live_a1_l1.tscn
Completed load for: 'res://tests/fixtures/campaign/live_a1_l1.tscn' remapped 'res://tests/fixtures/campaign/live_a1_l1.tscn' at thread -1
Loading resource: res://tests/fixtures/campaign/live_a1_l1.tscn remapped: res://tests/fixtures/campaign/live_a1_l1.tscn
Completed load for: 'res://tests/fixtures/campaign/live_a1_l1.tscn' remapped 'res://tests/fixtures/campaign/live_a1_l1.tscn' at thread -1
Loading resource: res://tests/fixtures/campaign/live_a3_l5.tscn remapped: res://tests/fixtures/campaign/live_a3_l5.tscn
Completed load for: 'res://tests/fixtures/campaign/live_a3_l5.tscn' remapped 'res://tests/fixtures/campaign/live_a3_l5.tscn' at thread -1
Loading resource: res://tests/fixtures/campaign/live_a3_l5.tscn remapped: res://tests/fixtures/campaign/live_a3_l5.tscn
Completed load for: 'res://tests/fixtures/campaign/live_a3_l5.tscn' remapped 'res://tests/fixtures/campaign/live_a3_l5.tscn' at thread -1
Loading resource: res://tests/fixtures/campaign/live_a3_l5.tscn remapped: res://tests/fixtures/campaign/live_a3_l5.tscn
Completed load for: 'res://tests/fixtures/campaign/live_a3_l5.tscn' remapped 'res://tests/fixtures/campaign/live_a3_l5.tscn' at thread -1
Loading resource: res://tests/fixtures/campaign/live_a3_l5.tscn remapped: res://tests/fixtures/campaign/live_a3_l5.tscn
Completed load for: 'res://tests/fixtures/campaign/live_a3_l5.tscn' remapped 'res://tests/fixtures/campaign/live_a3_l5.tscn' at thread -1
Loading resource: res://tests/fixtures/campaign/live_a3_l5.tscn remapped: res://tests/fixtures/campaign/live_a3_l5.tscn
Completed load for: 'res://tests/fixtures/campaign/live_a3_l5.tscn' remapped 'res://tests/fixtures/campaign/live_a3_l5.tscn' at thread -1
Loading resource: res://tests/fixtures/campaign/live_a3_l5.tscn remapped: res://tests/fixtures/campaign/live_a3_l5.tscn
Completed load for: 'res://tests/fixtures/campaign/live_a3_l5.tscn' remapped 'res://tests/fixtures/campaign/live_a3_l5.tscn' at thread -1
Loading resource: res://tests/fixtures/campaign/live_a3_l5.tscn remapped: res://tests/fixtures/campaign/live_a3_l5.tscn
Completed load for: 'res://tests/fixtures/campaign/live_a3_l5.tscn' remapped 'res://tests/fixtures/campaign/live_a3_l5.tscn' at thread -1
Loading resource: res://tests/fixtures/campaign/live_a3_l5.tscn remapped: res://tests/fixtures/campaign/live_a3_l5.tscn
Completed load for: 'res://tests/fixtures/campaign/live_a3_l5.tscn' remapped 'res://tests/fixtures/campaign/live_a3_l5.tscn' at thread -1
Loading resource: res://tests/fixtures/campaign/live_a3_l5.tscn remapped: res://tests/fixtures/campaign/live_a3_l5.tscn
Completed load for: 'res://tests/fixtures/campaign/live_a3_l5.tscn' remapped 'res://tests/fixtures/campaign/live_a3_l5.tscn' at thread -1
Loading resource: res://tests/fixtures/campaign/live_a3_l5.tscn remapped: res://tests/fixtures/campaign/live_a3_l5.tscn
Completed load for: 'res://tests/fixtures/campaign/live_a3_l5.tscn' remapped 'res://tests/fixtures/campaign/live_a3_l5.tscn' at thread -1
Loading resource: res://tests/fixtures/campaign/live_a3_l5.tscn remapped: res://tests/fixtures/campaign/live_a3_l5.tscn
Completed load for: 'res://tests/fixtures/campaign/live_a3_l5.tscn' remapped 'res://tests/fixtures/campaign/live_a3_l5.tscn' at thread -1
Loading resource: res://tests/fixtures/campaign/live_a3_l5.tscn remapped: res://tests/fixtures/campaign/live_a3_l5.tscn
Completed load for: 'res://tests/fixtures/campaign/live_a3_l5.tscn' remapped 'res://tests/fixtures/campaign/live_a3_l5.tscn' at thread -1
Loading resource: res://tests/fixtures/campaign/live_a3_l5.tscn remapped: res://tests/fixtures/campaign/live_a3_l5.tscn
Completed load for: 'res://tests/fixtures/campaign/live_a3_l5.tscn' remapped 'res://tests/fixtures/campaign/live_a3_l5.tscn' at thread -1
Loading resource: res://tests/fixtures/campaign/live_a3_l5.tscn remapped: res://tests/fixtures/campaign/live_a3_l5.tscn
Completed load for: 'res://tests/fixtures/campaign/live_a3_l5.tscn' remapped 'res://tests/fixtures/campaign/live_a3_l5.tscn' at thread -1
Loading resource: res://tests/fixtures/campaign/live_a3_l5.tscn remapped: res://tests/fixtures/campaign/live_a3_l5.tscn
Completed load for: 'res://tests/fixtures/campaign/live_a3_l5.tscn' remapped 'res://tests/fixtures/campaign/live_a3_l5.tscn' at thread -1
Loading resource: res://tests/fixtures/campaign/live_a3_l5.tscn remapped: res://tests/fixtures/campaign/live_a3_l5.tscn
Completed load for: 'res://tests/fixtures/campaign/live_a3_l5.tscn' remapped 'res://tests/fixtures/campaign/live_a3_l5.tscn' at thread -1
Loading resource: res://tests/fixtures/campaign/live_a3_l5.tscn remapped: res://tests/fixtures/campaign/live_a3_l5.tscn
Completed load for: 'res://tests/fixtures/campaign/live_a3_l5.tscn' remapped 'res://tests/fixtures/campaign/live_a3_l5.tscn' at thread -1
Loading resource: res://tests/fixtures/campaign/live_a3_l5.tscn remapped: res://tests/fixtures/campaign/live_a3_l5.tscn
Completed load for: 'res://tests/fixtures/campaign/live_a3_l5.tscn' remapped 'res://tests/fixtures/campaign/live_a3_l5.tscn' at thread -1
Loading resource: res://tests/fixtures/campaign/live_a3_l5.tscn remapped: res://tests/fixtures/campaign/live_a3_l5.tscn
Completed load for: 'res://tests/fixtures/campaign/live_a3_l5.tscn' remapped 'res://tests/fixtures/campaign/live_a3_l5.tscn' at thread -1
Loading resource: res://tests/fixtures/campaign/live_a3_l5.tscn remapped: res://tests/fixtures/campaign/live_a3_l5.tscn
Completed load for: 'res://tests/fixtures/campaign/live_a3_l5.tscn' remapped 'res://tests/fixtures/campaign/live_a3_l5.tscn' at thread -1
Loading resource: res://tests/fixtures/campaign/live_a3_l5.tscn remapped: res://tests/fixtures/campaign/live_a3_l5.tscn
Completed load for: 'res://tests/fixtures/campaign/live_a3_l5.tscn' remapped 'res://tests/fixtures/campaign/live_a3_l5.tscn' at thread -1
Loading resource: res://tests/fixtures/campaign/live_a3_l5.tscn remapped: res://tests/fixtures/campaign/live_a3_l5.tscn
Completed load for: 'res://tests/fixtures/campaign/live_a3_l5.tscn' remapped 'res://tests/fixtures/campaign/live_a3_l5.tscn' at thread -1
Loading resource: res://tests/fixtures/campaign/live_a3_l5.tscn remapped: res://tests/fixtures/campaign/live_a3_l5.tscn
Completed load for: 'res://tests/fixtures/campaign/live_a3_l5.tscn' remapped 'res://tests/fixtures/campaign/live_a3_l5.tscn' at thread -1
Loading resource: res://tests/fixtures/campaign/live_a3_l5.tscn remapped: res://tests/fixtures/campaign/live_a3_l5.tscn
Completed load for: 'res://tests/fixtures/campaign/live_a3_l5.tscn' remapped 'res://tests/fixtures/campaign/live_a3_l5.tscn' at thread -1
Loading resource: res://tests/fixtures/campaign/live_a3_l5.tscn remapped: res://tests/fixtures/campaign/live_a3_l5.tscn
Completed load for: 'res://tests/fixtures/campaign/live_a3_l5.tscn' remapped 'res://tests/fixtures/campaign/live_a3_l5.tscn' at thread -1
Loading resource: res://tests/fixtures/campaign/live_a3_l5.tscn remapped: res://tests/fixtures/campaign/live_a3_l5.tscn
Completed load for: 'res://tests/fixtures/campaign/live_a3_l5.tscn' remapped 'res://tests/fixtures/campaign/live_a3_l5.tscn' at thread -1
Loading resource: res://tests/fixtures/campaign/live_a3_l5.tscn remapped: res://tests/fixtures/campaign/live_a3_l5.tscn
Completed load for: 'res://tests/fixtures/campaign/live_a3_l5.tscn' remapped 'res://tests/fixtures/campaign/live_a3_l5.tscn' at thread -1
Loading resource: res://tests/fixtures/campaign/live_a3_l5.tscn remapped: res://tests/fixtures/campaign/live_a3_l5.tscn
Completed load for: 'res://tests/fixtures/campaign/live_a3_l5.tscn' remapped 'res://tests/fixtures/campaign/live_a3_l5.tscn' at thread -1
Loading resource: res://tests/fixtures/campaign/live_a3_l5.tscn remapped: res://tests/fixtures/campaign/live_a3_l5.tscn
Completed load for: 'res://tests/fixtures/campaign/live_a3_l5.tscn' remapped 'res://tests/fixtures/campaign/live_a3_l5.tscn' at thread -1
Loading resource: res://tests/fixtures/campaign/live_a3_l5.tscn remapped: res://tests/fixtures/campaign/live_a3_l5.tscn
Completed load for: 'res://tests/fixtures/campaign/live_a3_l5.tscn' remapped 'res://tests/fixtures/campaign/live_a3_l5.tscn' at thread -1
Loading resource: res://tests/fixtures/campaign/live_a3_l5.tscn remapped: res://tests/fixtures/campaign/live_a3_l5.tscn
Completed load for: 'res://tests/fixtures/campaign/live_a3_l5.tscn' remapped 'res://tests/fixtures/campaign/live_a3_l5.tscn' at thread -1
Loading resource: res://tests/fixtures/campaign/live_a3_l5.tscn remapped: res://tests/fixtures/campaign/live_a3_l5.tscn
Completed load for: 'res://tests/fixtures/campaign/live_a3_l5.tscn' remapped 'res://tests/fixtures/campaign/live_a3_l5.tscn' at thread -1
Loading resource: res://tests/fixtures/campaign/live_a3_l5.tscn remapped: res://tests/fixtures/campaign/live_a3_l5.tscn
Completed load for: 'res://tests/fixtures/campaign/live_a3_l5.tscn' remapped 'res://tests/fixtures/campaign/live_a3_l5.tscn' at thread -1
Loading resource: res://tests/fixtures/campaign/live_a3_l5.tscn remapped: res://tests/fixtures/campaign/live_a3_l5.tscn
Completed load for: 'res://tests/fixtures/campaign/live_a3_l5.tscn' remapped 'res://tests/fixtures/campaign/live_a3_l5.tscn' at thread -1
Loading resource: res://tests/fixtures/campaign/live_a3_l5.tscn remapped: res://tests/fixtures/campaign/live_a3_l5.tscn
Completed load for: 'res://tests/fixtures/campaign/live_a3_l5.tscn' remapped 'res://tests/fixtures/campaign/live_a3_l5.tscn' at thread -1
Loading resource: res://tests/fixtures/campaign/live_a3_l5.tscn remapped: res://tests/fixtures/campaign/live_a3_l5.tscn
Completed load for: 'res://tests/fixtures/campaign/live_a3_l5.tscn' remapped 'res://tests/fixtures/campaign/live_a3_l5.tscn' at thread -1
Loading resource: res://tests/fixtures/campaign/live_a1_l1.tscn remapped: res://tests/fixtures/campaign/live_a1_l1.tscn
Completed load for: 'res://tests/fixtures/campaign/live_a1_l1.tscn' remapped 'res://tests/fixtures/campaign/live_a1_l1.tscn' at thread -1
Loading resource: res://tests/fixtures/campaign/live_a1_l2.tscn remapped: res://tests/fixtures/campaign/live_a1_l2.tscn
Completed load for: 'res://tests/fixtures/campaign/live_a1_l2.tscn' remapped 'res://tests/fixtures/campaign/live_a1_l2.tscn' at thread -1
Loading resource: res://tests/fixtures/campaign/live_a1_l3.tscn remapped: res://tests/fixtures/campaign/live_a1_l3.tscn
Completed load for: 'res://tests/fixtures/campaign/live_a1_l3.tscn' remapped 'res://tests/fixtures/campaign/live_a1_l3.tscn' at thread -1
Loading resource: res://scenes/acts/act2/a2_l1.tscn remapped: res://scenes/acts/act2/a2_l1.tscn
Loading resource: res://scripts/acts/act2/horsell_common.gd remapped: res://scripts/acts/act2/horsell_common.gd
Completed load for: 'res://scripts/acts/act2/horsell_common.gd' remapped 'res://scripts/acts/act2/horsell_common.gd' at thread -1
Completed load for: 'res://scenes/acts/act2/a2_l1.tscn' remapped 'res://scenes/acts/act2/a2_l1.tscn' at thread -1
Loading resource: res://scenes/acts/act2/a2_l2.tscn remapped: res://scenes/acts/act2/a2_l2.tscn
Loading resource: res://scripts/acts/act2/weybridge.gd remapped: res://scripts/acts/act2/weybridge.gd
Completed load for: 'res://scripts/acts/act2/weybridge.gd' remapped 'res://scripts/acts/act2/weybridge.gd' at thread -1
Completed load for: 'res://scenes/acts/act2/a2_l2.tscn' remapped 'res://scenes/acts/act2/a2_l2.tscn' at thread -1
Loading resource: res://scenes/acts/act3/a3_l1.tscn remapped: res://scenes/acts/act3/a3_l1.tscn
Loading resource: res://scripts/acts/act3/twin_suns_level.gd remapped: res://scripts/acts/act3/twin_suns_level.gd
Loading resource: res://assets/acts/act3/scarlet_sand.gdshader remapped: res://assets/acts/act3/scarlet_sand.gdshader
Completed load for: 'res://assets/acts/act3/scarlet_sand.gdshader' remapped 'res://assets/acts/act3/scarlet_sand.gdshader' at thread -1
Loading resource: res://assets/acts/act3/sunbound-stalker-branchspell.png remapped: res://assets/acts/act3/sunbound-stalker-branchspell.png
Loading resource: res://.godot/imported/sunbound-stalker-branchspell.png-75158e419bff8c7c42b44ef5f2278d93.ctex remapped: res://.godot/imported/sunbound-stalker-branchspell.png-75158e419bff8c7c42b44ef5f2278d93.ctex
Completed load for: 'res://assets/acts/act3/sunbound-stalker-branchspell.png' remapped 'res://assets/acts/act3/sunbound-stalker-branchspell.png' at thread -1
Loading resource: res://assets/acts/act3/sunbound-stalker-recovery.png remapped: res://assets/acts/act3/sunbound-stalker-recovery.png
Loading resource: res://.godot/imported/sunbound-stalker-recovery.png-d85b0669f9b230455b486cee596f480c.ctex remapped: res://.godot/imported/sunbound-stalker-recovery.png-d85b0669f9b230455b486cee596f480c.ctex
Completed load for: 'res://assets/acts/act3/sunbound-stalker-recovery.png' remapped 'res://assets/acts/act3/sunbound-stalker-recovery.png' at thread -1
Loading resource: res://assets/acts/act3/sunbound-stalker-alppain-readable.png remapped: res://assets/acts/act3/sunbound-stalker-alppain-readable.png
Loading resource: res://.godot/imported/sunbound-stalker-alppain-readable.png-8c8a6f963bd863c49f8fa56b9517f485.ctex remapped: res://.godot/imported/sunbound-stalker-alppain-readable.png-8c8a6f963bd863c49f8fa56b9517f485.ctex
Completed load for: 'res://assets/acts/act3/sunbound-stalker-alppain-readable.png' remapped 'res://assets/acts/act3/sunbound-stalker-alppain-readable.png' at thread -1
Loading resource: res://assets/acts/act3/sunbound-stalker-alppain-recovery.png remapped: res://assets/acts/act3/sunbound-stalker-alppain-recovery.png
Loading resource: res://.godot/imported/sunbound-stalker-alppain-recovery.png-1955175a04e7c515aded6d9787967b8c.ctex remapped: res://.godot/imported/sunbound-stalker-alppain-recovery.png-1955175a04e7c515aded6d9787967b8c.ctex
Completed load for: 'res://assets/acts/act3/sunbound-stalker-alppain-recovery.png' remapped 'res://assets/acts/act3/sunbound-stalker-alppain-recovery.png' at thread -1
Loading resource: res://assets/acts/act3/sunbound-stalker-branchspell-back.png remapped: res://assets/acts/act3/sunbound-stalker-branchspell-back.png
Loading resource: res://.godot/imported/sunbound-stalker-branchspell-back.png-043744825361994dc417101099b85f74.ctex remapped: res://.godot/imported/sunbound-stalker-branchspell-back.png-043744825361994dc417101099b85f74.ctex
Completed load for: 'res://assets/acts/act3/sunbound-stalker-branchspell-back.png' remapped 'res://assets/acts/act3/sunbound-stalker-branchspell-back.png' at thread -1
Loading resource: res://assets/acts/act3/sunbound-stalker-recovery-back.png remapped: res://assets/acts/act3/sunbound-stalker-recovery-back.png
Loading resource: res://.godot/imported/sunbound-stalker-recovery-back.png-8f37c03add6562ed941d8c2237852f86.ctex remapped: res://.godot/imported/sunbound-stalker-recovery-back.png-8f37c03add6562ed941d8c2237852f86.ctex
Completed load for: 'res://assets/acts/act3/sunbound-stalker-recovery-back.png' remapped 'res://assets/acts/act3/sunbound-stalker-recovery-back.png' at thread -1
Loading resource: res://assets/acts/act3/sunbound-stalker-alppain-back.png remapped: res://assets/acts/act3/sunbound-stalker-alppain-back.png
Loading resource: res://.godot/imported/sunbound-stalker-alppain-back.png-3aa1cb3dfdbcde1fe9faf6ebd36f3a6e.ctex remapped: res://.godot/imported/sunbound-stalker-alppain-back.png-3aa1cb3dfdbcde1fe9faf6ebd36f3a6e.ctex
Completed load for: 'res://assets/acts/act3/sunbound-stalker-alppain-back.png' remapped 'res://assets/acts/act3/sunbound-stalker-alppain-back.png' at thread -1
Loading resource: res://assets/acts/act3/sunbound-stalker-alppain-recovery-back.png remapped: res://assets/acts/act3/sunbound-stalker-alppain-recovery-back.png
Loading resource: res://.godot/imported/sunbound-stalker-alppain-recovery-back.png-d8b59d8464860c43275e6cc1746084f6.ctex remapped: res://.godot/imported/sunbound-stalker-alppain-recovery-back.png-d8b59d8464860c43275e6cc1746084f6.ctex
Completed load for: 'res://assets/acts/act3/sunbound-stalker-alppain-recovery-back.png' remapped 'res://assets/acts/act3/sunbound-stalker-alppain-recovery-back.png' at thread -1
Completed load for: 'res://scripts/acts/act3/twin_suns_level.gd' remapped 'res://scripts/acts/act3/twin_suns_level.gd' at thread -1
Completed load for: 'res://scenes/acts/act3/a3_l1.tscn' remapped 'res://scenes/acts/act3/a3_l1.tscn' at thread -1
Loading resource: res://scenes/acts/act3/a3_l2_living_forest.tscn remapped: res://scenes/acts/act3/a3_l2_living_forest.tscn
Loading resource: res://scripts/acts/act3/living_forest_level.gd remapped: res://scripts/acts/act3/living_forest_level.gd
Loading resource: res://assets/acts/act3/forest-leaf-floor.gdshader remapped: res://assets/acts/act3/forest-leaf-floor.gdshader
Completed load for: 'res://assets/acts/act3/forest-leaf-floor.gdshader' remapped 'res://assets/acts/act3/forest-leaf-floor.gdshader' at thread -1
Loading resource: res://assets/acts/act3/forest-bark-albedo-v1.png remapped: res://assets/acts/act3/forest-bark-albedo-v1.png
Loading resource: res://.godot/imported/forest-bark-albedo-v1.png-9b8e477af83da2a22407ac379e5b7c65.ctex remapped: res://.godot/imported/forest-bark-albedo-v1.png-9b8e477af83da2a22407ac379e5b7c65.ctex
Completed load for: 'res://assets/acts/act3/forest-bark-albedo-v1.png' remapped 'res://assets/acts/act3/forest-bark-albedo-v1.png' at thread -1
Loading resource: res://assets/acts/act3/dreamsinter-observer.png remapped: res://assets/acts/act3/dreamsinter-observer.png
Loading resource: res://.godot/imported/dreamsinter-observer.png-cc13d28fed3b683a6bcd55ae458ffc0e.ctex remapped: res://.godot/imported/dreamsinter-observer.png-cc13d28fed3b683a6bcd55ae458ffc0e.ctex
Completed load for: 'res://assets/acts/act3/dreamsinter-observer.png' remapped 'res://assets/acts/act3/dreamsinter-observer.png' at thread -1
Completed load for: 'res://scripts/acts/act3/living_forest_level.gd' remapped 'res://scripts/acts/act3/living_forest_level.gd' at thread -1
Completed load for: 'res://scenes/acts/act3/a3_l2_living_forest.tscn' remapped 'res://scenes/acts/act3/a3_l2_living_forest.tscn' at thread -1
Loading resource: res://tests/fixtures/campaign/live_a3_l5.tscn remapped: res://tests/fixtures/campaign/live_a3_l5.tscn
Completed load for: 'res://tests/fixtures/campaign/live_a3_l5.tscn' remapped 'res://tests/fixtures/campaign/live_a3_l5.tscn' at thread -1
Loading resource: res://tests/fixtures/campaign/live_a1_o1.tscn remapped: res://tests/fixtures/campaign/live_a1_o1.tscn
Completed load for: 'res://tests/fixtures/campaign/live_a1_o1.tscn' remapped 'res://tests/fixtures/campaign/live_a1_o1.tscn' at thread -1
Loading resource: res://tests/fixtures/campaign/live_a3_l5.tscn remapped: res://tests/fixtures/campaign/live_a3_l5.tscn
Completed load for: 'res://tests/fixtures/campaign/live_a3_l5.tscn' remapped 'res://tests/fixtures/campaign/live_a3_l5.tscn' at thread -1
Loading resource: res://tests/fixtures/campaign/live_a3_l5.tscn remapped: res://tests/fixtures/campaign/live_a3_l5.tscn
Completed load for: 'res://tests/fixtures/campaign/live_a3_l5.tscn' remapped 'res://tests/fixtures/campaign/live_a3_l5.tscn' at thread -1
Loading resource: res://tests/fixtures/campaign/live_a3_l5.tscn remapped: res://tests/fixtures/campaign/live_a3_l5.tscn
Completed load for: 'res://tests/fixtures/campaign/live_a3_l5.tscn' remapped 'res://tests/fixtures/campaign/live_a3_l5.tscn' at thread -1
Loading resource: res://tests/fixtures/campaign/live_a3_l5.tscn remapped: res://tests/fixtures/campaign/live_a3_l5.tscn
Completed load for: 'res://tests/fixtures/campaign/live_a3_l5.tscn' remapped 'res://tests/fixtures/campaign/live_a3_l5.tscn' at thread -1
Loading resource: res://tests/fixtures/campaign/live_a3_l5.tscn remapped: res://tests/fixtures/campaign/live_a3_l5.tscn
Completed load for: 'res://tests/fixtures/campaign/live_a3_l5.tscn' remapped 'res://tests/fixtures/campaign/live_a3_l5.tscn' at thread -1
Loading resource: res://tests/fixtures/campaign/live_a3_l5.tscn remapped: res://tests/fixtures/campaign/live_a3_l5.tscn
Completed load for: 'res://tests/fixtures/campaign/live_a3_l5.tscn' remapped 'res://tests/fixtures/campaign/live_a3_l5.tscn' at thread -1
Loading resource: res://tests/fixtures/campaign/live_a3_l5.tscn remapped: res://tests/fixtures/campaign/live_a3_l5.tscn
Completed load for: 'res://tests/fixtures/campaign/live_a3_l5.tscn' remapped 'res://tests/fixtures/campaign/live_a3_l5.tscn' at thread -1
Loading resource: res://tests/fixtures/campaign/live_a3_l5.tscn remapped: res://tests/fixtures/campaign/live_a3_l5.tscn
Completed load for: 'res://tests/fixtures/campaign/live_a3_l5.tscn' remapped 'res://tests/fixtures/campaign/live_a3_l5.tscn' at thread -1
Loading resource: res://tests/fixtures/campaign/live_a3_l5.tscn remapped: res://tests/fixtures/campaign/live_a3_l5.tscn
Completed load for: 'res://tests/fixtures/campaign/live_a3_l5.tscn' remapped 'res://tests/fixtures/campaign/live_a3_l5.tscn' at thread -1
Loading resource: res://tests/fixtures/campaign/live_a3_l5.tscn remapped: res://tests/fixtures/campaign/live_a3_l5.tscn
Completed load for: 'res://tests/fixtures/campaign/live_a3_l5.tscn' remapped 'res://tests/fixtures/campaign/live_a3_l5.tscn' at thread -1
Loading resource: res://tests/fixtures/campaign/live_a3_l5.tscn remapped: res://tests/fixtures/campaign/live_a3_l5.tscn
Completed load for: 'res://tests/fixtures/campaign/live_a3_l5.tscn' remapped 'res://tests/fixtures/campaign/live_a3_l5.tscn' at thread -1
Loading resource: res://tests/fixtures/campaign/live_a3_l5.tscn remapped: res://tests/fixtures/campaign/live_a3_l5.tscn
Completed load for: 'res://tests/fixtures/campaign/live_a3_l5.tscn' remapped 'res://tests/fixtures/campaign/live_a3_l5.tscn' at thread -1
Loading resource: res://tests/fixtures/campaign/live_a3_l5.tscn remapped: res://tests/fixtures/campaign/live_a3_l5.tscn
Completed load for: 'res://tests/fixtures/campaign/live_a3_l5.tscn' remapped 'res://tests/fixtures/campaign/live_a3_l5.tscn' at thread -1
Loading resource: res://tests/fixtures/campaign/live_a3_l5.tscn remapped: res://tests/fixtures/campaign/live_a3_l5.tscn
Completed load for: 'res://tests/fixtures/campaign/live_a3_l5.tscn' remapped 'res://tests/fixtures/campaign/live_a3_l5.tscn' at thread -1
Loading resource: res://tests/fixtures/campaign/live_a3_l5.tscn remapped: res://tests/fixtures/campaign/live_a3_l5.tscn
Completed load for: 'res://tests/fixtures/campaign/live_a3_l5.tscn' remapped 'res://tests/fixtures/campaign/live_a3_l5.tscn' at thread -1
Loading resource: res://tests/fixtures/campaign/live_a3_l5.tscn remapped: res://tests/fixtures/campaign/live_a3_l5.tscn
Completed load for: 'res://tests/fixtures/campaign/live_a3_l5.tscn' remapped 'res://tests/fixtures/campaign/live_a3_l5.tscn' at thread -1
Loading resource: res://tests/fixtures/campaign/live_a3_l5.tscn remapped: res://tests/fixtures/campaign/live_a3_l5.tscn
Completed load for: 'res://tests/fixtures/campaign/live_a3_l5.tscn' remapped 'res://tests/fixtures/campaign/live_a3_l5.tscn' at thread -1
Loading resource: res://tests/fixtures/campaign/live_a3_l5.tscn remapped: res://tests/fixtures/campaign/live_a3_l5.tscn
Completed load for: 'res://tests/fixtures/campaign/live_a3_l5.tscn' remapped 'res://tests/fixtures/campaign/live_a3_l5.tscn' at thread -1
Loading resource: res://tests/fixtures/campaign/live_a3_l5.tscn remapped: res://tests/fixtures/campaign/live_a3_l5.tscn
Completed load for: 'res://tests/fixtures/campaign/live_a3_l5.tscn' remapped 'res://tests/fixtures/campaign/live_a3_l5.tscn' at thread -1
Loading resource: res://tests/fixtures/campaign/live_a3_l5.tscn remapped: res://tests/fixtures/campaign/live_a3_l5.tscn
Completed load for: 'res://tests/fixtures/campaign/live_a3_l5.tscn' remapped 'res://tests/fixtures/campaign/live_a3_l5.tscn' at thread -1
Loading resource: res://tests/fixtures/campaign/live_a3_l5.tscn remapped: res://tests/fixtures/campaign/live_a3_l5.tscn
Completed load for: 'res://tests/fixtures/campaign/live_a3_l5.tscn' remapped 'res://tests/fixtures/campaign/live_a3_l5.tscn' at thread -1
Loading resource: res://tests/fixtures/campaign/live_a3_l5.tscn remapped: res://tests/fixtures/campaign/live_a3_l5.tscn
Completed load for: 'res://tests/fixtures/campaign/live_a3_l5.tscn' remapped 'res://tests/fixtures/campaign/live_a3_l5.tscn' at thread -1
Loading resource: res://tests/fixtures/campaign/live_a3_l5.tscn remapped: res://tests/fixtures/campaign/live_a3_l5.tscn
Completed load for: 'res://tests/fixtures/campaign/live_a3_l5.tscn' remapped 'res://tests/fixtures/campaign/live_a3_l5.tscn' at thread -1
Loading resource: res://tests/fixtures/campaign/live_a3_l5.tscn remapped: res://tests/fixtures/campaign/live_a3_l5.tscn
Completed load for: 'res://tests/fixtures/campaign/live_a3_l5.tscn' remapped 'res://tests/fixtures/campaign/live_a3_l5.tscn' at thread -1
Loading resource: res://tests/fixtures/campaign/live_a3_l5.tscn remapped: res://tests/fixtures/campaign/live_a3_l5.tscn
Completed load for: 'res://tests/fixtures/campaign/live_a3_l5.tscn' remapped 'res://tests/fixtures/campaign/live_a3_l5.tscn' at thread -1
Loading resource: res://tests/fixtures/campaign/live_a3_l5.tscn remapped: res://tests/fixtures/campaign/live_a3_l5.tscn
Completed load for: 'res://tests/fixtures/campaign/live_a3_l5.tscn' remapped 'res://tests/fixtures/campaign/live_a3_l5.tscn' at thread -1
Loading resource: res://tests/fixtures/campaign/live_a3_l5.tscn remapped: res://tests/fixtures/campaign/live_a3_l5.tscn
Completed load for: 'res://tests/fixtures/campaign/live_a3_l5.tscn' remapped 'res://tests/fixtures/campaign/live_a3_l5.tscn' at thread -1
Loading resource: res://tests/fixtures/campaign/live_a3_l5.tscn remapped: res://tests/fixtures/campaign/live_a3_l5.tscn
Completed load for: 'res://tests/fixtures/campaign/live_a3_l5.tscn' remapped 'res://tests/fixtures/campaign/live_a3_l5.tscn' at thread -1
Loading resource: res://tests/fixtures/campaign/live_a3_l5.tscn remapped: res://tests/fixtures/campaign/live_a3_l5.tscn
Completed load for: 'res://tests/fixtures/campaign/live_a3_l5.tscn' remapped 'res://tests/fixtures/campaign/live_a3_l5.tscn' at thread -1
Loading resource: res://tests/fixtures/campaign/live_a3_l5.tscn remapped: res://tests/fixtures/campaign/live_a3_l5.tscn
Completed load for: 'res://tests/fixtures/campaign/live_a3_l5.tscn' remapped 'res://tests/fixtures/campaign/live_a3_l5.tscn' at thread -1
Loading resource: res://tests/fixtures/campaign/live_a3_l5.tscn remapped: res://tests/fixtures/campaign/live_a3_l5.tscn
Completed load for: 'res://tests/fixtures/campaign/live_a3_l5.tscn' remapped 'res://tests/fixtures/campaign/live_a3_l5.tscn' at thread -1
Loading resource: res://tests/fixtures/campaign/live_a3_l5.tscn remapped: res://tests/fixtures/campaign/live_a3_l5.tscn
Completed load for: 'res://tests/fixtures/campaign/live_a3_l5.tscn' remapped 'res://tests/fixtures/campaign/live_a3_l5.tscn' at thread -1
Loading resource: res://tests/fixtures/campaign/live_a3_l5.tscn remapped: res://tests/fixtures/campaign/live_a3_l5.tscn
Completed load for: 'res://tests/fixtures/campaign/live_a3_l5.tscn' remapped 'res://tests/fixtures/campaign/live_a3_l5.tscn' at thread -1
Loading resource: res://tests/fixtures/campaign/live_a3_l5.tscn remapped: res://tests/fixtures/campaign/live_a3_l5.tscn
Completed load for: 'res://tests/fixtures/campaign/live_a3_l5.tscn' remapped 'res://tests/fixtures/campaign/live_a3_l5.tscn' at thread -1
Loading resource: res://tests/fixtures/campaign/live_a1_l1.tscn remapped: res://tests/fixtures/campaign/live_a1_l1.tscn
Completed load for: 'res://tests/fixtures/campaign/live_a1_l1.tscn' remapped 'res://tests/fixtures/campaign/live_a1_l1.tscn' at thread -1
Loading resource: res://tests/fixtures/campaign/live_a1_l2.tscn remapped: res://tests/fixtures/campaign/live_a1_l2.tscn
Completed load for: 'res://tests/fixtures/campaign/live_a1_l2.tscn' remapped 'res://tests/fixtures/campaign/live_a1_l2.tscn' at thread -1
Loading resource: res://tests/fixtures/campaign/live_a1_l3.tscn remapped: res://tests/fixtures/campaign/live_a1_l3.tscn
Completed load for: 'res://tests/fixtures/campaign/live_a1_l3.tscn' remapped 'res://tests/fixtures/campaign/live_a1_l3.tscn' at thread -1
Loading resource: res://scenes/acts/act2/a2_l1.tscn remapped: res://scenes/acts/act2/a2_l1.tscn
Completed load for: 'res://scenes/acts/act2/a2_l1.tscn' remapped 'res://scenes/acts/act2/a2_l1.tscn' at thread -1
Loading resource: res://scenes/acts/act2/a2_l2.tscn remapped: res://scenes/acts/act2/a2_l2.tscn
Completed load for: 'res://scenes/acts/act2/a2_l2.tscn' remapped 'res://scenes/acts/act2/a2_l2.tscn' at thread -1
Loading resource: res://scenes/acts/act3/a3_l1.tscn remapped: res://scenes/acts/act3/a3_l1.tscn
Completed load for: 'res://scenes/acts/act3/a3_l1.tscn' remapped 'res://scenes/acts/act3/a3_l1.tscn' at thread -1
Loading resource: res://scenes/acts/act3/a3_l2_living_forest.tscn remapped: res://scenes/acts/act3/a3_l2_living_forest.tscn
Completed load for: 'res://scenes/acts/act3/a3_l2_living_forest.tscn' remapped 'res://scenes/acts/act3/a3_l2_living_forest.tscn' at thread -1
Loading resource: res://tests/fixtures/campaign/live_a3_l5.tscn remapped: res://tests/fixtures/campaign/live_a3_l5.tscn
Completed load for: 'res://tests/fixtures/campaign/live_a3_l5.tscn' remapped 'res://tests/fixtures/campaign/live_a3_l5.tscn' at thread -1
Loading resource: res://tests/fixtures/campaign/live_a1_o1.tscn remapped: res://tests/fixtures/campaign/live_a1_o1.tscn
Completed load for: 'res://tests/fixtures/campaign/live_a1_o1.tscn' remapped 'res://tests/fixtures/campaign/live_a1_o1.tscn' at thread -1
Loading resource: res://tests/fixtures/campaign/live_a3_l5.tscn remapped: res://tests/fixtures/campaign/live_a3_l5.tscn
Completed load for: 'res://tests/fixtures/campaign/live_a3_l5.tscn' remapped 'res://tests/fixtures/campaign/live_a3_l5.tscn' at thread -1
Campaign shell smoke: 52 checks, 0 failures (TEST ONLY live fixtures)
XR: Clearing primary interface
XR: Removed interface "Native mobile"
XR: Removed interface "OpenXR"
