Merge made by the 'ort' strategy.
 docs/development/CAMPAIGN_MEMORY.md                |    6 +
 docs/development/LANE_PARENT_PRESENTATION_GUARD.md |   39 +
 docs/development/SHARED_CONTRACT.md                |    8 +-
 docs/development/SHARED_PROGRESS.md                |   14 +-
 docs/development/SIDE_RETURN_JOURNEY.md            |   17 +
 .../evidence/lane-parent-presentation/.gdignore    |    0
 .../lane-parent-presentation/.gitattributes        |    1 +
 .../lane-parent-presentation/focused1/result.json  |   21 +
 .../lane-parent-presentation/focused1/runner.py    |   21 +
 .../focused1/source/.gdignore                      |    0
 .../source/files/assets/characters/manifest.json   |  222 ++
 .../source/files/assets/effects/manifest.json      |  118 +
 .../source/files/assets/references/manifest.json   |   31 +
 .../source/files/captures/character-blast.png      |  Bin 0 -> 46350 bytes
 .../source/files/captures/character-lab.png        |  Bin 0 -> 43458 bytes
 .../source/files/captures/character-primary.png    |  Bin 0 -> 47294 bytes
 .../source/files/captures/dash-plume-end.png       |  Bin 0 -> 46039 bytes
 .../source/files/captures/dash-plume-mid.png       |  Bin 0 -> 44475 bytes
 .../source/files/captures/enemy-recovery.png       |  Bin 0 -> 38409 bytes
 .../source/files/captures/enemy-warning.png        |  Bin 0 -> 39107 bytes
 .../source/files/captures/level-preview.png        |  Bin 0 -> 20745 bytes
 .../source/files/captures/loadout-bench.png        |  Bin 0 -> 148324 bytes
 .../source/files/captures/mechanics-lab.png        |  Bin 0 -> 46497 bytes
 .../source/files/captures/shot-flare-left.png      |  Bin 0 -> 50287 bytes
 .../source/files/captures/shot-flare-right.png     |  Bin 0 -> 50089 bytes
 .../focused1/source/files/captures/slash-arc.png   |  Bin 0 -> 49204 bytes
 .../source/files/data/campaign/registry.json       |  361 +++
 .../files/data/design/difficulty_profiles.json     |   11 +
 .../source/files/data/design/player_equipment.json | 1179 ++++++++
 .../docs/concept-art/act1/generated-manifest.json  | 1110 +++++++
 .../docs/concept-art/act2/generated-manifest.json  |  494 ++++
 .../docs/concept-art/act3/generated-manifest.json  |  679 +++++
 .../files/docs/reference-library/act1/CREDITS.md   |  598 ++++
 .../files/docs/reference-library/act2/CREDITS.md   |   70 +
 .../reference-library/act3/research/SOURCES.md     |   43 +
 .../focused1/source/files/project.godot            |   34 +
 .../source/files/scenes/campaign_main.tscn         |    6 +
 .../focused1/source/files/scenes/lab_arena.tscn    |  724 +++++
 .../focused1/source/files/scenes/player.tscn       |   41 +
 .../source/files/scenes/practice_target.tscn       |    6 +
 .../source/files/scripts/attack_footprint.gd       |   88 +
 .../source/files/scripts/attack_footprint.gd.uid   |    1 +
 .../source/files/scripts/campaign/attempts.gd      |  371 +++
 .../source/files/scripts/campaign/attempts.gd.uid  |    1 +
 .../source/files/scripts/campaign/exact_json.gd    |  247 ++
 .../files/scripts/campaign/exact_json.gd.uid       |    1 +
 .../source/files/scripts/campaign/level.gd         |  505 ++++
 .../source/files/scripts/campaign/level.gd.uid     |    1 +
 .../source/files/scripts/campaign/registry.gd      |  147 +
 .../source/files/scripts/campaign/registry.gd.uid  |    1 +
 .../source/files/scripts/campaign/save_store.gd    |  179 ++
 .../files/scripts/campaign/save_store.gd.uid       |    1 +
 .../source/files/scripts/campaign/shell.gd         |  879 ++++++
 .../source/files/scripts/campaign/shell.gd.uid     |    1 +
 .../files/scripts/campaign/snapshot_codec.gd       |   94 +
 .../files/scripts/campaign/snapshot_codec.gd.uid   |    1 +
 .../scripts/character/player_presentations.gd      |  233 ++
 .../scripts/character/player_presentations.gd.uid  |    1 +
 .../source/files/scripts/combat/action_capture.gd  |  315 ++
 .../files/scripts/combat/action_capture.gd.uid     |    1 +
 .../scripts/combat/authored_echo_cycle_journal.gd  |   78 +
 .../combat/authored_echo_cycle_journal.gd.uid      |    1 +
 .../files/scripts/combat/authored_echo_renderer.gd |  348 +++
 .../scripts/combat/authored_echo_renderer.gd.uid   |    1 +
 .../combat/authored_echo_terminal_receipt.gd       |  208 ++
 .../combat/authored_echo_terminal_receipt.gd.uid   |    1 +
 .../scripts/combat/authored_enemy_sequence.gd      |  584 ++++
 .../scripts/combat/authored_enemy_sequence.gd.uid  |    1 +
 .../source/files/scripts/combat/body_sweep.gd      |  288 ++
 .../source/files/scripts/combat/body_sweep.gd.uid  |    1 +
 .../source/files/scripts/combat/difficulty.gd      |   99 +
 .../source/files/scripts/combat/difficulty.gd.uid  |    1 +
 .../source/files/scripts/combat/lane_mechanism.gd  |  792 +++++
 .../files/scripts/combat/lane_mechanism.gd.uid     |    1 +
 .../source/files/scripts/combat/lunge_motion.gd    |  188 ++
 .../files/scripts/combat/lunge_motion.gd.uid       |    1 +
 .../source/files/scripts/combat/replay_cursor.gd   |  324 +++
 .../files/scripts/combat/replay_cursor.gd.uid      |    1 +
 .../files/scripts/combat/replay_footprint.gd       |  648 +++++
 .../files/scripts/combat/replay_footprint.gd.uid   |    1 +
 .../source/files/scripts/combat/replay_playback.gd | 2144 ++++++++++++++
 .../files/scripts/combat/replay_playback.gd.uid    |    1 +
 .../source/files/scripts/combat/replay_program.gd  |  107 +
 .../files/scripts/combat/replay_program.gd.uid     |    1 +
 .../source/files/scripts/combat/replay_sequence.gd |  189 ++
 .../files/scripts/combat/replay_sequence.gd.uid    |    1 +
 .../source/files/scripts/combat/replay_witness.gd  |  385 +++
 .../files/scripts/combat/replay_witness.gd.uid     |    1 +
 .../source/files/scripts/combat/threat_geometry.gd |  265 ++
 .../files/scripts/combat/threat_geometry.gd.uid    |    1 +
 .../files/scripts/combat/threat_scheduler.gd       | 3039 +++++++++++++++++++
 .../files/scripts/combat/threat_scheduler.gd.uid   |    1 +
 .../focused1/source/files/scripts/cues/cue_mesh.gd |  200 ++
 .../source/files/scripts/cues/cue_mesh.gd.uid      |    1 +
 .../source/files/scripts/cues/threat_cue.gd        |  723 +++++
 .../source/files/scripts/cues/threat_cue.gd.uid    |    1 +
 .../focused1/source/files/scripts/curling_smoke.gd |  323 +++
 .../source/files/scripts/curling_smoke.gd.uid      |    1 +
 .../focused1/source/files/scripts/dev/dev.py       |  576 ++++
 .../focused1/source/files/scripts/effects.gd       |  532 ++++
 .../focused1/source/files/scripts/effects.gd.uid   |    1 +
 .../focused1/source/files/scripts/enemy.gd         |  903 ++++++
 .../focused1/source/files/scripts/enemy.gd.uid     |    1 +
 .../focused1/source/files/scripts/equipment.gd     |  212 ++
 .../focused1/source/files/scripts/equipment.gd.uid |    1 +
 .../focused1/source/files/scripts/game.gd          |  827 ++++++
 .../focused1/source/files/scripts/game.gd.uid      |    1 +
 .../focused1/source/files/scripts/hud.gd           |  416 +++
 .../focused1/source/files/scripts/hud.gd.uid       |    1 +
 .../focused1/source/files/scripts/lab_bench.gd     |  140 +
 .../focused1/source/files/scripts/lab_bench.gd.uid |    1 +
 .../focused1/source/files/scripts/pixel_sprite.gd  |  618 ++++
 .../source/files/scripts/pixel_sprite.gd.uid       |    1 +
 .../focused1/source/files/scripts/player.gd        | 1006 +++++++
 .../focused1/source/files/scripts/player.gd.uid    |    1 +
 .../source/files/scripts/practice_target.gd        |  124 +
 .../source/files/scripts/practice_target.gd.uid    |    1 +
 .../files/scripts/presentation/camera_framing.gd   |  151 +
 .../scripts/presentation/camera_framing.gd.uid     |    1 +
 .../source/files/scripts/settings/game_settings.gd |  295 ++
 .../files/scripts/settings/game_settings.gd.uid    |    1 +
 .../focused1/source/files/scripts/shotgun_flare.gd |  147 +
 .../source/files/scripts/shotgun_flare.gd.uid      |    1 +
 .../source/files/scripts/ui/campaign_menu.gd       |  742 +++++
 .../source/files/scripts/ui/campaign_menu.gd.uid   |    1 +
 .../focused1/source/files/scripts/weapon_pickup.gd |   49 +
 .../source/files/scripts/weapon_pickup.gd.uid      |    1 +
 .../files/tests/fixtures/lane_mechanism_world.gd   |   47 +
 .../tests/fixtures/lane_mechanism_world.gd.uid     |    1 +
 .../source/files/tests/lane_mechanism_smoke.gd     | 1013 +++++++
 .../source/files/tests/lane_mechanism_smoke.gd.uid |    1 +
 .../files/tests/lane_parent_presentation_smoke.gd  |  228 ++
 .../focused1/source/manifest.json                  |  754 +++++
 .../lane-parent-presentation/focused1/wrapper.log  |   59 +
 .../lane-parent-presentation/focused2/result.json  |   21 +
 .../lane-parent-presentation/focused2/runner.py    |   21 +
 .../focused2/source/.gdignore                      |    0
 .../source/files/assets/characters/manifest.json   |  222 ++
 .../source/files/assets/effects/manifest.json      |  118 +
 .../source/files/assets/references/manifest.json   |   31 +
 .../source/files/captures/character-blast.png      |  Bin 0 -> 46350 bytes
 .../source/files/captures/character-lab.png        |  Bin 0 -> 43458 bytes
 .../source/files/captures/character-primary.png    |  Bin 0 -> 47294 bytes
 .../source/files/captures/dash-plume-end.png       |  Bin 0 -> 46039 bytes
 .../source/files/captures/dash-plume-mid.png       |  Bin 0 -> 44475 bytes
 .../source/files/captures/enemy-recovery.png       |  Bin 0 -> 38409 bytes
 .../source/files/captures/enemy-warning.png        |  Bin 0 -> 39107 bytes
 .../source/files/captures/level-preview.png        |  Bin 0 -> 20745 bytes
 .../source/files/captures/loadout-bench.png        |  Bin 0 -> 148324 bytes
 .../source/files/captures/mechanics-lab.png        |  Bin 0 -> 46497 bytes
 .../source/files/captures/shot-flare-left.png      |  Bin 0 -> 50287 bytes
 .../source/files/captures/shot-flare-right.png     |  Bin 0 -> 50089 bytes
 .../focused2/source/files/captures/slash-arc.png   |  Bin 0 -> 49204 bytes
 .../source/files/data/campaign/registry.json       |  361 +++
 .../files/data/design/difficulty_profiles.json     |   11 +
 .../source/files/data/design/player_equipment.json | 1179 ++++++++
 .../docs/concept-art/act1/generated-manifest.json  | 1110 +++++++
 .../docs/concept-art/act2/generated-manifest.json  |  494 ++++
 .../docs/concept-art/act3/generated-manifest.json  |  679 +++++
 .../files/docs/reference-library/act1/CREDITS.md   |  598 ++++
 .../files/docs/reference-library/act2/CREDITS.md   |   70 +
 .../reference-library/act3/research/SOURCES.md     |   43 +
 .../focused2/source/files/project.godot            |   34 +
 .../source/files/scenes/campaign_main.tscn         |    6 +
 .../focused2/source/files/scenes/lab_arena.tscn    |  724 +++++
 .../focused2/source/files/scenes/player.tscn       |   41 +
 .../source/files/scenes/practice_target.tscn       |    6 +
 .../source/files/scripts/attack_footprint.gd       |   88 +
 .../source/files/scripts/attack_footprint.gd.uid   |    1 +
 .../source/files/scripts/campaign/attempts.gd      |  371 +++
 .../source/files/scripts/campaign/attempts.gd.uid  |    1 +
 .../source/files/scripts/campaign/exact_json.gd    |  247 ++
 .../files/scripts/campaign/exact_json.gd.uid       |    1 +
 .../source/files/scripts/campaign/level.gd         |  505 ++++
 .../source/files/scripts/campaign/level.gd.uid     |    1 +
 .../source/files/scripts/campaign/registry.gd      |  147 +
 .../source/files/scripts/campaign/registry.gd.uid  |    1 +
 .../source/files/scripts/campaign/save_store.gd    |  179 ++
 .../files/scripts/campaign/save_store.gd.uid       |    1 +
 .../source/files/scripts/campaign/shell.gd         |  879 ++++++
 .../source/files/scripts/campaign/shell.gd.uid     |    1 +
 .../files/scripts/campaign/snapshot_codec.gd       |   94 +
 .../files/scripts/campaign/snapshot_codec.gd.uid   |    1 +
 .../scripts/character/player_presentations.gd      |  233 ++
 .../scripts/character/player_presentations.gd.uid  |    1 +
 .../source/files/scripts/combat/action_capture.gd  |  315 ++
 .../files/scripts/combat/action_capture.gd.uid     |    1 +
 .../scripts/combat/authored_echo_cycle_journal.gd  |   78 +
 .../combat/authored_echo_cycle_journal.gd.uid      |    1 +
 .../files/scripts/combat/authored_echo_renderer.gd |  348 +++
 .../scripts/combat/authored_echo_renderer.gd.uid   |    1 +
 .../combat/authored_echo_terminal_receipt.gd       |  208 ++
 .../combat/authored_echo_terminal_receipt.gd.uid   |    1 +
 .../scripts/combat/authored_enemy_sequence.gd      |  584 ++++
 .../scripts/combat/authored_enemy_sequence.gd.uid  |    1 +
 .../source/files/scripts/combat/body_sweep.gd      |  288 ++
 .../source/files/scripts/combat/body_sweep.gd.uid  |    1 +
 .../source/files/scripts/combat/difficulty.gd      |   99 +
 .../source/files/scripts/combat/difficulty.gd.uid  |    1 +
 .../source/files/scripts/combat/lane_mechanism.gd  |  792 +++++
 .../files/scripts/combat/lane_mechanism.gd.uid     |    1 +
 .../source/files/scripts/combat/lunge_motion.gd    |  188 ++
 .../files/scripts/combat/lunge_motion.gd.uid       |    1 +
 .../source/files/scripts/combat/replay_cursor.gd   |  324 +++
 .../files/scripts/combat/replay_cursor.gd.uid      |    1 +
 .../files/scripts/combat/replay_footprint.gd       |  648 +++++
 .../files/scripts/combat/replay_footprint.gd.uid   |    1 +
 .../source/files/scripts/combat/replay_playback.gd | 2144 ++++++++++++++
 .../files/scripts/combat/replay_playback.gd.uid    |    1 +
 .../source/files/scripts/combat/replay_program.gd  |  107 +
 .../files/scripts/combat/replay_program.gd.uid     |    1 +
 .../source/files/scripts/combat/replay_sequence.gd |  189 ++
 .../files/scripts/combat/replay_sequence.gd.uid    |    1 +
 .../source/files/scripts/combat/replay_witness.gd  |  385 +++
 .../files/scripts/combat/replay_witness.gd.uid     |    1 +
 .../source/files/scripts/combat/threat_geometry.gd |  265 ++
 .../files/scripts/combat/threat_geometry.gd.uid    |    1 +
 .../files/scripts/combat/threat_scheduler.gd       | 3039 +++++++++++++++++++
 .../files/scripts/combat/threat_scheduler.gd.uid   |    1 +
 .../focused2/source/files/scripts/cues/cue_mesh.gd |  200 ++
 .../source/files/scripts/cues/cue_mesh.gd.uid      |    1 +
 .../source/files/scripts/cues/threat_cue.gd        |  723 +++++
 .../source/files/scripts/cues/threat_cue.gd.uid    |    1 +
 .../focused2/source/files/scripts/curling_smoke.gd |  323 +++
 .../source/files/scripts/curling_smoke.gd.uid      |    1 +
 .../focused2/source/files/scripts/dev/dev.py       |  576 ++++
 .../focused2/source/files/scripts/effects.gd       |  532 ++++
 .../focused2/source/files/scripts/effects.gd.uid   |    1 +
 .../focused2/source/files/scripts/enemy.gd         |  903 ++++++
 .../focused2/source/files/scripts/enemy.gd.uid     |    1 +
 .../focused2/source/files/scripts/equipment.gd     |  212 ++
 .../focused2/source/files/scripts/equipment.gd.uid |    1 +
 .../focused2/source/files/scripts/game.gd          |  827 ++++++
 .../focused2/source/files/scripts/game.gd.uid      |    1 +
 .../focused2/source/files/scripts/hud.gd           |  416 +++
 .../focused2/source/files/scripts/hud.gd.uid       |    1 +
 .../focused2/source/files/scripts/lab_bench.gd     |  140 +
 .../focused2/source/files/scripts/lab_bench.gd.uid |    1 +
 .../focused2/source/files/scripts/pixel_sprite.gd  |  618 ++++
 .../source/files/scripts/pixel_sprite.gd.uid       |    1 +
 .../focused2/source/files/scripts/player.gd        | 1006 +++++++
 .../focused2/source/files/scripts/player.gd.uid    |    1 +
 .../source/files/scripts/practice_target.gd        |  124 +
 .../source/files/scripts/practice_target.gd.uid    |    1 +
 .../files/scripts/presentation/camera_framing.gd   |  151 +
 .../scripts/presentation/camera_framing.gd.uid     |    1 +
 .../source/files/scripts/settings/game_settings.gd |  295 ++
 .../files/scripts/settings/game_settings.gd.uid    |    1 +
 .../focused2/source/files/scripts/shotgun_flare.gd |  147 +
 .../source/files/scripts/shotgun_flare.gd.uid      |    1 +
 .../source/files/scripts/ui/campaign_menu.gd       |  742 +++++
 .../source/files/scripts/ui/campaign_menu.gd.uid   |    1 +
 .../focused2/source/files/scripts/weapon_pickup.gd |   49 +
 .../source/files/scripts/weapon_pickup.gd.uid      |    1 +
 .../files/tests/fixtures/lane_mechanism_world.gd   |   47 +
 .../tests/fixtures/lane_mechanism_world.gd.uid     |    1 +
 .../source/files/tests/lane_mechanism_smoke.gd     | 1013 +++++++
 .../source/files/tests/lane_mechanism_smoke.gd.uid |    1 +
 .../files/tests/lane_parent_presentation_smoke.gd  |  230 ++
 .../focused2/source/manifest.json                  |  754 +++++
 .../lane-parent-presentation/focused2/wrapper.log  |   29 +
 .../lane-parent-presentation/focused3/result.json  |   21 +
 .../lane-parent-presentation/focused3/runner.py    |   21 +
 .../focused3/source/.gdignore                      |    0
 .../source/files/assets/characters/manifest.json   |  222 ++
 .../source/files/assets/effects/manifest.json      |  118 +
 .../source/files/assets/references/manifest.json   |   31 +
 .../source/files/captures/character-blast.png      |  Bin 0 -> 46350 bytes
 .../source/files/captures/character-lab.png        |  Bin 0 -> 43458 bytes
 .../source/files/captures/character-primary.png    |  Bin 0 -> 47294 bytes
 .../source/files/captures/dash-plume-end.png       |  Bin 0 -> 46039 bytes
 .../source/files/captures/dash-plume-mid.png       |  Bin 0 -> 44475 bytes
 .../source/files/captures/enemy-recovery.png       |  Bin 0 -> 38409 bytes
 .../source/files/captures/enemy-warning.png        |  Bin 0 -> 39107 bytes
 .../source/files/captures/level-preview.png        |  Bin 0 -> 20745 bytes
 .../source/files/captures/loadout-bench.png        |  Bin 0 -> 148324 bytes
 .../source/files/captures/mechanics-lab.png        |  Bin 0 -> 46497 bytes
 .../source/files/captures/shot-flare-left.png      |  Bin 0 -> 50287 bytes
 .../source/files/captures/shot-flare-right.png     |  Bin 0 -> 50089 bytes
 .../focused3/source/files/captures/slash-arc.png   |  Bin 0 -> 49204 bytes
 .../source/files/data/campaign/registry.json       |  361 +++
 .../files/data/design/difficulty_profiles.json     |   11 +
 .../source/files/data/design/player_equipment.json | 1179 ++++++++
 .../docs/concept-art/act1/generated-manifest.json  | 1110 +++++++
 .../docs/concept-art/act2/generated-manifest.json  |  494 ++++
 .../docs/concept-art/act3/generated-manifest.json  |  679 +++++
 .../files/docs/reference-library/act1/CREDITS.md   |  598 ++++
 .../files/docs/reference-library/act2/CREDITS.md   |   70 +
 .../reference-library/act3/research/SOURCES.md     |   43 +
 .../focused3/source/files/project.godot            |   34 +
 .../source/files/scenes/campaign_main.tscn         |    6 +
 .../focused3/source/files/scenes/lab_arena.tscn    |  724 +++++
 .../focused3/source/files/scenes/player.tscn       |   41 +
 .../source/files/scenes/practice_target.tscn       |    6 +
 .../source/files/scripts/attack_footprint.gd       |   88 +
 .../source/files/scripts/attack_footprint.gd.uid   |    1 +
 .../source/files/scripts/campaign/attempts.gd      |  371 +++
 .../source/files/scripts/campaign/attempts.gd.uid  |    1 +
 .../source/files/scripts/campaign/exact_json.gd    |  247 ++
 .../files/scripts/campaign/exact_json.gd.uid       |    1 +
 .../source/files/scripts/campaign/level.gd         |  505 ++++
 .../source/files/scripts/campaign/level.gd.uid     |    1 +
 .../source/files/scripts/campaign/registry.gd      |  147 +
 .../source/files/scripts/campaign/registry.gd.uid  |    1 +
 .../source/files/scripts/campaign/save_store.gd    |  179 ++
 .../files/scripts/campaign/save_store.gd.uid       |    1 +
 .../source/files/scripts/campaign/shell.gd         |  879 ++++++
 .../source/files/scripts/campaign/shell.gd.uid     |    1 +
 .../files/scripts/campaign/snapshot_codec.gd       |   94 +
 .../files/scripts/campaign/snapshot_codec.gd.uid   |    1 +
 .../scripts/character/player_presentations.gd      |  233 ++
 .../scripts/character/player_presentations.gd.uid  |    1 +
 .../source/files/scripts/combat/action_capture.gd  |  315 ++
 .../files/scripts/combat/action_capture.gd.uid     |    1 +
 .../scripts/combat/authored_echo_cycle_journal.gd  |   78 +
 .../combat/authored_echo_cycle_journal.gd.uid      |    1 +
 .../files/scripts/combat/authored_echo_renderer.gd |  348 +++
 .../scripts/combat/authored_echo_renderer.gd.uid   |    1 +
 .../combat/authored_echo_terminal_receipt.gd       |  208 ++
 .../combat/authored_echo_terminal_receipt.gd.uid   |    1 +
 .../scripts/combat/authored_enemy_sequence.gd      |  584 ++++
 .../scripts/combat/authored_enemy_sequence.gd.uid  |    1 +
 .../source/files/scripts/combat/body_sweep.gd      |  288 ++
 .../source/files/scripts/combat/body_sweep.gd.uid  |    1 +
 .../source/files/scripts/combat/difficulty.gd      |   99 +
 .../source/files/scripts/combat/difficulty.gd.uid  |    1 +
 .../source/files/scripts/combat/lane_mechanism.gd  |  792 +++++
 .../files/scripts/combat/lane_mechanism.gd.uid     |    1 +
 .../source/files/scripts/combat/lunge_motion.gd    |  188 ++
 .../files/scripts/combat/lunge_motion.gd.uid       |    1 +
 .../source/files/scripts/combat/replay_cursor.gd   |  324 +++
 .../files/scripts/combat/replay_cursor.gd.uid      |    1 +
 .../files/scripts/combat/replay_footprint.gd       |  648 +++++
 .../files/scripts/combat/replay_footprint.gd.uid   |    1 +
 .../source/files/scripts/combat/replay_playback.gd | 2144 ++++++++++++++
 .../files/scripts/combat/replay_playback.gd.uid    |    1 +
 .../source/files/scripts/combat/replay_program.gd  |  107 +
 .../files/scripts/combat/replay_program.gd.uid     |    1 +
 .../source/files/scripts/combat/replay_sequence.gd |  189 ++
 .../files/scripts/combat/replay_sequence.gd.uid    |    1 +
 .../source/files/scripts/combat/replay_witness.gd  |  385 +++
 .../files/scripts/combat/replay_witness.gd.uid     |    1 +
 .../source/files/scripts/combat/threat_geometry.gd |  265 ++
 .../files/scripts/combat/threat_geometry.gd.uid    |    1 +
 .../files/scripts/combat/threat_scheduler.gd       | 3039 +++++++++++++++++++
 .../files/scripts/combat/threat_scheduler.gd.uid   |    1 +
 .../focused3/source/files/scripts/cues/cue_mesh.gd |  200 ++
 .../source/files/scripts/cues/cue_mesh.gd.uid      |    1 +
 .../source/files/scripts/cues/threat_cue.gd        |  723 +++++
 .../source/files/scripts/cues/threat_cue.gd.uid    |    1 +
 .../focused3/source/files/scripts/curling_smoke.gd |  323 +++
 .../source/files/scripts/curling_smoke.gd.uid      |    1 +
 .../focused3/source/files/scripts/dev/dev.py       |  576 ++++
 .../focused3/source/files/scripts/effects.gd       |  532 ++++
 .../focused3/source/files/scripts/effects.gd.uid   |    1 +
 .../focused3/source/files/scripts/enemy.gd         |  903 ++++++
 .../focused3/source/files/scripts/enemy.gd.uid     |    1 +
 .../focused3/source/files/scripts/equipment.gd     |  212 ++
 .../focused3/source/files/scripts/equipment.gd.uid |    1 +
 .../focused3/source/files/scripts/game.gd          |  827 ++++++
 .../focused3/source/files/scripts/game.gd.uid      |    1 +
 .../focused3/source/files/scripts/hud.gd           |  416 +++
 .../focused3/source/files/scripts/hud.gd.uid       |    1 +
 .../focused3/source/files/scripts/lab_bench.gd     |  140 +
 .../focused3/source/files/scripts/lab_bench.gd.uid |    1 +
 .../focused3/source/files/scripts/pixel_sprite.gd  |  618 ++++
 .../source/files/scripts/pixel_sprite.gd.uid       |    1 +
 .../focused3/source/files/scripts/player.gd        | 1006 +++++++
 .../focused3/source/files/scripts/player.gd.uid    |    1 +
 .../source/files/scripts/practice_target.gd        |  124 +
 .../source/files/scripts/practice_target.gd.uid    |    1 +
 .../files/scripts/presentation/camera_framing.gd   |  151 +
 .../scripts/presentation/camera_framing.gd.uid     |    1 +
 .../source/files/scripts/settings/game_settings.gd |  295 ++
 .../files/scripts/settings/game_settings.gd.uid    |    1 +
 .../focused3/source/files/scripts/shotgun_flare.gd |  147 +
 .../source/files/scripts/shotgun_flare.gd.uid      |    1 +
 .../source/files/scripts/ui/campaign_menu.gd       |  742 +++++
 .../source/files/scripts/ui/campaign_menu.gd.uid   |    1 +
 .../focused3/source/files/scripts/weapon_pickup.gd |   49 +
 .../source/files/scripts/weapon_pickup.gd.uid      |    1 +
 .../files/tests/fixtures/lane_mechanism_world.gd   |   47 +
 .../tests/fixtures/lane_mechanism_world.gd.uid     |    1 +
 .../source/files/tests/lane_mechanism_smoke.gd     | 1013 +++++++
 .../source/files/tests/lane_mechanism_smoke.gd.uid |    1 +
 .../files/tests/lane_parent_presentation_smoke.gd  |  242 ++
 .../focused3/source/manifest.json                  |  754 +++++
 .../lane-parent-presentation/focused3/wrapper.log  |   52 +
 .../evidence/lane-parent-presentation/index.json   | 3061 ++++++++++++++++++++
 .../lane-parent-presentation/legacy1/result.json   |   21 +
 .../lane-parent-presentation/legacy1/runner.py     |   21 +
 .../legacy1/source/.gdignore                       |    0
 .../source/files/assets/characters/manifest.json   |  222 ++
 .../source/files/assets/effects/manifest.json      |  118 +
 .../source/files/assets/references/manifest.json   |   31 +
 .../source/files/captures/character-blast.png      |  Bin 0 -> 46350 bytes
 .../source/files/captures/character-lab.png        |  Bin 0 -> 43458 bytes
 .../source/files/captures/character-primary.png    |  Bin 0 -> 47294 bytes
 .../source/files/captures/dash-plume-end.png       |  Bin 0 -> 46039 bytes
 .../source/files/captures/dash-plume-mid.png       |  Bin 0 -> 44475 bytes
 .../source/files/captures/enemy-recovery.png       |  Bin 0 -> 38409 bytes
 .../source/files/captures/enemy-warning.png        |  Bin 0 -> 39107 bytes
 .../source/files/captures/level-preview.png        |  Bin 0 -> 20745 bytes
 .../source/files/captures/loadout-bench.png        |  Bin 0 -> 148324 bytes
 .../source/files/captures/mechanics-lab.png        |  Bin 0 -> 46497 bytes
 .../source/files/captures/shot-flare-left.png      |  Bin 0 -> 50287 bytes
 .../source/files/captures/shot-flare-right.png     |  Bin 0 -> 50089 bytes
 .../legacy1/source/files/captures/slash-arc.png    |  Bin 0 -> 49204 bytes
 .../source/files/data/campaign/registry.json       |  361 +++
 .../files/data/design/difficulty_profiles.json     |   11 +
 .../source/files/data/design/player_equipment.json | 1179 ++++++++
 .../docs/concept-art/act1/generated-manifest.json  | 1110 +++++++
 .../docs/concept-art/act2/generated-manifest.json  |  494 ++++
 .../docs/concept-art/act3/generated-manifest.json  |  679 +++++
 .../files/docs/reference-library/act1/CREDITS.md   |  598 ++++
 .../files/docs/reference-library/act2/CREDITS.md   |   70 +
 .../reference-library/act3/research/SOURCES.md     |   43 +
 .../legacy1/source/files/project.godot             |   34 +
 .../legacy1/source/files/scenes/campaign_main.tscn |    6 +
 .../legacy1/source/files/scenes/lab_arena.tscn     |  724 +++++
 .../legacy1/source/files/scenes/player.tscn        |   41 +
 .../source/files/scenes/practice_target.tscn       |    6 +
 .../source/files/scripts/attack_footprint.gd       |   88 +
 .../source/files/scripts/attack_footprint.gd.uid   |    1 +
 .../source/files/scripts/campaign/attempts.gd      |  371 +++
 .../source/files/scripts/campaign/attempts.gd.uid  |    1 +
 .../source/files/scripts/campaign/exact_json.gd    |  247 ++
 .../files/scripts/campaign/exact_json.gd.uid       |    1 +
 .../legacy1/source/files/scripts/campaign/level.gd |  505 ++++
 .../source/files/scripts/campaign/level.gd.uid     |    1 +
 .../source/files/scripts/campaign/registry.gd      |  147 +
 .../source/files/scripts/campaign/registry.gd.uid  |    1 +
 .../source/files/scripts/campaign/save_store.gd    |  179 ++
 .../files/scripts/campaign/save_store.gd.uid       |    1 +
 .../legacy1/source/files/scripts/campaign/shell.gd |  879 ++++++
 .../source/files/scripts/campaign/shell.gd.uid     |    1 +
 .../files/scripts/campaign/snapshot_codec.gd       |   94 +
 .../files/scripts/campaign/snapshot_codec.gd.uid   |    1 +
 .../scripts/character/player_presentations.gd      |  233 ++
 .../scripts/character/player_presentations.gd.uid  |    1 +
 .../source/files/scripts/combat/action_capture.gd  |  315 ++
 .../files/scripts/combat/action_capture.gd.uid     |    1 +
 .../scripts/combat/authored_echo_cycle_journal.gd  |   78 +
 .../combat/authored_echo_cycle_journal.gd.uid      |    1 +
 .../files/scripts/combat/authored_echo_renderer.gd |  348 +++
 .../scripts/combat/authored_echo_renderer.gd.uid   |    1 +
 .../combat/authored_echo_terminal_receipt.gd       |  208 ++
 .../combat/authored_echo_terminal_receipt.gd.uid   |    1 +
 .../scripts/combat/authored_enemy_sequence.gd      |  584 ++++
 .../scripts/combat/authored_enemy_sequence.gd.uid  |    1 +
 .../source/files/scripts/combat/body_sweep.gd      |  288 ++
 .../source/files/scripts/combat/body_sweep.gd.uid  |    1 +
 .../source/files/scripts/combat/difficulty.gd      |   99 +
 .../source/files/scripts/combat/difficulty.gd.uid  |    1 +
 .../source/files/scripts/combat/lane_mechanism.gd  |  792 +++++
 .../files/scripts/combat/lane_mechanism.gd.uid     |    1 +
 .../source/files/scripts/combat/lunge_motion.gd    |  188 ++
 .../files/scripts/combat/lunge_motion.gd.uid       |    1 +
 .../source/files/scripts/combat/replay_cursor.gd   |  324 +++
 .../files/scripts/combat/replay_cursor.gd.uid      |    1 +
 .../files/scripts/combat/replay_footprint.gd       |  648 +++++
 .../files/scripts/combat/replay_footprint.gd.uid   |    1 +
 .../source/files/scripts/combat/replay_playback.gd | 2144 ++++++++++++++
 .../files/scripts/combat/replay_playback.gd.uid    |    1 +
 .../source/files/scripts/combat/replay_program.gd  |  107 +
 .../files/scripts/combat/replay_program.gd.uid     |    1 +
 .../source/files/scripts/combat/replay_sequence.gd |  189 ++
 .../files/scripts/combat/replay_sequence.gd.uid    |    1 +
 .../source/files/scripts/combat/replay_witness.gd  |  385 +++
 .../files/scripts/combat/replay_witness.gd.uid     |    1 +
 .../source/files/scripts/combat/threat_geometry.gd |  265 ++
 .../files/scripts/combat/threat_geometry.gd.uid    |    1 +
 .../files/scripts/combat/threat_scheduler.gd       | 3039 +++++++++++++++++++
 .../files/scripts/combat/threat_scheduler.gd.uid   |    1 +
 .../legacy1/source/files/scripts/cues/cue_mesh.gd  |  200 ++
 .../source/files/scripts/cues/cue_mesh.gd.uid      |    1 +
 .../source/files/scripts/cues/threat_cue.gd        |  723 +++++
 .../source/files/scripts/cues/threat_cue.gd.uid    |    1 +
 .../legacy1/source/files/scripts/curling_smoke.gd  |  323 +++
 .../source/files/scripts/curling_smoke.gd.uid      |    1 +
 .../legacy1/source/files/scripts/dev/dev.py        |  575 ++++
 .../legacy1/source/files/scripts/effects.gd        |  532 ++++
 .../legacy1/source/files/scripts/effects.gd.uid    |    1 +
 .../legacy1/source/files/scripts/enemy.gd          |  903 ++++++
 .../legacy1/source/files/scripts/enemy.gd.uid      |    1 +
 .../legacy1/source/files/scripts/equipment.gd      |  212 ++
 .../legacy1/source/files/scripts/equipment.gd.uid  |    1 +
 .../legacy1/source/files/scripts/game.gd           |  827 ++++++
 .../legacy1/source/files/scripts/game.gd.uid       |    1 +
 .../legacy1/source/files/scripts/hud.gd            |  416 +++
 .../legacy1/source/files/scripts/hud.gd.uid        |    1 +
 .../legacy1/source/files/scripts/lab_bench.gd      |  140 +
 .../legacy1/source/files/scripts/lab_bench.gd.uid  |    1 +
 .../legacy1/source/files/scripts/pixel_sprite.gd   |  618 ++++
 .../source/files/scripts/pixel_sprite.gd.uid       |    1 +
 .../legacy1/source/files/scripts/player.gd         | 1006 +++++++
 .../legacy1/source/files/scripts/player.gd.uid     |    1 +
 .../source/files/scripts/practice_target.gd        |  124 +
 .../source/files/scripts/practice_target.gd.uid    |    1 +
 .../files/scripts/presentation/camera_framing.gd   |  151 +
 .../scripts/presentation/camera_framing.gd.uid     |    1 +
 .../source/files/scripts/settings/game_settings.gd |  295 ++
 .../files/scripts/settings/game_settings.gd.uid    |    1 +
 .../legacy1/source/files/scripts/shotgun_flare.gd  |  147 +
 .../source/files/scripts/shotgun_flare.gd.uid      |    1 +
 .../source/files/scripts/ui/campaign_menu.gd       |  742 +++++
 .../source/files/scripts/ui/campaign_menu.gd.uid   |    1 +
 .../legacy1/source/files/scripts/weapon_pickup.gd  |   49 +
 .../source/files/scripts/weapon_pickup.gd.uid      |    1 +
 .../files/tests/fixtures/lane_mechanism_world.gd   |   47 +
 .../tests/fixtures/lane_mechanism_world.gd.uid     |    1 +
 .../source/files/tests/lane_mechanism_smoke.gd     | 1013 +++++++
 .../source/files/tests/lane_mechanism_smoke.gd.uid |    1 +
 .../legacy1/source/manifest.json                   |  748 +++++
 .../lane-parent-presentation/legacy1/wrapper.log   |  247 ++
 .../evidence/side-return-journey/.gdignore         |    0
 .../evidence/side-return-journey/.gitattributes    |    1 +
 .../evidence/side-return-journey/index.json        | 1123 +++++++
 .../evidence/side-return-journey/run1/result.json  |   21 +
 .../evidence/side-return-journey/run1/runner.py    |   21 +
 .../side-return-journey/run1/source/.gdignore      |    0
 .../source/files/assets/characters/manifest.json   |  222 ++
 .../run1/source/files/assets/effects/manifest.json |  118 +
 .../source/files/assets/references/manifest.json   |   31 +
 .../run1/source/files/captures/character-blast.png |  Bin 0 -> 46350 bytes
 .../run1/source/files/captures/character-lab.png   |  Bin 0 -> 43458 bytes
 .../source/files/captures/character-primary.png    |  Bin 0 -> 47294 bytes
 .../run1/source/files/captures/dash-plume-end.png  |  Bin 0 -> 46039 bytes
 .../run1/source/files/captures/dash-plume-mid.png  |  Bin 0 -> 44475 bytes
 .../run1/source/files/captures/enemy-recovery.png  |  Bin 0 -> 38409 bytes
 .../run1/source/files/captures/enemy-warning.png   |  Bin 0 -> 39107 bytes
 .../run1/source/files/captures/level-preview.png   |  Bin 0 -> 20745 bytes
 .../run1/source/files/captures/loadout-bench.png   |  Bin 0 -> 148324 bytes
 .../run1/source/files/captures/mechanics-lab.png   |  Bin 0 -> 46497 bytes
 .../run1/source/files/captures/shot-flare-left.png |  Bin 0 -> 50287 bytes
 .../source/files/captures/shot-flare-right.png     |  Bin 0 -> 50089 bytes
 .../run1/source/files/captures/slash-arc.png       |  Bin 0 -> 49204 bytes
 .../run1/source/files/data/campaign/registry.json  |  361 +++
 .../files/data/design/difficulty_profiles.json     |   11 +
 .../source/files/data/design/player_equipment.json | 1179 ++++++++
 .../docs/concept-art/act1/generated-manifest.json  | 1110 +++++++
 .../docs/concept-art/act2/generated-manifest.json  |  494 ++++
 .../docs/concept-art/act3/generated-manifest.json  |  679 +++++
 .../files/docs/reference-library/act1/CREDITS.md   |  598 ++++
 .../files/docs/reference-library/act2/CREDITS.md   |   70 +
 .../reference-library/act3/research/SOURCES.md     |   43 +
 .../run1/source/files/project.godot                |   34 +
 .../run1/source/files/scenes/campaign_main.tscn    |    6 +
 .../run1/source/files/scenes/lab_arena.tscn        |  724 +++++
 .../run1/source/files/scenes/player.tscn           |   41 +
 .../run1/source/files/scenes/practice_target.tscn  |    6 +
 .../run1/source/files/scripts/attack_footprint.gd  |   88 +
 .../source/files/scripts/attack_footprint.gd.uid   |    1 +
 .../run1/source/files/scripts/campaign/attempts.gd |  371 +++
 .../source/files/scripts/campaign/attempts.gd.uid  |    1 +
 .../source/files/scripts/campaign/exact_json.gd    |  247 ++
 .../files/scripts/campaign/exact_json.gd.uid       |    1 +
 .../run1/source/files/scripts/campaign/level.gd    |  505 ++++
 .../source/files/scripts/campaign/level.gd.uid     |    1 +
 .../run1/source/files/scripts/campaign/registry.gd |  147 +
 .../source/files/scripts/campaign/registry.gd.uid  |    1 +
 .../source/files/scripts/campaign/save_store.gd    |  179 ++
 .../files/scripts/campaign/save_store.gd.uid       |    1 +
 .../run1/source/files/scripts/campaign/shell.gd    |  879 ++++++
 .../source/files/scripts/campaign/shell.gd.uid     |    1 +
 .../files/scripts/campaign/snapshot_codec.gd       |   94 +
 .../files/scripts/campaign/snapshot_codec.gd.uid   |    1 +
 .../scripts/character/player_presentations.gd      |  233 ++
 .../scripts/character/player_presentations.gd.uid  |    1 +
 .../run1/source/files/scripts/combat/difficulty.gd |   99 +
 .../source/files/scripts/combat/difficulty.gd.uid  |    1 +
 .../run1/source/files/scripts/curling_smoke.gd     |  323 +++
 .../run1/source/files/scripts/curling_smoke.gd.uid |    1 +
 .../run1/source/files/scripts/dev/dev.py           |  575 ++++
 .../run1/source/files/scripts/effects.gd           |  532 ++++
 .../run1/source/files/scripts/effects.gd.uid       |    1 +
 .../run1/source/files/scripts/enemy.gd             |  903 ++++++
 .../run1/source/files/scripts/enemy.gd.uid         |    1 +
 .../run1/source/files/scripts/equipment.gd         |  212 ++
 .../run1/source/files/scripts/equipment.gd.uid     |    1 +
 .../run1/source/files/scripts/game.gd              |  827 ++++++
 .../run1/source/files/scripts/game.gd.uid          |    1 +
 .../run1/source/files/scripts/hud.gd               |  416 +++
 .../run1/source/files/scripts/hud.gd.uid           |    1 +
 .../run1/source/files/scripts/lab_bench.gd         |  140 +
 .../run1/source/files/scripts/lab_bench.gd.uid     |    1 +
 .../run1/source/files/scripts/pixel_sprite.gd      |  618 ++++
 .../run1/source/files/scripts/pixel_sprite.gd.uid  |    1 +
 .../run1/source/files/scripts/player.gd            | 1006 +++++++
 .../run1/source/files/scripts/player.gd.uid        |    1 +
 .../run1/source/files/scripts/practice_target.gd   |  124 +
 .../source/files/scripts/practice_target.gd.uid    |    1 +
 .../files/scripts/presentation/camera_framing.gd   |  151 +
 .../scripts/presentation/camera_framing.gd.uid     |    1 +
 .../source/files/scripts/settings/game_settings.gd |  295 ++
 .../files/scripts/settings/game_settings.gd.uid    |    1 +
 .../run1/source/files/scripts/shotgun_flare.gd     |  147 +
 .../run1/source/files/scripts/shotgun_flare.gd.uid |    1 +
 .../run1/source/files/scripts/ui/campaign_menu.gd  |  742 +++++
 .../source/files/scripts/ui/campaign_menu.gd.uid   |    1 +
 .../run1/source/files/scripts/weapon_pickup.gd     |   49 +
 .../run1/source/files/scripts/weapon_pickup.gd.uid |    1 +
 .../source/files/tests/campaign_shell_smoke.gd     |  475 +++
 .../source/files/tests/campaign_shell_smoke.gd.uid |    1 +
 .../files/tests/fixtures/campaign/live_a1_l3.tscn  |   18 +
 .../files/tests/fixtures/campaign/live_a3_l5.tscn  |   18 +
 .../files/tests/fixtures/campaign/live_level.gd    |   33 +
 .../tests/fixtures/campaign/live_level.gd.uid      |    1 +
 .../side-return-journey/run1/source/manifest.json  |  545 ++++
 .../evidence/side-return-journey/run1/wrapper.log  |   10 +
 .../evidence/side-return-journey/run2/result.json  |   21 +
 .../evidence/side-return-journey/run2/runner.py    |   21 +
 .../side-return-journey/run2/source/.gdignore      |    0
 .../source/files/assets/characters/manifest.json   |  222 ++
 .../run2/source/files/assets/effects/manifest.json |  118 +
 .../source/files/assets/references/manifest.json   |   31 +
 .../run2/source/files/captures/character-blast.png |  Bin 0 -> 46350 bytes
 .../run2/source/files/captures/character-lab.png   |  Bin 0 -> 43458 bytes
 .../source/files/captures/character-primary.png    |  Bin 0 -> 47294 bytes
 .../run2/source/files/captures/dash-plume-end.png  |  Bin 0 -> 46039 bytes
 .../run2/source/files/captures/dash-plume-mid.png  |  Bin 0 -> 44475 bytes
 .../run2/source/files/captures/enemy-recovery.png  |  Bin 0 -> 38409 bytes
 .../run2/source/files/captures/enemy-warning.png   |  Bin 0 -> 39107 bytes
 .../run2/source/files/captures/level-preview.png   |  Bin 0 -> 20745 bytes
 .../run2/source/files/captures/loadout-bench.png   |  Bin 0 -> 148324 bytes
 .../run2/source/files/captures/mechanics-lab.png   |  Bin 0 -> 46497 bytes
 .../run2/source/files/captures/shot-flare-left.png |  Bin 0 -> 50287 bytes
 .../source/files/captures/shot-flare-right.png     |  Bin 0 -> 50089 bytes
 .../run2/source/files/captures/slash-arc.png       |  Bin 0 -> 49204 bytes
 .../run2/source/files/data/campaign/registry.json  |  361 +++
 .../files/data/design/difficulty_profiles.json     |   11 +
 .../source/files/data/design/player_equipment.json | 1179 ++++++++
 .../docs/concept-art/act1/generated-manifest.json  | 1110 +++++++
 .../docs/concept-art/act2/generated-manifest.json  |  494 ++++
 .../docs/concept-art/act3/generated-manifest.json  |  679 +++++
 .../files/docs/reference-library/act1/CREDITS.md   |  598 ++++
 .../files/docs/reference-library/act2/CREDITS.md   |   70 +
 .../reference-library/act3/research/SOURCES.md     |   43 +
 .../run2/source/files/project.godot                |   34 +
 .../run2/source/files/scenes/campaign_main.tscn    |    6 +
 .../run2/source/files/scenes/lab_arena.tscn        |  724 +++++
 .../run2/source/files/scenes/player.tscn           |   41 +
 .../run2/source/files/scenes/practice_target.tscn  |    6 +
 .../run2/source/files/scripts/attack_footprint.gd  |   88 +
 .../source/files/scripts/attack_footprint.gd.uid   |    1 +
 .../run2/source/files/scripts/campaign/attempts.gd |  371 +++
 .../source/files/scripts/campaign/attempts.gd.uid  |    1 +
 .../source/files/scripts/campaign/exact_json.gd    |  247 ++
 .../files/scripts/campaign/exact_json.gd.uid       |    1 +
 .../run2/source/files/scripts/campaign/level.gd    |  505 ++++
 .../source/files/scripts/campaign/level.gd.uid     |    1 +
 .../run2/source/files/scripts/campaign/registry.gd |  147 +
 .../source/files/scripts/campaign/registry.gd.uid  |    1 +
 .../source/files/scripts/campaign/save_store.gd    |  179 ++
 .../files/scripts/campaign/save_store.gd.uid       |    1 +
 .../run2/source/files/scripts/campaign/shell.gd    |  879 ++++++
 .../source/files/scripts/campaign/shell.gd.uid     |    1 +
 .../files/scripts/campaign/snapshot_codec.gd       |   94 +
 .../files/scripts/campaign/snapshot_codec.gd.uid   |    1 +
 .../scripts/character/player_presentations.gd      |  233 ++
 .../scripts/character/player_presentations.gd.uid  |    1 +
 .../run2/source/files/scripts/combat/difficulty.gd |   99 +
 .../source/files/scripts/combat/difficulty.gd.uid  |    1 +
 .../run2/source/files/scripts/curling_smoke.gd     |  323 +++
 .../run2/source/files/scripts/curling_smoke.gd.uid |    1 +
 .../run2/source/files/scripts/dev/dev.py           |  575 ++++
 .../run2/source/files/scripts/effects.gd           |  532 ++++
 .../run2/source/files/scripts/effects.gd.uid       |    1 +
 .../run2/source/files/scripts/enemy.gd             |  903 ++++++
 .../run2/source/files/scripts/enemy.gd.uid         |    1 +
 .../run2/source/files/scripts/equipment.gd         |  212 ++
 .../run2/source/files/scripts/equipment.gd.uid     |    1 +
 .../run2/source/files/scripts/game.gd              |  827 ++++++
 .../run2/source/files/scripts/game.gd.uid          |    1 +
 .../run2/source/files/scripts/hud.gd               |  416 +++
 .../run2/source/files/scripts/hud.gd.uid           |    1 +
 .../run2/source/files/scripts/lab_bench.gd         |  140 +
 .../run2/source/files/scripts/lab_bench.gd.uid     |    1 +
 .../run2/source/files/scripts/pixel_sprite.gd      |  618 ++++
 .../run2/source/files/scripts/pixel_sprite.gd.uid  |    1 +
 .../run2/source/files/scripts/player.gd            | 1006 +++++++
 .../run2/source/files/scripts/player.gd.uid        |    1 +
 .../run2/source/files/scripts/practice_target.gd   |  124 +
 .../source/files/scripts/practice_target.gd.uid    |    1 +
 .../files/scripts/presentation/camera_framing.gd   |  151 +
 .../scripts/presentation/camera_framing.gd.uid     |    1 +
 .../source/files/scripts/settings/game_settings.gd |  295 ++
 .../files/scripts/settings/game_settings.gd.uid    |    1 +
 .../run2/source/files/scripts/shotgun_flare.gd     |  147 +
 .../run2/source/files/scripts/shotgun_flare.gd.uid |    1 +
 .../run2/source/files/scripts/ui/campaign_menu.gd  |  742 +++++
 .../source/files/scripts/ui/campaign_menu.gd.uid   |    1 +
 .../run2/source/files/scripts/weapon_pickup.gd     |   49 +
 .../run2/source/files/scripts/weapon_pickup.gd.uid |    1 +
 .../source/files/tests/campaign_shell_smoke.gd     |  477 +++
 .../source/files/tests/campaign_shell_smoke.gd.uid |    1 +
 .../files/tests/fixtures/campaign/live_a1_l3.tscn  |   18 +
 .../files/tests/fixtures/campaign/live_a3_l5.tscn  |   18 +
 .../files/tests/fixtures/campaign/live_level.gd    |   33 +
 .../tests/fixtures/campaign/live_level.gd.uid      |    1 +
 .../side-return-journey/run2/source/manifest.json  |  545 ++++
 .../evidence/side-return-journey/run2/wrapper.log  |    4 +
 scripts/campaign/shell.gd                          |    6 +-
 scripts/combat/lane_mechanism.gd                   |   62 +
 scripts/dev/dev.py                                 |    1 +
 tests/campaign_shell_smoke.gd                      |   25 +-
 tests/lane_parent_presentation_smoke.gd            |  242 ++
 707 files changed, 152690 insertions(+), 10 deletions(-)
 create mode 100644 docs/development/LANE_PARENT_PRESENTATION_GUARD.md
 create mode 100644 docs/development/SIDE_RETURN_JOURNEY.md
 create mode 100644 docs/development/evidence/lane-parent-presentation/.gdignore
 create mode 100644 docs/development/evidence/lane-parent-presentation/.gitattributes
 create mode 100644 docs/development/evidence/lane-parent-presentation/focused1/result.json
 create mode 100644 docs/development/evidence/lane-parent-presentation/focused1/runner.py
 create mode 100644 docs/development/evidence/lane-parent-presentation/focused1/source/.gdignore
 create mode 100644 docs/development/evidence/lane-parent-presentation/focused1/source/files/assets/characters/manifest.json
 create mode 100644 docs/development/evidence/lane-parent-presentation/focused1/source/files/assets/effects/manifest.json
 create mode 100644 docs/development/evidence/lane-parent-presentation/focused1/source/files/assets/references/manifest.json
 create mode 100644 docs/development/evidence/lane-parent-presentation/focused1/source/files/captures/character-blast.png
 create mode 100644 docs/development/evidence/lane-parent-presentation/focused1/source/files/captures/character-lab.png
 create mode 100644 docs/development/evidence/lane-parent-presentation/focused1/source/files/captures/character-primary.png
 create mode 100644 docs/development/evidence/lane-parent-presentation/focused1/source/files/captures/dash-plume-end.png
 create mode 100644 docs/development/evidence/lane-parent-presentation/focused1/source/files/captures/dash-plume-mid.png
 create mode 100644 docs/development/evidence/lane-parent-presentation/focused1/source/files/captures/enemy-recovery.png
 create mode 100644 docs/development/evidence/lane-parent-presentation/focused1/source/files/captures/enemy-warning.png
 create mode 100644 docs/development/evidence/lane-parent-presentation/focused1/source/files/captures/level-preview.png
 create mode 100644 docs/development/evidence/lane-parent-presentation/focused1/source/files/captures/loadout-bench.png
 create mode 100644 docs/development/evidence/lane-parent-presentation/focused1/source/files/captures/mechanics-lab.png
 create mode 100644 docs/development/evidence/lane-parent-presentation/focused1/source/files/captures/shot-flare-left.png
 create mode 100644 docs/development/evidence/lane-parent-presentation/focused1/source/files/captures/shot-flare-right.png
 create mode 100644 docs/development/evidence/lane-parent-presentation/focused1/source/files/captures/slash-arc.png
 create mode 100644 docs/development/evidence/lane-parent-presentation/focused1/source/files/data/campaign/registry.json
 create mode 100644 docs/development/evidence/lane-parent-presentation/focused1/source/files/data/design/difficulty_profiles.json
 create mode 100644 docs/development/evidence/lane-parent-presentation/focused1/source/files/data/design/player_equipment.json
 create mode 100644 docs/development/evidence/lane-parent-presentation/focused1/source/files/docs/concept-art/act1/generated-manifest.json
 create mode 100644 docs/development/evidence/lane-parent-presentation/focused1/source/files/docs/concept-art/act2/generated-manifest.json
 create mode 100644 docs/development/evidence/lane-parent-presentation/focused1/source/files/docs/concept-art/act3/generated-manifest.json
 create mode 100644 docs/development/evidence/lane-parent-presentation/focused1/source/files/docs/reference-library/act1/CREDITS.md
 create mode 100644 docs/development/evidence/lane-parent-presentation/focused1/source/files/docs/reference-library/act2/CREDITS.md
 create mode 100644 docs/development/evidence/lane-parent-presentation/focused1/source/files/docs/reference-library/act3/research/SOURCES.md
 create mode 100644 docs/development/evidence/lane-parent-presentation/focused1/source/files/project.godot
 create mode 100644 docs/development/evidence/lane-parent-presentation/focused1/source/files/scenes/campaign_main.tscn
 create mode 100644 docs/development/evidence/lane-parent-presentation/focused1/source/files/scenes/lab_arena.tscn
 create mode 100644 docs/development/evidence/lane-parent-presentation/focused1/source/files/scenes/player.tscn
 create mode 100644 docs/development/evidence/lane-parent-presentation/focused1/source/files/scenes/practice_target.tscn
 create mode 100644 docs/development/evidence/lane-parent-presentation/focused1/source/files/scripts/attack_footprint.gd
 create mode 100644 docs/development/evidence/lane-parent-presentation/focused1/source/files/scripts/attack_footprint.gd.uid
 create mode 100644 docs/development/evidence/lane-parent-presentation/focused1/source/files/scripts/campaign/attempts.gd
 create mode 100644 docs/development/evidence/lane-parent-presentation/focused1/source/files/scripts/campaign/attempts.gd.uid
 create mode 100644 docs/development/evidence/lane-parent-presentation/focused1/source/files/scripts/campaign/exact_json.gd
 create mode 100644 docs/development/evidence/lane-parent-presentation/focused1/source/files/scripts/campaign/exact_json.gd.uid
 create mode 100644 docs/development/evidence/lane-parent-presentation/focused1/source/files/scripts/campaign/level.gd
 create mode 100644 docs/development/evidence/lane-parent-presentation/focused1/source/files/scripts/campaign/level.gd.uid
 create mode 100644 docs/development/evidence/lane-parent-presentation/focused1/source/files/scripts/campaign/registry.gd
 create mode 100644 docs/development/evidence/lane-parent-presentation/focused1/source/files/scripts/campaign/registry.gd.uid
 create mode 100644 docs/development/evidence/lane-parent-presentation/focused1/source/files/scripts/campaign/save_store.gd
 create mode 100644 docs/development/evidence/lane-parent-presentation/focused1/source/files/scripts/campaign/save_store.gd.uid
 create mode 100644 docs/development/evidence/lane-parent-presentation/focused1/source/files/scripts/campaign/shell.gd
 create mode 100644 docs/development/evidence/lane-parent-presentation/focused1/source/files/scripts/campaign/shell.gd.uid
 create mode 100644 docs/development/evidence/lane-parent-presentation/focused1/source/files/scripts/campaign/snapshot_codec.gd
 create mode 100644 docs/development/evidence/lane-parent-presentation/focused1/source/files/scripts/campaign/snapshot_codec.gd.uid
 create mode 100644 docs/development/evidence/lane-parent-presentation/focused1/source/files/scripts/character/player_presentations.gd
 create mode 100644 docs/development/evidence/lane-parent-presentation/focused1/source/files/scripts/character/player_presentations.gd.uid
 create mode 100644 docs/development/evidence/lane-parent-presentation/focused1/source/files/scripts/combat/action_capture.gd
 create mode 100644 docs/development/evidence/lane-parent-presentation/focused1/source/files/scripts/combat/action_capture.gd.uid
 create mode 100644 docs/development/evidence/lane-parent-presentation/focused1/source/files/scripts/combat/authored_echo_cycle_journal.gd
 create mode 100644 docs/development/evidence/lane-parent-presentation/focused1/source/files/scripts/combat/authored_echo_cycle_journal.gd.uid
 create mode 100644 docs/development/evidence/lane-parent-presentation/focused1/source/files/scripts/combat/authored_echo_renderer.gd
 create mode 100644 docs/development/evidence/lane-parent-presentation/focused1/source/files/scripts/combat/authored_echo_renderer.gd.uid
 create mode 100644 docs/development/evidence/lane-parent-presentation/focused1/source/files/scripts/combat/authored_echo_terminal_receipt.gd
 create mode 100644 docs/development/evidence/lane-parent-presentation/focused1/source/files/scripts/combat/authored_echo_terminal_receipt.gd.uid
 create mode 100644 docs/development/evidence/lane-parent-presentation/focused1/source/files/scripts/combat/authored_enemy_sequence.gd
 create mode 100644 docs/development/evidence/lane-parent-presentation/focused1/source/files/scripts/combat/authored_enemy_sequence.gd.uid
 create mode 100644 docs/development/evidence/lane-parent-presentation/focused1/source/files/scripts/combat/body_sweep.gd
 create mode 100644 docs/development/evidence/lane-parent-presentation/focused1/source/files/scripts/combat/body_sweep.gd.uid
 create mode 100644 docs/development/evidence/lane-parent-presentation/focused1/source/files/scripts/combat/difficulty.gd
 create mode 100644 docs/development/evidence/lane-parent-presentation/focused1/source/files/scripts/combat/difficulty.gd.uid
 create mode 100644 docs/development/evidence/lane-parent-presentation/focused1/source/files/scripts/combat/lane_mechanism.gd
 create mode 100644 docs/development/evidence/lane-parent-presentation/focused1/source/files/scripts/combat/lane_mechanism.gd.uid
 create mode 100644 docs/development/evidence/lane-parent-presentation/focused1/source/files/scripts/combat/lunge_motion.gd
 create mode 100644 docs/development/evidence/lane-parent-presentation/focused1/source/files/scripts/combat/lunge_motion.gd.uid
 create mode 100644 docs/development/evidence/lane-parent-presentation/focused1/source/files/scripts/combat/replay_cursor.gd
 create mode 100644 docs/development/evidence/lane-parent-presentation/focused1/source/files/scripts/combat/replay_cursor.gd.uid
 create mode 100644 docs/development/evidence/lane-parent-presentation/focused1/source/files/scripts/combat/replay_footprint.gd
 create mode 100644 docs/development/evidence/lane-parent-presentation/focused1/source/files/scripts/combat/replay_footprint.gd.uid
 create mode 100644 docs/development/evidence/lane-parent-presentation/focused1/source/files/scripts/combat/replay_playback.gd
 create mode 100644 docs/development/evidence/lane-parent-presentation/focused1/source/files/scripts/combat/replay_playback.gd.uid
 create mode 100644 docs/development/evidence/lane-parent-presentation/focused1/source/files/scripts/combat/replay_program.gd
 create mode 100644 docs/development/evidence/lane-parent-presentation/focused1/source/files/scripts/combat/replay_program.gd.uid
 create mode 100644 docs/development/evidence/lane-parent-presentation/focused1/source/files/scripts/combat/replay_sequence.gd
 create mode 100644 docs/development/evidence/lane-parent-presentation/focused1/source/files/scripts/combat/replay_sequence.gd.uid
 create mode 100644 docs/development/evidence/lane-parent-presentation/focused1/source/files/scripts/combat/replay_witness.gd
 create mode 100644 docs/development/evidence/lane-parent-presentation/focused1/source/files/scripts/combat/replay_witness.gd.uid
 create mode 100644 docs/development/evidence/lane-parent-presentation/focused1/source/files/scripts/combat/threat_geometry.gd
 create mode 100644 docs/development/evidence/lane-parent-presentation/focused1/source/files/scripts/combat/threat_geometry.gd.uid
 create mode 100644 docs/development/evidence/lane-parent-presentation/focused1/source/files/scripts/combat/threat_scheduler.gd
 create mode 100644 docs/development/evidence/lane-parent-presentation/focused1/source/files/scripts/combat/threat_scheduler.gd.uid
 create mode 100644 docs/development/evidence/lane-parent-presentation/focused1/source/files/scripts/cues/cue_mesh.gd
 create mode 100644 docs/development/evidence/lane-parent-presentation/focused1/source/files/scripts/cues/cue_mesh.gd.uid
 create mode 100644 docs/development/evidence/lane-parent-presentation/focused1/source/files/scripts/cues/threat_cue.gd
 create mode 100644 docs/development/evidence/lane-parent-presentation/focused1/source/files/scripts/cues/threat_cue.gd.uid
 create mode 100644 docs/development/evidence/lane-parent-presentation/focused1/source/files/scripts/curling_smoke.gd
 create mode 100644 docs/development/evidence/lane-parent-presentation/focused1/source/files/scripts/curling_smoke.gd.uid
 create mode 100644 docs/development/evidence/lane-parent-presentation/focused1/source/files/scripts/dev/dev.py
 create mode 100644 docs/development/evidence/lane-parent-presentation/focused1/source/files/scripts/effects.gd
 create mode 100644 docs/development/evidence/lane-parent-presentation/focused1/source/files/scripts/effects.gd.uid
 create mode 100644 docs/development/evidence/lane-parent-presentation/focused1/source/files/scripts/enemy.gd
 create mode 100644 docs/development/evidence/lane-parent-presentation/focused1/source/files/scripts/enemy.gd.uid
 create mode 100644 docs/development/evidence/lane-parent-presentation/focused1/source/files/scripts/equipment.gd
 create mode 100644 docs/development/evidence/lane-parent-presentation/focused1/source/files/scripts/equipment.gd.uid
 create mode 100644 docs/development/evidence/lane-parent-presentation/focused1/source/files/scripts/game.gd
 create mode 100644 docs/development/evidence/lane-parent-presentation/focused1/source/files/scripts/game.gd.uid
 create mode 100644 docs/development/evidence/lane-parent-presentation/focused1/source/files/scripts/hud.gd
 create mode 100644 docs/development/evidence/lane-parent-presentation/focused1/source/files/scripts/hud.gd.uid
 create mode 100644 docs/development/evidence/lane-parent-presentation/focused1/source/files/scripts/lab_bench.gd
 create mode 100644 docs/development/evidence/lane-parent-presentation/focused1/source/files/scripts/lab_bench.gd.uid
 create mode 100644 docs/development/evidence/lane-parent-presentation/focused1/source/files/scripts/pixel_sprite.gd
 create mode 100644 docs/development/evidence/lane-parent-presentation/focused1/source/files/scripts/pixel_sprite.gd.uid
 create mode 100644 docs/development/evidence/lane-parent-presentation/focused1/source/files/scripts/player.gd
 create mode 100644 docs/development/evidence/lane-parent-presentation/focused1/source/files/scripts/player.gd.uid
 create mode 100644 docs/development/evidence/lane-parent-presentation/focused1/source/files/scripts/practice_target.gd
 create mode 100644 docs/development/evidence/lane-parent-presentation/focused1/source/files/scripts/practice_target.gd.uid
 create mode 100644 docs/development/evidence/lane-parent-presentation/focused1/source/files/scripts/presentation/camera_framing.gd
 create mode 100644 docs/development/evidence/lane-parent-presentation/focused1/source/files/scripts/presentation/camera_framing.gd.uid
 create mode 100644 docs/development/evidence/lane-parent-presentation/focused1/source/files/scripts/settings/game_settings.gd
 create mode 100644 docs/development/evidence/lane-parent-presentation/focused1/source/files/scripts/settings/game_settings.gd.uid
 create mode 100644 docs/development/evidence/lane-parent-presentation/focused1/source/files/scripts/shotgun_flare.gd
 create mode 100644 docs/development/evidence/lane-parent-presentation/focused1/source/files/scripts/shotgun_flare.gd.uid
 create mode 100644 docs/development/evidence/lane-parent-presentation/focused1/source/files/scripts/ui/campaign_menu.gd
 create mode 100644 docs/development/evidence/lane-parent-presentation/focused1/source/files/scripts/ui/campaign_menu.gd.uid
 create mode 100644 docs/development/evidence/lane-parent-presentation/focused1/source/files/scripts/weapon_pickup.gd
 create mode 100644 docs/development/evidence/lane-parent-presentation/focused1/source/files/scripts/weapon_pickup.gd.uid
 create mode 100644 docs/development/evidence/lane-parent-presentation/focused1/source/files/tests/fixtures/lane_mechanism_world.gd
 create mode 100644 docs/development/evidence/lane-parent-presentation/focused1/source/files/tests/fixtures/lane_mechanism_world.gd.uid
 create mode 100644 docs/development/evidence/lane-parent-presentation/focused1/source/files/tests/lane_mechanism_smoke.gd
 create mode 100644 docs/development/evidence/lane-parent-presentation/focused1/source/files/tests/lane_mechanism_smoke.gd.uid
 create mode 100644 docs/development/evidence/lane-parent-presentation/focused1/source/files/tests/lane_parent_presentation_smoke.gd
 create mode 100644 docs/development/evidence/lane-parent-presentation/focused1/source/manifest.json
 create mode 100644 docs/development/evidence/lane-parent-presentation/focused1/wrapper.log
 create mode 100644 docs/development/evidence/lane-parent-presentation/focused2/result.json
 create mode 100644 docs/development/evidence/lane-parent-presentation/focused2/runner.py
 create mode 100644 docs/development/evidence/lane-parent-presentation/focused2/source/.gdignore
 create mode 100644 docs/development/evidence/lane-parent-presentation/focused2/source/files/assets/characters/manifest.json
 create mode 100644 docs/development/evidence/lane-parent-presentation/focused2/source/files/assets/effects/manifest.json
 create mode 100644 docs/development/evidence/lane-parent-presentation/focused2/source/files/assets/references/manifest.json
 create mode 100644 docs/development/evidence/lane-parent-presentation/focused2/source/files/captures/character-blast.png
 create mode 100644 docs/development/evidence/lane-parent-presentation/focused2/source/files/captures/character-lab.png
 create mode 100644 docs/development/evidence/lane-parent-presentation/focused2/source/files/captures/character-primary.png
 create mode 100644 docs/development/evidence/lane-parent-presentation/focused2/source/files/captures/dash-plume-end.png
 create mode 100644 docs/development/evidence/lane-parent-presentation/focused2/source/files/captures/dash-plume-mid.png
 create mode 100644 docs/development/evidence/lane-parent-presentation/focused2/source/files/captures/enemy-recovery.png
 create mode 100644 docs/development/evidence/lane-parent-presentation/focused2/source/files/captures/enemy-warning.png
 create mode 100644 docs/development/evidence/lane-parent-presentation/focused2/source/files/captures/level-preview.png
 create mode 100644 docs/development/evidence/lane-parent-presentation/focused2/source/files/captures/loadout-bench.png
 create mode 100644 docs/development/evidence/lane-parent-presentation/focused2/source/files/captures/mechanics-lab.png
 create mode 100644 docs/development/evidence/lane-parent-presentation/focused2/source/files/captures/shot-flare-left.png
 create mode 100644 docs/development/evidence/lane-parent-presentation/focused2/source/files/captures/shot-flare-right.png
 create mode 100644 docs/development/evidence/lane-parent-presentation/focused2/source/files/captures/slash-arc.png
 create mode 100644 docs/development/evidence/lane-parent-presentation/focused2/source/files/data/campaign/registry.json
 create mode 100644 docs/development/evidence/lane-parent-presentation/focused2/source/files/data/design/difficulty_profiles.json
 create mode 100644 docs/development/evidence/lane-parent-presentation/focused2/source/files/data/design/player_equipment.json
 create mode 100644 docs/development/evidence/lane-parent-presentation/focused2/source/files/docs/concept-art/act1/generated-manifest.json
 create mode 100644 docs/development/evidence/lane-parent-presentation/focused2/source/files/docs/concept-art/act2/generated-manifest.json
 create mode 100644 docs/development/evidence/lane-parent-presentation/focused2/source/files/docs/concept-art/act3/generated-manifest.json
 create mode 100644 docs/development/evidence/lane-parent-presentation/focused2/source/files/docs/reference-library/act1/CREDITS.md
 create mode 100644 docs/development/evidence/lane-parent-presentation/focused2/source/files/docs/reference-library/act2/CREDITS.md
 create mode 100644 docs/development/evidence/lane-parent-presentation/focused2/source/files/docs/reference-library/act3/research/SOURCES.md
 create mode 100644 docs/development/evidence/lane-parent-presentation/focused2/source/files/project.godot
 create mode 100644 docs/development/evidence/lane-parent-presentation/focused2/source/files/scenes/campaign_main.tscn
 create mode 100644 docs/development/evidence/lane-parent-presentation/focused2/source/files/scenes/lab_arena.tscn
 create mode 100644 docs/development/evidence/lane-parent-presentation/focused2/source/files/scenes/player.tscn
 create mode 100644 docs/development/evidence/lane-parent-presentation/focused2/source/files/scenes/practice_target.tscn
 create mode 100644 docs/development/evidence/lane-parent-presentation/focused2/source/files/scripts/attack_footprint.gd
 create mode 100644 docs/development/evidence/lane-parent-presentation/focused2/source/files/scripts/attack_footprint.gd.uid
 create mode 100644 docs/development/evidence/lane-parent-presentation/focused2/source/files/scripts/campaign/attempts.gd
 create mode 100644 docs/development/evidence/lane-parent-presentation/focused2/source/files/scripts/campaign/attempts.gd.uid
 create mode 100644 docs/development/evidence/lane-parent-presentation/focused2/source/files/scripts/campaign/exact_json.gd
 create mode 100644 docs/development/evidence/lane-parent-presentation/focused2/source/files/scripts/campaign/exact_json.gd.uid
 create mode 100644 docs/development/evidence/lane-parent-presentation/focused2/source/files/scripts/campaign/level.gd
 create mode 100644 docs/development/evidence/lane-parent-presentation/focused2/source/files/scripts/campaign/level.gd.uid
 create mode 100644 docs/development/evidence/lane-parent-presentation/focused2/source/files/scripts/campaign/registry.gd
 create mode 100644 docs/development/evidence/lane-parent-presentation/focused2/source/files/scripts/campaign/registry.gd.uid
 create mode 100644 docs/development/evidence/lane-parent-presentation/focused2/source/files/scripts/campaign/save_store.gd
 create mode 100644 docs/development/evidence/lane-parent-presentation/focused2/source/files/scripts/campaign/save_store.gd.uid
 create mode 100644 docs/development/evidence/lane-parent-presentation/focused2/source/files/scripts/campaign/shell.gd
 create mode 100644 docs/development/evidence/lane-parent-presentation/focused2/source/files/scripts/campaign/shell.gd.uid
 create mode 100644 docs/development/evidence/lane-parent-presentation/focused2/source/files/scripts/campaign/snapshot_codec.gd
 create mode 100644 docs/development/evidence/lane-parent-presentation/focused2/source/files/scripts/campaign/snapshot_codec.gd.uid
 create mode 100644 docs/development/evidence/lane-parent-presentation/focused2/source/files/scripts/character/player_presentations.gd
 create mode 100644 docs/development/evidence/lane-parent-presentation/focused2/source/files/scripts/character/player_presentations.gd.uid
 create mode 100644 docs/development/evidence/lane-parent-presentation/focused2/source/files/scripts/combat/action_capture.gd
 create mode 100644 docs/development/evidence/lane-parent-presentation/focused2/source/files/scripts/combat/action_capture.gd.uid
 create mode 100644 docs/development/evidence/lane-parent-presentation/focused2/source/files/scripts/combat/authored_echo_cycle_journal.gd
 create mode 100644 docs/development/evidence/lane-parent-presentation/focused2/source/files/scripts/combat/authored_echo_cycle_journal.gd.uid
 create mode 100644 docs/development/evidence/lane-parent-presentation/focused2/source/files/scripts/combat/authored_echo_renderer.gd
 create mode 100644 docs/development/evidence/lane-parent-presentation/focused2/source/files/scripts/combat/authored_echo_renderer.gd.uid
 create mode 100644 docs/development/evidence/lane-parent-presentation/focused2/source/files/scripts/combat/authored_echo_terminal_receipt.gd
 create mode 100644 docs/development/evidence/lane-parent-presentation/focused2/source/files/scripts/combat/authored_echo_terminal_receipt.gd.uid
 create mode 100644 docs/development/evidence/lane-parent-presentation/focused2/source/files/scripts/combat/authored_enemy_sequence.gd
 create mode 100644 docs/development/evidence/lane-parent-presentation/focused2/source/files/scripts/combat/authored_enemy_sequence.gd.uid
 create mode 100644 docs/development/evidence/lane-parent-presentation/focused2/source/files/scripts/combat/body_sweep.gd
 create mode 100644 docs/development/evidence/lane-parent-presentation/focused2/source/files/scripts/combat/body_sweep.gd.uid
 create mode 100644 docs/development/evidence/lane-parent-presentation/focused2/source/files/scripts/combat/difficulty.gd
 create mode 100644 docs/development/evidence/lane-parent-presentation/focused2/source/files/scripts/combat/difficulty.gd.uid
 create mode 100644 docs/development/evidence/lane-parent-presentation/focused2/source/files/scripts/combat/lane_mechanism.gd
 create mode 100644 docs/development/evidence/lane-parent-presentation/focused2/source/files/scripts/combat/lane_mechanism.gd.uid
 create mode 100644 docs/development/evidence/lane-parent-presentation/focused2/source/files/scripts/combat/lunge_motion.gd
 create mode 100644 docs/development/evidence/lane-parent-presentation/focused2/source/files/scripts/combat/lunge_motion.gd.uid
 create mode 100644 docs/development/evidence/lane-parent-presentation/focused2/source/files/scripts/combat/replay_cursor.gd
 create mode 100644 docs/development/evidence/lane-parent-presentation/focused2/source/files/scripts/combat/replay_cursor.gd.uid
 create mode 100644 docs/development/evidence/lane-parent-presentation/focused2/source/files/scripts/combat/replay_footprint.gd
 create mode 100644 docs/development/evidence/lane-parent-presentation/focused2/source/files/scripts/combat/replay_footprint.gd.uid
 create mode 100644 docs/development/evidence/lane-parent-presentation/focused2/source/files/scripts/combat/replay_playback.gd
 create mode 100644 docs/development/evidence/lane-parent-presentation/focused2/source/files/scripts/combat/replay_playback.gd.uid
 create mode 100644 docs/development/evidence/lane-parent-presentation/focused2/source/files/scripts/combat/replay_program.gd
 create mode 100644 docs/development/evidence/lane-parent-presentation/focused2/source/files/scripts/combat/replay_program.gd.uid
 create mode 100644 docs/development/evidence/lane-parent-presentation/focused2/source/files/scripts/combat/replay_sequence.gd
 create mode 100644 docs/development/evidence/lane-parent-presentation/focused2/source/files/scripts/combat/replay_sequence.gd.uid
 create mode 100644 docs/development/evidence/lane-parent-presentation/focused2/source/files/scripts/combat/replay_witness.gd
 create mode 100644 docs/development/evidence/lane-parent-presentation/focused2/source/files/scripts/combat/replay_witness.gd.uid
 create mode 100644 docs/development/evidence/lane-parent-presentation/focused2/source/files/scripts/combat/threat_geometry.gd
 create mode 100644 docs/development/evidence/lane-parent-presentation/focused2/source/files/scripts/combat/threat_geometry.gd.uid
 create mode 100644 docs/development/evidence/lane-parent-presentation/focused2/source/files/scripts/combat/threat_scheduler.gd
 create mode 100644 docs/development/evidence/lane-parent-presentation/focused2/source/files/scripts/combat/threat_scheduler.gd.uid
 create mode 100644 docs/development/evidence/lane-parent-presentation/focused2/source/files/scripts/cues/cue_mesh.gd
 create mode 100644 docs/development/evidence/lane-parent-presentation/focused2/source/files/scripts/cues/cue_mesh.gd.uid
 create mode 100644 docs/development/evidence/lane-parent-presentation/focused2/source/files/scripts/cues/threat_cue.gd
 create mode 100644 docs/development/evidence/lane-parent-presentation/focused2/source/files/scripts/cues/threat_cue.gd.uid
 create mode 100644 docs/development/evidence/lane-parent-presentation/focused2/source/files/scripts/curling_smoke.gd
 create mode 100644 docs/development/evidence/lane-parent-presentation/focused2/source/files/scripts/curling_smoke.gd.uid
 create mode 100644 docs/development/evidence/lane-parent-presentation/focused2/source/files/scripts/dev/dev.py
 create mode 100644 docs/development/evidence/lane-parent-presentation/focused2/source/files/scripts/effects.gd
 create mode 100644 docs/development/evidence/lane-parent-presentation/focused2/source/files/scripts/effects.gd.uid
 create mode 100644 docs/development/evidence/lane-parent-presentation/focused2/source/files/scripts/enemy.gd
 create mode 100644 docs/development/evidence/lane-parent-presentation/focused2/source/files/scripts/enemy.gd.uid
 create mode 100644 docs/development/evidence/lane-parent-presentation/focused2/source/files/scripts/equipment.gd
 create mode 100644 docs/development/evidence/lane-parent-presentation/focused2/source/files/scripts/equipment.gd.uid
 create mode 100644 docs/development/evidence/lane-parent-presentation/focused2/source/files/scripts/game.gd
 create mode 100644 docs/development/evidence/lane-parent-presentation/focused2/source/files/scripts/game.gd.uid
 create mode 100644 docs/development/evidence/lane-parent-presentation/focused2/source/files/scripts/hud.gd
 create mode 100644 docs/development/evidence/lane-parent-presentation/focused2/source/files/scripts/hud.gd.uid
 create mode 100644 docs/development/evidence/lane-parent-presentation/focused2/source/files/scripts/lab_bench.gd
 create mode 100644 docs/development/evidence/lane-parent-presentation/focused2/source/files/scripts/lab_bench.gd.uid
 create mode 100644 docs/development/evidence/lane-parent-presentation/focused2/source/files/scripts/pixel_sprite.gd
 create mode 100644 docs/development/evidence/lane-parent-presentation/focused2/source/files/scripts/pixel_sprite.gd.uid
 create mode 100644 docs/development/evidence/lane-parent-presentation/focused2/source/files/scripts/player.gd
 create mode 100644 docs/development/evidence/lane-parent-presentation/focused2/source/files/scripts/player.gd.uid
 create mode 100644 docs/development/evidence/lane-parent-presentation/focused2/source/files/scripts/practice_target.gd
 create mode 100644 docs/development/evidence/lane-parent-presentation/focused2/source/files/scripts/practice_target.gd.uid
 create mode 100644 docs/development/evidence/lane-parent-presentation/focused2/source/files/scripts/presentation/camera_framing.gd
 create mode 100644 docs/development/evidence/lane-parent-presentation/focused2/source/files/scripts/presentation/camera_framing.gd.uid
 create mode 100644 docs/development/evidence/lane-parent-presentation/focused2/source/files/scripts/settings/game_settings.gd
 create mode 100644 docs/development/evidence/lane-parent-presentation/focused2/source/files/scripts/settings/game_settings.gd.uid
 create mode 100644 docs/development/evidence/lane-parent-presentation/focused2/source/files/scripts/shotgun_flare.gd
 create mode 100644 docs/development/evidence/lane-parent-presentation/focused2/source/files/scripts/shotgun_flare.gd.uid
 create mode 100644 docs/development/evidence/lane-parent-presentation/focused2/source/files/scripts/ui/campaign_menu.gd
 create mode 100644 docs/development/evidence/lane-parent-presentation/focused2/source/files/scripts/ui/campaign_menu.gd.uid
 create mode 100644 docs/development/evidence/lane-parent-presentation/focused2/source/files/scripts/weapon_pickup.gd
 create mode 100644 docs/development/evidence/lane-parent-presentation/focused2/source/files/scripts/weapon_pickup.gd.uid
 create mode 100644 docs/development/evidence/lane-parent-presentation/focused2/source/files/tests/fixtures/lane_mechanism_world.gd
 create mode 100644 docs/development/evidence/lane-parent-presentation/focused2/source/files/tests/fixtures/lane_mechanism_world.gd.uid
 create mode 100644 docs/development/evidence/lane-parent-presentation/focused2/source/files/tests/lane_mechanism_smoke.gd
 create mode 100644 docs/development/evidence/lane-parent-presentation/focused2/source/files/tests/lane_mechanism_smoke.gd.uid
 create mode 100644 docs/development/evidence/lane-parent-presentation/focused2/source/files/tests/lane_parent_presentation_smoke.gd
 create mode 100644 docs/development/evidence/lane-parent-presentation/focused2/source/manifest.json
 create mode 100644 docs/development/evidence/lane-parent-presentation/focused2/wrapper.log
 create mode 100644 docs/development/evidence/lane-parent-presentation/focused3/result.json
 create mode 100644 docs/development/evidence/lane-parent-presentation/focused3/runner.py
 create mode 100644 docs/development/evidence/lane-parent-presentation/focused3/source/.gdignore
 create mode 100644 docs/development/evidence/lane-parent-presentation/focused3/source/files/assets/characters/manifest.json
 create mode 100644 docs/development/evidence/lane-parent-presentation/focused3/source/files/assets/effects/manifest.json
 create mode 100644 docs/development/evidence/lane-parent-presentation/focused3/source/files/assets/references/manifest.json
 create mode 100644 docs/development/evidence/lane-parent-presentation/focused3/source/files/captures/character-blast.png
 create mode 100644 docs/development/evidence/lane-parent-presentation/focused3/source/files/captures/character-lab.png
 create mode 100644 docs/development/evidence/lane-parent-presentation/focused3/source/files/captures/character-primary.png
 create mode 100644 docs/development/evidence/lane-parent-presentation/focused3/source/files/captures/dash-plume-end.png
 create mode 100644 docs/development/evidence/lane-parent-presentation/focused3/source/files/captures/dash-plume-mid.png
 create mode 100644 docs/development/evidence/lane-parent-presentation/focused3/source/files/captures/enemy-recovery.png
 create mode 100644 docs/development/evidence/lane-parent-presentation/focused3/source/files/captures/enemy-warning.png
 create mode 100644 docs/development/evidence/lane-parent-presentation/focused3/source/files/captures/level-preview.png
 create mode 100644 docs/development/evidence/lane-parent-presentation/focused3/source/files/captures/loadout-bench.png
 create mode 100644 docs/development/evidence/lane-parent-presentation/focused3/source/files/captures/mechanics-lab.png
 create mode 100644 docs/development/evidence/lane-parent-presentation/focused3/source/files/captures/shot-flare-left.png
 create mode 100644 docs/development/evidence/lane-parent-presentation/focused3/source/files/captures/shot-flare-right.png
 create mode 100644 docs/development/evidence/lane-parent-presentation/focused3/source/files/captures/slash-arc.png
 create mode 100644 docs/development/evidence/lane-parent-presentation/focused3/source/files/data/campaign/registry.json
 create mode 100644 docs/development/evidence/lane-parent-presentation/focused3/source/files/data/design/difficulty_profiles.json
 create mode 100644 docs/development/evidence/lane-parent-presentation/focused3/source/files/data/design/player_equipment.json
 create mode 100644 docs/development/evidence/lane-parent-presentation/focused3/source/files/docs/concept-art/act1/generated-manifest.json
 create mode 100644 docs/development/evidence/lane-parent-presentation/focused3/source/files/docs/concept-art/act2/generated-manifest.json
 create mode 100644 docs/development/evidence/lane-parent-presentation/focused3/source/files/docs/concept-art/act3/generated-manifest.json
 create mode 100644 docs/development/evidence/lane-parent-presentation/focused3/source/files/docs/reference-library/act1/CREDITS.md
 create mode 100644 docs/development/evidence/lane-parent-presentation/focused3/source/files/docs/reference-library/act2/CREDITS.md
 create mode 100644 docs/development/evidence/lane-parent-presentation/focused3/source/files/docs/reference-library/act3/research/SOURCES.md
 create mode 100644 docs/development/evidence/lane-parent-presentation/focused3/source/files/project.godot
 create mode 100644 docs/development/evidence/lane-parent-presentation/focused3/source/files/scenes/campaign_main.tscn
 create mode 100644 docs/development/evidence/lane-parent-presentation/focused3/source/files/scenes/lab_arena.tscn
 create mode 100644 docs/development/evidence/lane-parent-presentation/focused3/source/files/scenes/player.tscn
 create mode 100644 docs/development/evidence/lane-parent-presentation/focused3/source/files/scenes/practice_target.tscn
 create mode 100644 docs/development/evidence/lane-parent-presentation/focused3/source/files/scripts/attack_footprint.gd
 create mode 100644 docs/development/evidence/lane-parent-presentation/focused3/source/files/scripts/attack_footprint.gd.uid
 create mode 100644 docs/development/evidence/lane-parent-presentation/focused3/source/files/scripts/campaign/attempts.gd
 create mode 100644 docs/development/evidence/lane-parent-presentation/focused3/source/files/scripts/campaign/attempts.gd.uid
 create mode 100644 docs/development/evidence/lane-parent-presentation/focused3/source/files/scripts/campaign/exact_json.gd
 create mode 100644 docs/development/evidence/lane-parent-presentation/focused3/source/files/scripts/campaign/exact_json.gd.uid
 create mode 100644 docs/development/evidence/lane-parent-presentation/focused3/source/files/scripts/campaign/level.gd
 create mode 100644 docs/development/evidence/lane-parent-presentation/focused3/source/files/scripts/campaign/level.gd.uid
 create mode 100644 docs/development/evidence/lane-parent-presentation/focused3/source/files/scripts/campaign/registry.gd
 create mode 100644 docs/development/evidence/lane-parent-presentation/focused3/source/files/scripts/campaign/registry.gd.uid
 create mode 100644 docs/development/evidence/lane-parent-presentation/focused3/source/files/scripts/campaign/save_store.gd
 create mode 100644 docs/development/evidence/lane-parent-presentation/focused3/source/files/scripts/campaign/save_store.gd.uid
 create mode 100644 docs/development/evidence/lane-parent-presentation/focused3/source/files/scripts/campaign/shell.gd
 create mode 100644 docs/development/evidence/lane-parent-presentation/focused3/source/files/scripts/campaign/shell.gd.uid
 create mode 100644 docs/development/evidence/lane-parent-presentation/focused3/source/files/scripts/campaign/snapshot_codec.gd
 create mode 100644 docs/development/evidence/lane-parent-presentation/focused3/source/files/scripts/campaign/snapshot_codec.gd.uid
 create mode 100644 docs/development/evidence/lane-parent-presentation/focused3/source/files/scripts/character/player_presentations.gd
 create mode 100644 docs/development/evidence/lane-parent-presentation/focused3/source/files/scripts/character/player_presentations.gd.uid
 create mode 100644 docs/development/evidence/lane-parent-presentation/focused3/source/files/scripts/combat/action_capture.gd
 create mode 100644 docs/development/evidence/lane-parent-presentation/focused3/source/files/scripts/combat/action_capture.gd.uid
 create mode 100644 docs/development/evidence/lane-parent-presentation/focused3/source/files/scripts/combat/authored_echo_cycle_journal.gd
 create mode 100644 docs/development/evidence/lane-parent-presentation/focused3/source/files/scripts/combat/authored_echo_cycle_journal.gd.uid
 create mode 100644 docs/development/evidence/lane-parent-presentation/focused3/source/files/scripts/combat/authored_echo_renderer.gd
 create mode 100644 docs/development/evidence/lane-parent-presentation/focused3/source/files/scripts/combat/authored_echo_renderer.gd.uid
 create mode 100644 docs/development/evidence/lane-parent-presentation/focused3/source/files/scripts/combat/authored_echo_terminal_receipt.gd
 create mode 100644 docs/development/evidence/lane-parent-presentation/focused3/source/files/scripts/combat/authored_echo_terminal_receipt.gd.uid
 create mode 100644 docs/development/evidence/lane-parent-presentation/focused3/source/files/scripts/combat/authored_enemy_sequence.gd
 create mode 100644 docs/development/evidence/lane-parent-presentation/focused3/source/files/scripts/combat/authored_enemy_sequence.gd.uid
 create mode 100644 docs/development/evidence/lane-parent-presentation/focused3/source/files/scripts/combat/body_sweep.gd
 create mode 100644 docs/development/evidence/lane-parent-presentation/focused3/source/files/scripts/combat/body_sweep.gd.uid
 create mode 100644 docs/development/evidence/lane-parent-presentation/focused3/source/files/scripts/combat/difficulty.gd
 create mode 100644 docs/development/evidence/lane-parent-presentation/focused3/source/files/scripts/combat/difficulty.gd.uid
 create mode 100644 docs/development/evidence/lane-parent-presentation/focused3/source/files/scripts/combat/lane_mechanism.gd
 create mode 100644 docs/development/evidence/lane-parent-presentation/focused3/source/files/scripts/combat/lane_mechanism.gd.uid
 create mode 100644 docs/development/evidence/lane-parent-presentation/focused3/source/files/scripts/combat/lunge_motion.gd
 create mode 100644 docs/development/evidence/lane-parent-presentation/focused3/source/files/scripts/combat/lunge_motion.gd.uid
 create mode 100644 docs/development/evidence/lane-parent-presentation/focused3/source/files/scripts/combat/replay_cursor.gd
 create mode 100644 docs/development/evidence/lane-parent-presentation/focused3/source/files/scripts/combat/replay_cursor.gd.uid
 create mode 100644 docs/development/evidence/lane-parent-presentation/focused3/source/files/scripts/combat/replay_footprint.gd
 create mode 100644 docs/development/evidence/lane-parent-presentation/focused3/source/files/scripts/combat/replay_footprint.gd.uid
 create mode 100644 docs/development/evidence/lane-parent-presentation/focused3/source/files/scripts/combat/replay_playback.gd
 create mode 100644 docs/development/evidence/lane-parent-presentation/focused3/source/files/scripts/combat/replay_playback.gd.uid
 create mode 100644 docs/development/evidence/lane-parent-presentation/focused3/source/files/scripts/combat/replay_program.gd
 create mode 100644 docs/development/evidence/lane-parent-presentation/focused3/source/files/scripts/combat/replay_program.gd.uid
 create mode 100644 docs/development/evidence/lane-parent-presentation/focused3/source/files/scripts/combat/replay_sequence.gd
 create mode 100644 docs/development/evidence/lane-parent-presentation/focused3/source/files/scripts/combat/replay_sequence.gd.uid
 create mode 100644 docs/development/evidence/lane-parent-presentation/focused3/source/files/scripts/combat/replay_witness.gd
 create mode 100644 docs/development/evidence/lane-parent-presentation/focused3/source/files/scripts/combat/replay_witness.gd.uid
 create mode 100644 docs/development/evidence/lane-parent-presentation/focused3/source/files/scripts/combat/threat_geometry.gd
 create mode 100644 docs/development/evidence/lane-parent-presentation/focused3/source/files/scripts/combat/threat_geometry.gd.uid
 create mode 100644 docs/development/evidence/lane-parent-presentation/focused3/source/files/scripts/combat/threat_scheduler.gd
 create mode 100644 docs/development/evidence/lane-parent-presentation/focused3/source/files/scripts/combat/threat_scheduler.gd.uid
 create mode 100644 docs/development/evidence/lane-parent-presentation/focused3/source/files/scripts/cues/cue_mesh.gd
 create mode 100644 docs/development/evidence/lane-parent-presentation/focused3/source/files/scripts/cues/cue_mesh.gd.uid
 create mode 100644 docs/development/evidence/lane-parent-presentation/focused3/source/files/scripts/cues/threat_cue.gd
 create mode 100644 docs/development/evidence/lane-parent-presentation/focused3/source/files/scripts/cues/threat_cue.gd.uid
 create mode 100644 docs/development/evidence/lane-parent-presentation/focused3/source/files/scripts/curling_smoke.gd
 create mode 100644 docs/development/evidence/lane-parent-presentation/focused3/source/files/scripts/curling_smoke.gd.uid
 create mode 100644 docs/development/evidence/lane-parent-presentation/focused3/source/files/scripts/dev/dev.py
 create mode 100644 docs/development/evidence/lane-parent-presentation/focused3/source/files/scripts/effects.gd
 create mode 100644 docs/development/evidence/lane-parent-presentation/focused3/source/files/scripts/effects.gd.uid
 create mode 100644 docs/development/evidence/lane-parent-presentation/focused3/source/files/scripts/enemy.gd
 create mode 100644 docs/development/evidence/lane-parent-presentation/focused3/source/files/scripts/enemy.gd.uid
 create mode 100644 docs/development/evidence/lane-parent-presentation/focused3/source/files/scripts/equipment.gd
 create mode 100644 docs/development/evidence/lane-parent-presentation/focused3/source/files/scripts/equipment.gd.uid
 create mode 100644 docs/development/evidence/lane-parent-presentation/focused3/source/files/scripts/game.gd
 create mode 100644 docs/development/evidence/lane-parent-presentation/focused3/source/files/scripts/game.gd.uid
 create mode 100644 docs/development/evidence/lane-parent-presentation/focused3/source/files/scripts/hud.gd
 create mode 100644 docs/development/evidence/lane-parent-presentation/focused3/source/files/scripts/hud.gd.uid
 create mode 100644 docs/development/evidence/lane-parent-presentation/focused3/source/files/scripts/lab_bench.gd
 create mode 100644 docs/development/evidence/lane-parent-presentation/focused3/source/files/scripts/lab_bench.gd.uid
 create mode 100644 docs/development/evidence/lane-parent-presentation/focused3/source/files/scripts/pixel_sprite.gd
 create mode 100644 docs/development/evidence/lane-parent-presentation/focused3/source/files/scripts/pixel_sprite.gd.uid
 create mode 100644 docs/development/evidence/lane-parent-presentation/focused3/source/files/scripts/player.gd
 create mode 100644 docs/development/evidence/lane-parent-presentation/focused3/source/files/scripts/player.gd.uid
 create mode 100644 docs/development/evidence/lane-parent-presentation/focused3/source/files/scripts/practice_target.gd
 create mode 100644 docs/development/evidence/lane-parent-presentation/focused3/source/files/scripts/practice_target.gd.uid
 create mode 100644 docs/development/evidence/lane-parent-presentation/focused3/source/files/scripts/presentation/camera_framing.gd
 create mode 100644 docs/development/evidence/lane-parent-presentation/focused3/source/files/scripts/presentation/camera_framing.gd.uid
 create mode 100644 docs/development/evidence/lane-parent-presentation/focused3/source/files/scripts/settings/game_settings.gd
 create mode 100644 docs/development/evidence/lane-parent-presentation/focused3/source/files/scripts/settings/game_settings.gd.uid
 create mode 100644 docs/development/evidence/lane-parent-presentation/focused3/source/files/scripts/shotgun_flare.gd
 create mode 100644 docs/development/evidence/lane-parent-presentation/focused3/source/files/scripts/shotgun_flare.gd.uid
 create mode 100644 docs/development/evidence/lane-parent-presentation/focused3/source/files/scripts/ui/campaign_menu.gd
 create mode 100644 docs/development/evidence/lane-parent-presentation/focused3/source/files/scripts/ui/campaign_menu.gd.uid
 create mode 100644 docs/development/evidence/lane-parent-presentation/focused3/source/files/scripts/weapon_pickup.gd
 create mode 100644 docs/development/evidence/lane-parent-presentation/focused3/source/files/scripts/weapon_pickup.gd.uid
 create mode 100644 docs/development/evidence/lane-parent-presentation/focused3/source/files/tests/fixtures/lane_mechanism_world.gd
 create mode 100644 docs/development/evidence/lane-parent-presentation/focused3/source/files/tests/fixtures/lane_mechanism_world.gd.uid
 create mode 100644 docs/development/evidence/lane-parent-presentation/focused3/source/files/tests/lane_mechanism_smoke.gd
 create mode 100644 docs/development/evidence/lane-parent-presentation/focused3/source/files/tests/lane_mechanism_smoke.gd.uid
 create mode 100644 docs/development/evidence/lane-parent-presentation/focused3/source/files/tests/lane_parent_presentation_smoke.gd
 create mode 100644 docs/development/evidence/lane-parent-presentation/focused3/source/manifest.json
 create mode 100644 docs/development/evidence/lane-parent-presentation/focused3/wrapper.log
 create mode 100644 docs/development/evidence/lane-parent-presentation/index.json
 create mode 100644 docs/development/evidence/lane-parent-presentation/legacy1/result.json
 create mode 100644 docs/development/evidence/lane-parent-presentation/legacy1/runner.py
 create mode 100644 docs/development/evidence/lane-parent-presentation/legacy1/source/.gdignore
 create mode 100644 docs/development/evidence/lane-parent-presentation/legacy1/source/files/assets/characters/manifest.json
 create mode 100644 docs/development/evidence/lane-parent-presentation/legacy1/source/files/assets/effects/manifest.json
 create mode 100644 docs/development/evidence/lane-parent-presentation/legacy1/source/files/assets/references/manifest.json
 create mode 100644 docs/development/evidence/lane-parent-presentation/legacy1/source/files/captures/character-blast.png
 create mode 100644 docs/development/evidence/lane-parent-presentation/legacy1/source/files/captures/character-lab.png
 create mode 100644 docs/development/evidence/lane-parent-presentation/legacy1/source/files/captures/character-primary.png
 create mode 100644 docs/development/evidence/lane-parent-presentation/legacy1/source/files/captures/dash-plume-end.png
 create mode 100644 docs/development/evidence/lane-parent-presentation/legacy1/source/files/captures/dash-plume-mid.png
 create mode 100644 docs/development/evidence/lane-parent-presentation/legacy1/source/files/captures/enemy-recovery.png
 create mode 100644 docs/development/evidence/lane-parent-presentation/legacy1/source/files/captures/enemy-warning.png
 create mode 100644 docs/development/evidence/lane-parent-presentation/legacy1/source/files/captures/level-preview.png
 create mode 100644 docs/development/evidence/lane-parent-presentation/legacy1/source/files/captures/loadout-bench.png
 create mode 100644 docs/development/evidence/lane-parent-presentation/legacy1/source/files/captures/mechanics-lab.png
 create mode 100644 docs/development/evidence/lane-parent-presentation/legacy1/source/files/captures/shot-flare-left.png
 create mode 100644 docs/development/evidence/lane-parent-presentation/legacy1/source/files/captures/shot-flare-right.png
 create mode 100644 docs/development/evidence/lane-parent-presentation/legacy1/source/files/captures/slash-arc.png
 create mode 100644 docs/development/evidence/lane-parent-presentation/legacy1/source/files/data/campaign/registry.json
 create mode 100644 docs/development/evidence/lane-parent-presentation/legacy1/source/files/data/design/difficulty_profiles.json
 create mode 100644 docs/development/evidence/lane-parent-presentation/legacy1/source/files/data/design/player_equipment.json
 create mode 100644 docs/development/evidence/lane-parent-presentation/legacy1/source/files/docs/concept-art/act1/generated-manifest.json
 create mode 100644 docs/development/evidence/lane-parent-presentation/legacy1/source/files/docs/concept-art/act2/generated-manifest.json
 create mode 100644 docs/development/evidence/lane-parent-presentation/legacy1/source/files/docs/concept-art/act3/generated-manifest.json
 create mode 100644 docs/development/evidence/lane-parent-presentation/legacy1/source/files/docs/reference-library/act1/CREDITS.md
 create mode 100644 docs/development/evidence/lane-parent-presentation/legacy1/source/files/docs/reference-library/act2/CREDITS.md
 create mode 100644 docs/development/evidence/lane-parent-presentation/legacy1/source/files/docs/reference-library/act3/research/SOURCES.md
 create mode 100644 docs/development/evidence/lane-parent-presentation/legacy1/source/files/project.godot
 create mode 100644 docs/development/evidence/lane-parent-presentation/legacy1/source/files/scenes/campaign_main.tscn
 create mode 100644 docs/development/evidence/lane-parent-presentation/legacy1/source/files/scenes/lab_arena.tscn
 create mode 100644 docs/development/evidence/lane-parent-presentation/legacy1/source/files/scenes/player.tscn
 create mode 100644 docs/development/evidence/lane-parent-presentation/legacy1/source/files/scenes/practice_target.tscn
 create mode 100644 docs/development/evidence/lane-parent-presentation/legacy1/source/files/scripts/attack_footprint.gd
 create mode 100644 docs/development/evidence/lane-parent-presentation/legacy1/source/files/scripts/attack_footprint.gd.uid
 create mode 100644 docs/development/evidence/lane-parent-presentation/legacy1/source/files/scripts/campaign/attempts.gd
 create mode 100644 docs/development/evidence/lane-parent-presentation/legacy1/source/files/scripts/campaign/attempts.gd.uid
 create mode 100644 docs/development/evidence/lane-parent-presentation/legacy1/source/files/scripts/campaign/exact_json.gd
 create mode 100644 docs/development/evidence/lane-parent-presentation/legacy1/source/files/scripts/campaign/exact_json.gd.uid
 create mode 100644 docs/development/evidence/lane-parent-presentation/legacy1/source/files/scripts/campaign/level.gd
 create mode 100644 docs/development/evidence/lane-parent-presentation/legacy1/source/files/scripts/campaign/level.gd.uid
 create mode 100644 docs/development/evidence/lane-parent-presentation/legacy1/source/files/scripts/campaign/registry.gd
 create mode 100644 docs/development/evidence/lane-parent-presentation/legacy1/source/files/scripts/campaign/registry.gd.uid
 create mode 100644 docs/development/evidence/lane-parent-presentation/legacy1/source/files/scripts/campaign/save_store.gd
 create mode 100644 docs/development/evidence/lane-parent-presentation/legacy1/source/files/scripts/campaign/save_store.gd.uid
 create mode 100644 docs/development/evidence/lane-parent-presentation/legacy1/source/files/scripts/campaign/shell.gd
 create mode 100644 docs/development/evidence/lane-parent-presentation/legacy1/source/files/scripts/campaign/shell.gd.uid
 create mode 100644 docs/development/evidence/lane-parent-presentation/legacy1/source/files/scripts/campaign/snapshot_codec.gd
 create mode 100644 docs/development/evidence/lane-parent-presentation/legacy1/source/files/scripts/campaign/snapshot_codec.gd.uid
 create mode 100644 docs/development/evidence/lane-parent-presentation/legacy1/source/files/scripts/character/player_presentations.gd
 create mode 100644 docs/development/evidence/lane-parent-presentation/legacy1/source/files/scripts/character/player_presentations.gd.uid
 create mode 100644 docs/development/evidence/lane-parent-presentation/legacy1/source/files/scripts/combat/action_capture.gd
 create mode 100644 docs/development/evidence/lane-parent-presentation/legacy1/source/files/scripts/combat/action_capture.gd.uid
 create mode 100644 docs/development/evidence/lane-parent-presentation/legacy1/source/files/scripts/combat/authored_echo_cycle_journal.gd
 create mode 100644 docs/development/evidence/lane-parent-presentation/legacy1/source/files/scripts/combat/authored_echo_cycle_journal.gd.uid
 create mode 100644 docs/development/evidence/lane-parent-presentation/legacy1/source/files/scripts/combat/authored_echo_renderer.gd
 create mode 100644 docs/development/evidence/lane-parent-presentation/legacy1/source/files/scripts/combat/authored_echo_renderer.gd.uid
 create mode 100644 docs/development/evidence/lane-parent-presentation/legacy1/source/files/scripts/combat/authored_echo_terminal_receipt.gd
 create mode 100644 docs/development/evidence/lane-parent-presentation/legacy1/source/files/scripts/combat/authored_echo_terminal_receipt.gd.uid
 create mode 100644 docs/development/evidence/lane-parent-presentation/legacy1/source/files/scripts/combat/authored_enemy_sequence.gd
 create mode 100644 docs/development/evidence/lane-parent-presentation/legacy1/source/files/scripts/combat/authored_enemy_sequence.gd.uid
 create mode 100644 docs/development/evidence/lane-parent-presentation/legacy1/source/files/scripts/combat/body_sweep.gd
 create mode 100644 docs/development/evidence/lane-parent-presentation/legacy1/source/files/scripts/combat/body_sweep.gd.uid
 create mode 100644 docs/development/evidence/lane-parent-presentation/legacy1/source/files/scripts/combat/difficulty.gd
 create mode 100644 docs/development/evidence/lane-parent-presentation/legacy1/source/files/scripts/combat/difficulty.gd.uid
 create mode 100644 docs/development/evidence/lane-parent-presentation/legacy1/source/files/scripts/combat/lane_mechanism.gd
 create mode 100644 docs/development/evidence/lane-parent-presentation/legacy1/source/files/scripts/combat/lane_mechanism.gd.uid
 create mode 100644 docs/development/evidence/lane-parent-presentation/legacy1/source/files/scripts/combat/lunge_motion.gd
 create mode 100644 docs/development/evidence/lane-parent-presentation/legacy1/source/files/scripts/combat/lunge_motion.gd.uid
 create mode 100644 docs/development/evidence/lane-parent-presentation/legacy1/source/files/scripts/combat/replay_cursor.gd
 create mode 100644 docs/development/evidence/lane-parent-presentation/legacy1/source/files/scripts/combat/replay_cursor.gd.uid
 create mode 100644 docs/development/evidence/lane-parent-presentation/legacy1/source/files/scripts/combat/replay_footprint.gd
 create mode 100644 docs/development/evidence/lane-parent-presentation/legacy1/source/files/scripts/combat/replay_footprint.gd.uid
 create mode 100644 docs/development/evidence/lane-parent-presentation/legacy1/source/files/scripts/combat/replay_playback.gd
 create mode 100644 docs/development/evidence/lane-parent-presentation/legacy1/source/files/scripts/combat/replay_playback.gd.uid
 create mode 100644 docs/development/evidence/lane-parent-presentation/legacy1/source/files/scripts/combat/replay_program.gd
 create mode 100644 docs/development/evidence/lane-parent-presentation/legacy1/source/files/scripts/combat/replay_program.gd.uid
 create mode 100644 docs/development/evidence/lane-parent-presentation/legacy1/source/files/scripts/combat/replay_sequence.gd
 create mode 100644 docs/development/evidence/lane-parent-presentation/legacy1/source/files/scripts/combat/replay_sequence.gd.uid
 create mode 100644 docs/development/evidence/lane-parent-presentation/legacy1/source/files/scripts/combat/replay_witness.gd
 create mode 100644 docs/development/evidence/lane-parent-presentation/legacy1/source/files/scripts/combat/replay_witness.gd.uid
 create mode 100644 docs/development/evidence/lane-parent-presentation/legacy1/source/files/scripts/combat/threat_geometry.gd
 create mode 100644 docs/development/evidence/lane-parent-presentation/legacy1/source/files/scripts/combat/threat_geometry.gd.uid
 create mode 100644 docs/development/evidence/lane-parent-presentation/legacy1/source/files/scripts/combat/threat_scheduler.gd
 create mode 100644 docs/development/evidence/lane-parent-presentation/legacy1/source/files/scripts/combat/threat_scheduler.gd.uid
 create mode 100644 docs/development/evidence/lane-parent-presentation/legacy1/source/files/scripts/cues/cue_mesh.gd
 create mode 100644 docs/development/evidence/lane-parent-presentation/legacy1/source/files/scripts/cues/cue_mesh.gd.uid
 create mode 100644 docs/development/evidence/lane-parent-presentation/legacy1/source/files/scripts/cues/threat_cue.gd
 create mode 100644 docs/development/evidence/lane-parent-presentation/legacy1/source/files/scripts/cues/threat_cue.gd.uid
 create mode 100644 docs/development/evidence/lane-parent-presentation/legacy1/source/files/scripts/curling_smoke.gd
 create mode 100644 docs/development/evidence/lane-parent-presentation/legacy1/source/files/scripts/curling_smoke.gd.uid
 create mode 100644 docs/development/evidence/lane-parent-presentation/legacy1/source/files/scripts/dev/dev.py
 create mode 100644 docs/development/evidence/lane-parent-presentation/legacy1/source/files/scripts/effects.gd
 create mode 100644 docs/development/evidence/lane-parent-presentation/legacy1/source/files/scripts/effects.gd.uid
 create mode 100644 docs/development/evidence/lane-parent-presentation/legacy1/source/files/scripts/enemy.gd
 create mode 100644 docs/development/evidence/lane-parent-presentation/legacy1/source/files/scripts/enemy.gd.uid
 create mode 100644 docs/development/evidence/lane-parent-presentation/legacy1/source/files/scripts/equipment.gd
 create mode 100644 docs/development/evidence/lane-parent-presentation/legacy1/source/files/scripts/equipment.gd.uid
 create mode 100644 docs/development/evidence/lane-parent-presentation/legacy1/source/files/scripts/game.gd
 create mode 100644 docs/development/evidence/lane-parent-presentation/legacy1/source/files/scripts/game.gd.uid
 create mode 100644 docs/development/evidence/lane-parent-presentation/legacy1/source/files/scripts/hud.gd
 create mode 100644 docs/development/evidence/lane-parent-presentation/legacy1/source/files/scripts/hud.gd.uid
 create mode 100644 docs/development/evidence/lane-parent-presentation/legacy1/source/files/scripts/lab_bench.gd
 create mode 100644 docs/development/evidence/lane-parent-presentation/legacy1/source/files/scripts/lab_bench.gd.uid
 create mode 100644 docs/development/evidence/lane-parent-presentation/legacy1/source/files/scripts/pixel_sprite.gd
 create mode 100644 docs/development/evidence/lane-parent-presentation/legacy1/source/files/scripts/pixel_sprite.gd.uid
 create mode 100644 docs/development/evidence/lane-parent-presentation/legacy1/source/files/scripts/player.gd
 create mode 100644 docs/development/evidence/lane-parent-presentation/legacy1/source/files/scripts/player.gd.uid
 create mode 100644 docs/development/evidence/lane-parent-presentation/legacy1/source/files/scripts/practice_target.gd
 create mode 100644 docs/development/evidence/lane-parent-presentation/legacy1/source/files/scripts/practice_target.gd.uid
 create mode 100644 docs/development/evidence/lane-parent-presentation/legacy1/source/files/scripts/presentation/camera_framing.gd
 create mode 100644 docs/development/evidence/lane-parent-presentation/legacy1/source/files/scripts/presentation/camera_framing.gd.uid
 create mode 100644 docs/development/evidence/lane-parent-presentation/legacy1/source/files/scripts/settings/game_settings.gd
 create mode 100644 docs/development/evidence/lane-parent-presentation/legacy1/source/files/scripts/settings/game_settings.gd.uid
 create mode 100644 docs/development/evidence/lane-parent-presentation/legacy1/source/files/scripts/shotgun_flare.gd
 create mode 100644 docs/development/evidence/lane-parent-presentation/legacy1/source/files/scripts/shotgun_flare.gd.uid
 create mode 100644 docs/development/evidence/lane-parent-presentation/legacy1/source/files/scripts/ui/campaign_menu.gd
 create mode 100644 docs/development/evidence/lane-parent-presentation/legacy1/source/files/scripts/ui/campaign_menu.gd.uid
 create mode 100644 docs/development/evidence/lane-parent-presentation/legacy1/source/files/scripts/weapon_pickup.gd
 create mode 100644 docs/development/evidence/lane-parent-presentation/legacy1/source/files/scripts/weapon_pickup.gd.uid
 create mode 100644 docs/development/evidence/lane-parent-presentation/legacy1/source/files/tests/fixtures/lane_mechanism_world.gd
 create mode 100644 docs/development/evidence/lane-parent-presentation/legacy1/source/files/tests/fixtures/lane_mechanism_world.gd.uid
 create mode 100644 docs/development/evidence/lane-parent-presentation/legacy1/source/files/tests/lane_mechanism_smoke.gd
 create mode 100644 docs/development/evidence/lane-parent-presentation/legacy1/source/files/tests/lane_mechanism_smoke.gd.uid
 create mode 100644 docs/development/evidence/lane-parent-presentation/legacy1/source/manifest.json
 create mode 100644 docs/development/evidence/lane-parent-presentation/legacy1/wrapper.log
 create mode 100644 docs/development/evidence/side-return-journey/.gdignore
 create mode 100644 docs/development/evidence/side-return-journey/.gitattributes
 create mode 100644 docs/development/evidence/side-return-journey/index.json
 create mode 100644 docs/development/evidence/side-return-journey/run1/result.json
 create mode 100644 docs/development/evidence/side-return-journey/run1/runner.py
 create mode 100644 docs/development/evidence/side-return-journey/run1/source/.gdignore
 create mode 100644 docs/development/evidence/side-return-journey/run1/source/files/assets/characters/manifest.json
 create mode 100644 docs/development/evidence/side-return-journey/run1/source/files/assets/effects/manifest.json
 create mode 100644 docs/development/evidence/side-return-journey/run1/source/files/assets/references/manifest.json
 create mode 100644 docs/development/evidence/side-return-journey/run1/source/files/captures/character-blast.png
 create mode 100644 docs/development/evidence/side-return-journey/run1/source/files/captures/character-lab.png
 create mode 100644 docs/development/evidence/side-return-journey/run1/source/files/captures/character-primary.png
 create mode 100644 docs/development/evidence/side-return-journey/run1/source/files/captures/dash-plume-end.png
 create mode 100644 docs/development/evidence/side-return-journey/run1/source/files/captures/dash-plume-mid.png
 create mode 100644 docs/development/evidence/side-return-journey/run1/source/files/captures/enemy-recovery.png
 create mode 100644 docs/development/evidence/side-return-journey/run1/source/files/captures/enemy-warning.png
 create mode 100644 docs/development/evidence/side-return-journey/run1/source/files/captures/level-preview.png
 create mode 100644 docs/development/evidence/side-return-journey/run1/source/files/captures/loadout-bench.png
 create mode 100644 docs/development/evidence/side-return-journey/run1/source/files/captures/mechanics-lab.png
 create mode 100644 docs/development/evidence/side-return-journey/run1/source/files/captures/shot-flare-left.png
 create mode 100644 docs/development/evidence/side-return-journey/run1/source/files/captures/shot-flare-right.png
 create mode 100644 docs/development/evidence/side-return-journey/run1/source/files/captures/slash-arc.png
 create mode 100644 docs/development/evidence/side-return-journey/run1/source/files/data/campaign/registry.json
 create mode 100644 docs/development/evidence/side-return-journey/run1/source/files/data/design/difficulty_profiles.json
 create mode 100644 docs/development/evidence/side-return-journey/run1/source/files/data/design/player_equipment.json
 create mode 100644 docs/development/evidence/side-return-journey/run1/source/files/docs/concept-art/act1/generated-manifest.json
 create mode 100644 docs/development/evidence/side-return-journey/run1/source/files/docs/concept-art/act2/generated-manifest.json
 create mode 100644 docs/development/evidence/side-return-journey/run1/source/files/docs/concept-art/act3/generated-manifest.json
 create mode 100644 docs/development/evidence/side-return-journey/run1/source/files/docs/reference-library/act1/CREDITS.md
 create mode 100644 docs/development/evidence/side-return-journey/run1/source/files/docs/reference-library/act2/CREDITS.md
 create mode 100644 docs/development/evidence/side-return-journey/run1/source/files/docs/reference-library/act3/research/SOURCES.md
 create mode 100644 docs/development/evidence/side-return-journey/run1/source/files/project.godot
 create mode 100644 docs/development/evidence/side-return-journey/run1/source/files/scenes/campaign_main.tscn
 create mode 100644 docs/development/evidence/side-return-journey/run1/source/files/scenes/lab_arena.tscn
 create mode 100644 docs/development/evidence/side-return-journey/run1/source/files/scenes/player.tscn
 create mode 100644 docs/development/evidence/side-return-journey/run1/source/files/scenes/practice_target.tscn
 create mode 100644 docs/development/evidence/side-return-journey/run1/source/files/scripts/attack_footprint.gd
 create mode 100644 docs/development/evidence/side-return-journey/run1/source/files/scripts/attack_footprint.gd.uid
 create mode 100644 docs/development/evidence/side-return-journey/run1/source/files/scripts/campaign/attempts.gd
 create mode 100644 docs/development/evidence/side-return-journey/run1/source/files/scripts/campaign/attempts.gd.uid
 create mode 100644 docs/development/evidence/side-return-journey/run1/source/files/scripts/campaign/exact_json.gd
 create mode 100644 docs/development/evidence/side-return-journey/run1/source/files/scripts/campaign/exact_json.gd.uid
 create mode 100644 docs/development/evidence/side-return-journey/run1/source/files/scripts/campaign/level.gd
 create mode 100644 docs/development/evidence/side-return-journey/run1/source/files/scripts/campaign/level.gd.uid
 create mode 100644 docs/development/evidence/side-return-journey/run1/source/files/scripts/campaign/registry.gd
 create mode 100644 docs/development/evidence/side-return-journey/run1/source/files/scripts/campaign/registry.gd.uid
 create mode 100644 docs/development/evidence/side-return-journey/run1/source/files/scripts/campaign/save_store.gd
 create mode 100644 docs/development/evidence/side-return-journey/run1/source/files/scripts/campaign/save_store.gd.uid
 create mode 100644 docs/development/evidence/side-return-journey/run1/source/files/scripts/campaign/shell.gd
 create mode 100644 docs/development/evidence/side-return-journey/run1/source/files/scripts/campaign/shell.gd.uid
 create mode 100644 docs/development/evidence/side-return-journey/run1/source/files/scripts/campaign/snapshot_codec.gd
 create mode 100644 docs/development/evidence/side-return-journey/run1/source/files/scripts/campaign/snapshot_codec.gd.uid
 create mode 100644 docs/development/evidence/side-return-journey/run1/source/files/scripts/character/player_presentations.gd
 create mode 100644 docs/development/evidence/side-return-journey/run1/source/files/scripts/character/player_presentations.gd.uid
 create mode 100644 docs/development/evidence/side-return-journey/run1/source/files/scripts/combat/difficulty.gd
 create mode 100644 docs/development/evidence/side-return-journey/run1/source/files/scripts/combat/difficulty.gd.uid
 create mode 100644 docs/development/evidence/side-return-journey/run1/source/files/scripts/curling_smoke.gd
 create mode 100644 docs/development/evidence/side-return-journey/run1/source/files/scripts/curling_smoke.gd.uid
 create mode 100644 docs/development/evidence/side-return-journey/run1/source/files/scripts/dev/dev.py
 create mode 100644 docs/development/evidence/side-return-journey/run1/source/files/scripts/effects.gd
 create mode 100644 docs/development/evidence/side-return-journey/run1/source/files/scripts/effects.gd.uid
 create mode 100644 docs/development/evidence/side-return-journey/run1/source/files/scripts/enemy.gd
 create mode 100644 docs/development/evidence/side-return-journey/run1/source/files/scripts/enemy.gd.uid
 create mode 100644 docs/development/evidence/side-return-journey/run1/source/files/scripts/equipment.gd
 create mode 100644 docs/development/evidence/side-return-journey/run1/source/files/scripts/equipment.gd.uid
 create mode 100644 docs/development/evidence/side-return-journey/run1/source/files/scripts/game.gd
 create mode 100644 docs/development/evidence/side-return-journey/run1/source/files/scripts/game.gd.uid
 create mode 100644 docs/development/evidence/side-return-journey/run1/source/files/scripts/hud.gd
 create mode 100644 docs/development/evidence/side-return-journey/run1/source/files/scripts/hud.gd.uid
 create mode 100644 docs/development/evidence/side-return-journey/run1/source/files/scripts/lab_bench.gd
 create mode 100644 docs/development/evidence/side-return-journey/run1/source/files/scripts/lab_bench.gd.uid
 create mode 100644 docs/development/evidence/side-return-journey/run1/source/files/scripts/pixel_sprite.gd
 create mode 100644 docs/development/evidence/side-return-journey/run1/source/files/scripts/pixel_sprite.gd.uid
 create mode 100644 docs/development/evidence/side-return-journey/run1/source/files/scripts/player.gd
 create mode 100644 docs/development/evidence/side-return-journey/run1/source/files/scripts/player.gd.uid
 create mode 100644 docs/development/evidence/side-return-journey/run1/source/files/scripts/practice_target.gd
 create mode 100644 docs/development/evidence/side-return-journey/run1/source/files/scripts/practice_target.gd.uid
 create mode 100644 docs/development/evidence/side-return-journey/run1/source/files/scripts/presentation/camera_framing.gd
 create mode 100644 docs/development/evidence/side-return-journey/run1/source/files/scripts/presentation/camera_framing.gd.uid
 create mode 100644 docs/development/evidence/side-return-journey/run1/source/files/scripts/settings/game_settings.gd
 create mode 100644 docs/development/evidence/side-return-journey/run1/source/files/scripts/settings/game_settings.gd.uid
 create mode 100644 docs/development/evidence/side-return-journey/run1/source/files/scripts/shotgun_flare.gd
 create mode 100644 docs/development/evidence/side-return-journey/run1/source/files/scripts/shotgun_flare.gd.uid
 create mode 100644 docs/development/evidence/side-return-journey/run1/source/files/scripts/ui/campaign_menu.gd
 create mode 100644 docs/development/evidence/side-return-journey/run1/source/files/scripts/ui/campaign_menu.gd.uid
 create mode 100644 docs/development/evidence/side-return-journey/run1/source/files/scripts/weapon_pickup.gd
 create mode 100644 docs/development/evidence/side-return-journey/run1/source/files/scripts/weapon_pickup.gd.uid
 create mode 100644 docs/development/evidence/side-return-journey/run1/source/files/tests/campaign_shell_smoke.gd
 create mode 100644 docs/development/evidence/side-return-journey/run1/source/files/tests/campaign_shell_smoke.gd.uid
 create mode 100644 docs/development/evidence/side-return-journey/run1/source/files/tests/fixtures/campaign/live_a1_l3.tscn
 create mode 100644 docs/development/evidence/side-return-journey/run1/source/files/tests/fixtures/campaign/live_a3_l5.tscn
 create mode 100644 docs/development/evidence/side-return-journey/run1/source/files/tests/fixtures/campaign/live_level.gd
 create mode 100644 docs/development/evidence/side-return-journey/run1/source/files/tests/fixtures/campaign/live_level.gd.uid
 create mode 100644 docs/development/evidence/side-return-journey/run1/source/manifest.json
 create mode 100644 docs/development/evidence/side-return-journey/run1/wrapper.log
 create mode 100644 docs/development/evidence/side-return-journey/run2/result.json
 create mode 100644 docs/development/evidence/side-return-journey/run2/runner.py
 create mode 100644 docs/development/evidence/side-return-journey/run2/source/.gdignore
 create mode 100644 docs/development/evidence/side-return-journey/run2/source/files/assets/characters/manifest.json
 create mode 100644 docs/development/evidence/side-return-journey/run2/source/files/assets/effects/manifest.json
 create mode 100644 docs/development/evidence/side-return-journey/run2/source/files/assets/references/manifest.json
 create mode 100644 docs/development/evidence/side-return-journey/run2/source/files/captures/character-blast.png
 create mode 100644 docs/development/evidence/side-return-journey/run2/source/files/captures/character-lab.png
 create mode 100644 docs/development/evidence/side-return-journey/run2/source/files/captures/character-primary.png
 create mode 100644 docs/development/evidence/side-return-journey/run2/source/files/captures/dash-plume-end.png
 create mode 100644 docs/development/evidence/side-return-journey/run2/source/files/captures/dash-plume-mid.png
 create mode 100644 docs/development/evidence/side-return-journey/run2/source/files/captures/enemy-recovery.png
 create mode 100644 docs/development/evidence/side-return-journey/run2/source/files/captures/enemy-warning.png
 create mode 100644 docs/development/evidence/side-return-journey/run2/source/files/captures/level-preview.png
 create mode 100644 docs/development/evidence/side-return-journey/run2/source/files/captures/loadout-bench.png
 create mode 100644 docs/development/evidence/side-return-journey/run2/source/files/captures/mechanics-lab.png
 create mode 100644 docs/development/evidence/side-return-journey/run2/source/files/captures/shot-flare-left.png
 create mode 100644 docs/development/evidence/side-return-journey/run2/source/files/captures/shot-flare-right.png
 create mode 100644 docs/development/evidence/side-return-journey/run2/source/files/captures/slash-arc.png
 create mode 100644 docs/development/evidence/side-return-journey/run2/source/files/data/campaign/registry.json
 create mode 100644 docs/development/evidence/side-return-journey/run2/source/files/data/design/difficulty_profiles.json
 create mode 100644 docs/development/evidence/side-return-journey/run2/source/files/data/design/player_equipment.json
 create mode 100644 docs/development/evidence/side-return-journey/run2/source/files/docs/concept-art/act1/generated-manifest.json
 create mode 100644 docs/development/evidence/side-return-journey/run2/source/files/docs/concept-art/act2/generated-manifest.json
 create mode 100644 docs/development/evidence/side-return-journey/run2/source/files/docs/concept-art/act3/generated-manifest.json
 create mode 100644 docs/development/evidence/side-return-journey/run2/source/files/docs/reference-library/act1/CREDITS.md
 create mode 100644 docs/development/evidence/side-return-journey/run2/source/files/docs/reference-library/act2/CREDITS.md
 create mode 100644 docs/development/evidence/side-return-journey/run2/source/files/docs/reference-library/act3/research/SOURCES.md
 create mode 100644 docs/development/evidence/side-return-journey/run2/source/files/project.godot
 create mode 100644 docs/development/evidence/side-return-journey/run2/source/files/scenes/campaign_main.tscn
 create mode 100644 docs/development/evidence/side-return-journey/run2/source/files/scenes/lab_arena.tscn
 create mode 100644 docs/development/evidence/side-return-journey/run2/source/files/scenes/player.tscn
 create mode 100644 docs/development/evidence/side-return-journey/run2/source/files/scenes/practice_target.tscn
 create mode 100644 docs/development/evidence/side-return-journey/run2/source/files/scripts/attack_footprint.gd
 create mode 100644 docs/development/evidence/side-return-journey/run2/source/files/scripts/attack_footprint.gd.uid
 create mode 100644 docs/development/evidence/side-return-journey/run2/source/files/scripts/campaign/attempts.gd
 create mode 100644 docs/development/evidence/side-return-journey/run2/source/files/scripts/campaign/attempts.gd.uid
 create mode 100644 docs/development/evidence/side-return-journey/run2/source/files/scripts/campaign/exact_json.gd
 create mode 100644 docs/development/evidence/side-return-journey/run2/source/files/scripts/campaign/exact_json.gd.uid
 create mode 100644 docs/development/evidence/side-return-journey/run2/source/files/scripts/campaign/level.gd
 create mode 100644 docs/development/evidence/side-return-journey/run2/source/files/scripts/campaign/level.gd.uid
 create mode 100644 docs/development/evidence/side-return-journey/run2/source/files/scripts/campaign/registry.gd
 create mode 100644 docs/development/evidence/side-return-journey/run2/source/files/scripts/campaign/registry.gd.uid
 create mode 100644 docs/development/evidence/side-return-journey/run2/source/files/scripts/campaign/save_store.gd
 create mode 100644 docs/development/evidence/side-return-journey/run2/source/files/scripts/campaign/save_store.gd.uid
 create mode 100644 docs/development/evidence/side-return-journey/run2/source/files/scripts/campaign/shell.gd
 create mode 100644 docs/development/evidence/side-return-journey/run2/source/files/scripts/campaign/shell.gd.uid
 create mode 100644 docs/development/evidence/side-return-journey/run2/source/files/scripts/campaign/snapshot_codec.gd
 create mode 100644 docs/development/evidence/side-return-journey/run2/source/files/scripts/campaign/snapshot_codec.gd.uid
 create mode 100644 docs/development/evidence/side-return-journey/run2/source/files/scripts/character/player_presentations.gd
 create mode 100644 docs/development/evidence/side-return-journey/run2/source/files/scripts/character/player_presentations.gd.uid
 create mode 100644 docs/development/evidence/side-return-journey/run2/source/files/scripts/combat/difficulty.gd
 create mode 100644 docs/development/evidence/side-return-journey/run2/source/files/scripts/combat/difficulty.gd.uid
 create mode 100644 docs/development/evidence/side-return-journey/run2/source/files/scripts/curling_smoke.gd
 create mode 100644 docs/development/evidence/side-return-journey/run2/source/files/scripts/curling_smoke.gd.uid
 create mode 100644 docs/development/evidence/side-return-journey/run2/source/files/scripts/dev/dev.py
 create mode 100644 docs/development/evidence/side-return-journey/run2/source/files/scripts/effects.gd
 create mode 100644 docs/development/evidence/side-return-journey/run2/source/files/scripts/effects.gd.uid
 create mode 100644 docs/development/evidence/side-return-journey/run2/source/files/scripts/enemy.gd
 create mode 100644 docs/development/evidence/side-return-journey/run2/source/files/scripts/enemy.gd.uid
 create mode 100644 docs/development/evidence/side-return-journey/run2/source/files/scripts/equipment.gd
 create mode 100644 docs/development/evidence/side-return-journey/run2/source/files/scripts/equipment.gd.uid
 create mode 100644 docs/development/evidence/side-return-journey/run2/source/files/scripts/game.gd
 create mode 100644 docs/development/evidence/side-return-journey/run2/source/files/scripts/game.gd.uid
 create mode 100644 docs/development/evidence/side-return-journey/run2/source/files/scripts/hud.gd
 create mode 100644 docs/development/evidence/side-return-journey/run2/source/files/scripts/hud.gd.uid
 create mode 100644 docs/development/evidence/side-return-journey/run2/source/files/scripts/lab_bench.gd
 create mode 100644 docs/development/evidence/side-return-journey/run2/source/files/scripts/lab_bench.gd.uid
 create mode 100644 docs/development/evidence/side-return-journey/run2/source/files/scripts/pixel_sprite.gd
 create mode 100644 docs/development/evidence/side-return-journey/run2/source/files/scripts/pixel_sprite.gd.uid
 create mode 100644 docs/development/evidence/side-return-journey/run2/source/files/scripts/player.gd
 create mode 100644 docs/development/evidence/side-return-journey/run2/source/files/scripts/player.gd.uid
 create mode 100644 docs/development/evidence/side-return-journey/run2/source/files/scripts/practice_target.gd
 create mode 100644 docs/development/evidence/side-return-journey/run2/source/files/scripts/practice_target.gd.uid
 create mode 100644 docs/development/evidence/side-return-journey/run2/source/files/scripts/presentation/camera_framing.gd
 create mode 100644 docs/development/evidence/side-return-journey/run2/source/files/scripts/presentation/camera_framing.gd.uid
 create mode 100644 docs/development/evidence/side-return-journey/run2/source/files/scripts/settings/game_settings.gd
 create mode 100644 docs/development/evidence/side-return-journey/run2/source/files/scripts/settings/game_settings.gd.uid
 create mode 100644 docs/development/evidence/side-return-journey/run2/source/files/scripts/shotgun_flare.gd
 create mode 100644 docs/development/evidence/side-return-journey/run2/source/files/scripts/shotgun_flare.gd.uid
 create mode 100644 docs/development/evidence/side-return-journey/run2/source/files/scripts/ui/campaign_menu.gd
 create mode 100644 docs/development/evidence/side-return-journey/run2/source/files/scripts/ui/campaign_menu.gd.uid
 create mode 100644 docs/development/evidence/side-return-journey/run2/source/files/scripts/weapon_pickup.gd
 create mode 100644 docs/development/evidence/side-return-journey/run2/source/files/scripts/weapon_pickup.gd.uid
 create mode 100644 docs/development/evidence/side-return-journey/run2/source/files/tests/campaign_shell_smoke.gd
 create mode 100644 docs/development/evidence/side-return-journey/run2/source/files/tests/campaign_shell_smoke.gd.uid
 create mode 100644 docs/development/evidence/side-return-journey/run2/source/files/tests/fixtures/campaign/live_a1_l3.tscn
 create mode 100644 docs/development/evidence/side-return-journey/run2/source/files/tests/fixtures/campaign/live_a3_l5.tscn
 create mode 100644 docs/development/evidence/side-return-journey/run2/source/files/tests/fixtures/campaign/live_level.gd
 create mode 100644 docs/development/evidence/side-return-journey/run2/source/files/tests/fixtures/campaign/live_level.gd.uid
 create mode 100644 docs/development/evidence/side-return-journey/run2/source/manifest.json
 create mode 100644 docs/development/evidence/side-return-journey/run2/wrapper.log
 create mode 100644 tests/lane_parent_presentation_smoke.gd
