id,record_type,title,category,subcategory,kind,canon_status,description,game_adaptation,chapter_refs,source_ids,entity_ids,artwork_ids,design_id,canonical_basis_ids,tags,notes,local_path,status,file_exists,sha256,file_bytes,width,height
C01,entity,Unnamed narrator,characters,principal_human,,novel_fact,"A philosophical writer living in Maybury witnesses the first cylinder, escapes fighting, survives confinement with the curate, and eventually returns to his wife. His account combines observation, reconstruction and later speculation.",A witness or framing voice; the game player need not be a literal version of him.,"[{""label"": ""Book I, Chapter 1: The Eve of the War"", ""book"": ""I"", ""chapter"": ""1"", ""title"": ""The Eve of the War"", ""note"": """"}, {""label"": ""Book I, Chapter 4: The Cylinder Opens"", ""book"": ""I"", ""chapter"": ""4"", ""title"": ""The Cylinder Opens"", ""note"": """"}, {""label"": ""Book I, Chapter 9: The Fighting Begins"", ""book"": ""I"", ""chapter"": ""9"", ""title"": ""The Fighting Begins"", ""note"": """"}, {""label"": ""Book I, Chapter 12: What I Saw of the Destruction of Weybridge and Shepperton"", ""book"": ""I"", ""chapter"": ""12"", ""title"": ""What I Saw of the Destruction of Weybridge and Shepperton"", ""note"": """"}, {""label"": ""Book II, Chapter 1: Under Foot"", ""book"": ""II"", ""chapter"": ""1"", ""title"": ""Under Foot"", ""note"": """"}, {""label"": ""Book II, Chapter 7: The Man on Putney Hill"", ""book"": ""II"", ""chapter"": ""7"", ""title"": ""The Man on Putney Hill"", ""note"": """"}, {""label"": ""Book II, Chapter 8: Dead London"", ""book"": ""II"", ""chapter"": ""8"", ""title"": ""Dead London"", ""note"": """"}, {""label"": ""Book II, Chapter 9: Wreckage"", ""book"": ""II"", ""chapter"": ""9"", ""title"": ""Wreckage"", ""note"": """"}, {""label"": ""Book II, Chapter 10: The Epilogue"", ""book"": ""II"", ""chapter"": ""10"", ""title"": ""The Epilogue"", ""note"": """"}]","[""S01"", ""S02""]",,"[""G01"", ""G15""]",,[],"[""principal"", ""witness"", ""writer"", ""unnamed""]",No personal name is given. His opinions and interpretations are not automatically omniscient facts.,,,,,,,
C02,entity,Narrator’s wife,characters,principal_human,,novel_fact,"She believes the narrator’s account, flees with him to Leatherhead, becomes separated from him, and survives to reunite at their Maybury home.","A human reason to keep moving, portrayed through a departure and reunion tableau.","[{""label"": ""Book I, Chapter 1: The Eve of the War"", ""book"": ""I"", ""chapter"": ""1"", ""title"": ""The Eve of the War"", ""note"": """"}, {""label"": ""Book I, Chapter 7: How I Reached Home"", ""book"": ""I"", ""chapter"": ""7"", ""title"": ""How I Reached Home"", ""note"": """"}, {""label"": ""Book I, Chapter 9: The Fighting Begins"", ""book"": ""I"", ""chapter"": ""9"", ""title"": ""The Fighting Begins"", ""note"": """"}, {""label"": ""Book I, Chapter 10: In the Storm"", ""book"": ""I"", ""chapter"": ""10"", ""title"": ""In the Storm"", ""note"": """"}, {""label"": ""Book II, Chapter 1: Under Foot"", ""book"": ""II"", ""chapter"": ""1"", ""title"": ""Under Foot"", ""note"": """"}, {""label"": ""Book II, Chapter 9: Wreckage"", ""book"": ""II"", ""chapter"": ""9"", ""title"": ""Wreckage"", ""note"": """"}, {""label"": ""Book II, Chapter 10: The Epilogue"", ""book"": ""II"", ""chapter"": ""10"", ""title"": ""The Epilogue"", ""note"": """"}]","[""S01"", ""S02""]",,"[""G01"", ""G15""]",,[],"[""principal"", ""civilian"", ""family"", ""unnamed""]",She is unnamed. Reports that everyone in Leatherhead died prove insufficient to establish her fate.,,,,,,,
C03,entity,Narrator’s younger brother,characters,principal_human,,novel_fact,"An unnamed medical student in London escapes northward, protects the Elphinstone women, and boards a steamer during the Thunder Child battle.",A parallel evacuation viewpoint or optional rescue vignette; supports experienced human agency.,"[{""label"": ""Book I, Chapter 14: In London"", ""book"": ""I"", ""chapter"": ""14"", ""title"": ""In London"", ""note"": """"}, {""label"": ""Book I, Chapter 16: The Exodus from London"", ""book"": ""I"", ""chapter"": ""16"", ""title"": ""The Exodus from London"", ""note"": """"}, {""label"": ""Book I, Chapter 17: The “Thunder Child”"", ""book"": ""I"", ""chapter"": ""17"", ""title"": ""The “Thunder Child”"", ""note"": """"}]","[""S01"", ""S02""]",,"[""G01""]",,[],"[""principal"", ""student"", ""evacuation"", ""unnamed""]","He is an expert boxer, but his claim of being an expert revolver shot is a confidence-building bluff.",,,,,,,
C04,entity,The artilleryman,characters,principal_human,,novel_fact,"A surviving artillery driver recounts the destruction near Horsell, accompanies the narrator briefly, and later imagines an underground human resistance while doing little practical work.",An ally and unreliable survival planner; his cellar can anchor an optional level.,"[{""label"": ""Book I, Chapter 11: At the Window"", ""book"": ""I"", ""chapter"": ""11"", ""title"": ""At the Window"", ""note"": """"}, {""label"": ""Book I, Chapter 12: What I Saw of the Destruction of Weybridge and Shepperton"", ""book"": ""I"", ""chapter"": ""12"", ""title"": ""What I Saw of the Destruction of Weybridge and Shepperton"", ""note"": """"}, {""label"": ""Book II, Chapter 7: The Man on Putney Hill"", ""book"": ""II"", ""chapter"": ""7"", ""title"": ""The Man on Putney Hill"", ""note"": """"}]","[""S01"", ""S02""]",,"[""G01""]",,[],"[""principal"", ""soldier"", ""survivor"", ""unreliable"", ""unnamed""]","He is unnamed. His human-breeding and captured-machine schemes are conjecture, not future events established by the novel.",,,,,,,
C05,entity,The curate,characters,principal_human,,novel_fact,"A young clergyman from Weybridge is psychologically overwhelmed by the invasion. Confined with the narrator, he becomes disruptive; the narrator strikes him before a handling-machine removes him.","A vulnerable civilian and source of claustrophobic tension, rather than a required human boss.","[{""label"": ""Book I, Chapter 13: How I Fell in with the Curate"", ""book"": ""I"", ""chapter"": ""13"", ""title"": ""How I Fell in with the Curate"", ""note"": """"}, {""label"": ""Book I, Chapter 15: What Had Happened in Surrey"", ""book"": ""I"", ""chapter"": ""15"", ""title"": ""What Had Happened in Surrey"", ""note"": """"}, {""label"": ""Book II, Chapter 1: Under Foot"", ""book"": ""II"", ""chapter"": ""1"", ""title"": ""Under Foot"", ""note"": """"}, {""label"": ""Book II, Chapter 3: The Days of Imprisonment"", ""book"": ""II"", ""chapter"": ""3"", ""title"": ""The Days of Imprisonment"", ""note"": """"}, {""label"": ""Book II, Chapter 4: The Death of the Curate"", ""book"": ""II"", ""chapter"": ""4"", ""title"": ""The Death of the Curate"", ""note"": """"}, {""label"": ""Book II, Chapter 7: The Man on Putney Hill"", ""book"": ""II"", ""chapter"": ""7"", ""title"": ""The Man on Putney Hill"", ""note"": """"}]","[""S01"", ""S02""]",,"[""G01""]",,[],"[""principal"", ""clergy"", ""trauma"", ""unnamed""]",He is unnamed. The precise contribution of the blow and Martian removal to his death cannot be directly separated by the surviving witness.,,,,,,,
C06,entity,Ogilvy,characters,named_human,,novel_fact,"The astronomer invites the narrator to observe Mars, finds the first cylinder, organizes excavation, and joins the white-flag deputation killed by the Heat-Ray.",A scientist silhouette in the first level’s doomed normal world.,"[{""label"": ""Book I, Chapter 1: The Eve of the War"", ""book"": ""I"", ""chapter"": ""1"", ""title"": ""The Eve of the War"", ""note"": """"}, {""label"": ""Book I, Chapter 2: The Falling Star"", ""book"": ""I"", ""chapter"": ""2"", ""title"": ""The Falling Star"", ""note"": """"}, {""label"": ""Book I, Chapter 3: On Horsell Common"", ""book"": ""I"", ""chapter"": ""3"", ""title"": ""On Horsell Common"", ""note"": """"}, {""label"": ""Book I, Chapter 4: The Cylinder Opens"", ""book"": ""I"", ""chapter"": ""4"", ""title"": ""The Cylinder Opens"", ""note"": """"}, {""label"": ""Book I, Chapter 5: The Heat-Ray"", ""book"": ""I"", ""chapter"": ""5"", ""title"": ""The Heat-Ray"", ""note"": """"}, {""label"": ""Book I, Chapter 6: The Heat-Ray in the Chobham Road"", ""book"": ""I"", ""chapter"": ""6"", ""title"": ""The Heat-Ray in the Chobham Road"", ""note"": """"}, {""label"": ""Book I, Chapter 9: The Fighting Begins"", ""book"": ""I"", ""chapter"": ""9"", ""title"": ""The Fighting Begins"", ""note"": """"}]","[""S01"", ""S02""]",,"[""G01"", ""G13""]",,[],"[""named"", ""astronomer"", ""first_contact""]",His confident dismissal of manlike Martians does not prevent his later effort to help the perceived occupants.,,,,,,,
C07,entity,Henderson,characters,named_human,,novel_fact,"A London journalist living near Woking helps Ogilvy examine the cylinder, telegraphs the news, and joins the fatal deputation. He is deaf in one ear.",A press witness or newspaper prop connection in Horsell Common.,"[{""label"": ""Book I, Chapter 2: The Falling Star"", ""book"": ""I"", ""chapter"": ""2"", ""title"": ""The Falling Star"", ""note"": """"}, {""label"": ""Book I, Chapter 3: On Horsell Common"", ""book"": ""I"", ""chapter"": ""3"", ""title"": ""On Horsell Common"", ""note"": """"}, {""label"": ""Book I, Chapter 5: The Heat-Ray"", ""book"": ""I"", ""chapter"": ""5"", ""title"": ""The Heat-Ray"", ""note"": """"}, {""label"": ""Book I, Chapter 6: The Heat-Ray in the Chobham Road"", ""book"": ""I"", ""chapter"": ""6"", ""title"": ""The Heat-Ray in the Chobham Road"", ""note"": """"}, {""label"": ""Book I, Chapter 8: Friday Night"", ""book"": ""I"", ""chapter"": ""8"", ""title"": ""Friday Night"", ""note"": """"}]","[""S01"", ""S02""]",,"[""G01""]",,[],"[""named"", ""journalist"", ""first_contact""]",The paper’s later inability to authenticate his wire illustrates how disbelief delays the news.,,,,,,,
C08,entity,"Stent, the Astronomer Royal",characters,named_human,,novel_fact,A tall fair-haired astronomer directs the workmen and tries to manage the spectators before joining the fatal deputation.,"A distinct authoritative civilian at the pit, with workman and flag staging.","[{""label"": ""Book I, Chapter 3: On Horsell Common"", ""book"": ""I"", ""chapter"": ""3"", ""title"": ""On Horsell Common"", ""note"": """"}, {""label"": ""Book I, Chapter 4: The Cylinder Opens"", ""book"": ""I"", ""chapter"": ""4"", ""title"": ""The Cylinder Opens"", ""note"": """"}, {""label"": ""Book I, Chapter 5: The Heat-Ray"", ""book"": ""I"", ""chapter"": ""5"", ""title"": ""The Heat-Ray"", ""note"": """"}, {""label"": ""Book I, Chapter 6: The Heat-Ray in the Chobham Road"", ""book"": ""I"", ""chapter"": ""6"", ""title"": ""The Heat-Ray in the Chobham Road"", ""note"": """"}]","[""S01"", ""S02""]",,"[""G01""]",,[],"[""named"", ""astronomer"", ""authority""]","This Stent is a character in the novel, not a reason to claim he was the historical Astronomer Royal.",,,,,,,
C09,entity,Miss Elphinstone,characters,named_human,,novel_fact,"The surgeon’s younger sister is a dark, slender woman who fights robbers with a whip, returns with a revolver to help the brother, and makes deliberate decisions during flight.","A competent friendly survivor; her whip, reins and determined stance distinguish her from passive crowd silhouettes.","[{""label"": ""Book I, Chapter 16: The Exodus from London"", ""book"": ""I"", ""chapter"": ""16"", ""title"": ""The Exodus from London"", ""note"": """"}, {""label"": ""Book I, Chapter 17: The “Thunder Child”"", ""book"": ""I"", ""chapter"": ""17"", ""title"": ""The “Thunder Child”"", ""note"": """"}]","[""S01"", ""S02""]",,"[""G02""]",,[],"[""named"", ""civilian"", ""agency"", ""evacuation""]",No first name is supplied; she is not the surgeon’s wife.,,,,,,,
C10,entity,Mrs. Elphinstone,characters,named_human,,novel_fact,"The surgeon’s wife, dressed in white, is frightened and wants to return to the security of Stanmore and her husband George.",A contrasting civilian emotional response in evacuation scenes.,"[{""label"": ""Book I, Chapter 16: The Exodus from London"", ""book"": ""I"", ""chapter"": ""16"", ""title"": ""The Exodus from London"", ""note"": """"}, {""label"": ""Book I, Chapter 17: The “Thunder Child”"", ""book"": ""I"", ""chapter"": ""17"", ""title"": ""The “Thunder Child”"", ""note"": """"}]","[""S01"", ""S02""]",,"[""G02""]",,[],"[""named"", ""civilian"", ""evacuation""]",Fear does not make her an enemy. The brother and Miss Elphinstone remain responsible for her safety.,,,,,,,
C11,entity,George Elphinstone,characters,offstage_named_human,,novel_fact,"The Stanmore surgeon returns from attending a case at Pinner, warns the women, provides supplies and a revolver, and stays to notify neighbours. They never see him catch up within the told escape.","A background letter, packed chaise or absent-person motif.","[{""label"": ""Book I, Chapter 16: The Exodus from London"", ""book"": ""I"", ""chapter"": ""16"", ""title"": ""The Exodus from London"", ""note"": """"}, {""label"": ""Book I, Chapter 17: The “Thunder Child”"", ""book"": ""I"", ""chapter"": ""17"", ""title"": ""The “Thunder Child”"", ""note"": """"}]","[""S01"", ""S02""]",,[],,[],"[""named"", ""offstage"", ""surgeon"", ""missing""]",George is the name Mrs. Elphinstone calls; his ultimate fate is not resolved in this account.,,,,,,,
C12,entity,Leatherhead cousins / cousin,characters,supporting_human,,novel_fact,Relatives provide refuge at Leatherhead; the narrator worries that his cousin is brave but slow to recognize danger. A cousin accompanies the wife when she returns to Maybury.,A refuge contact and final reunion figure.,"[{""label"": ""Book I, Chapter 9: The Fighting Begins"", ""book"": ""I"", ""chapter"": ""9"", ""title"": ""The Fighting Begins"", ""note"": """"}, {""label"": ""Book I, Chapter 10: In the Storm"", ""book"": ""I"", ""chapter"": ""10"", ""title"": ""In the Storm"", ""note"": """"}, {""label"": ""Book II, Chapter 1: Under Foot"", ""book"": ""II"", ""chapter"": ""1"", ""title"": ""Under Foot"", ""note"": """"}, {""label"": ""Book II, Chapter 9: Wreckage"", ""book"": ""II"", ""chapter"": ""9"", ""title"": ""Wreckage"", ""note"": """"}]","[""S01"", ""S02""]",,"[""G02""]",,[],"[""family"", ""refuge"", ""unnamed""]",The text refers to her cousins and later my cousin; do not invent a full family tree or first names.,,,,,,,
C13,entity,Narrator’s servant,characters,supporting_human,,novel_fact,The household servant escapes with the couple in the dog cart and insists on bringing her box.,A civilian evacuation figure with a small trunk or box prop.,"[{""label"": ""Book I, Chapter 9: The Fighting Begins"", ""book"": ""I"", ""chapter"": ""9"", ""title"": ""The Fighting Begins"", ""note"": """"}, {""label"": ""Book I, Chapter 10: In the Storm"", ""book"": ""I"", ""chapter"": ""10"", ""title"": ""In the Storm"", ""note"": """"}]","[""S01"", ""S02""]",,"[""G02""]",,[],"[""servant"", ""civilian"", ""unnamed""]",She is unnamed and not followed to a separately resolved ending.,,,,,,,
C14,entity,Landlord of the Spotted Dog,characters,supporting_human,,novel_fact,The publican lends the narrator a horse and dog cart for two pounds. The narrator later discovers his body near Maybury and finally finds that it has been buried.,A human-scale loss attached to an ordinary borrowed vehicle.,"[{""label"": ""Book I, Chapter 9: The Fighting Begins"", ""book"": ""I"", ""chapter"": ""9"", ""title"": ""The Fighting Begins"", ""note"": """"}, {""label"": ""Book I, Chapter 10: In the Storm"", ""book"": ""I"", ""chapter"": ""10"", ""title"": ""In the Storm"", ""note"": """"}, {""label"": ""Book II, Chapter 9: Wreckage"", ""book"": ""II"", ""chapter"": ""9"", ""title"": ""Wreckage"", ""note"": """"}]","[""S01"", ""S02""]",,"[""G02""]",,[],"[""publican"", ""casualty"", ""unnamed""]",His exact killer is not witnessed; do not stage an invented canonical execution.,,,,,,,
C15,entity,Gardening neighbour and his wife,characters,supporting_human_pair,,novel_fact,An optimistic neighbour shares strawberries and expects the military to handle the invaders. He and his wife subsequently leave for London and lock their home.,A normal-life garden vignette before destruction.,"[{""label"": ""Book I, Chapter 9: The Fighting Begins"", ""book"": ""I"", ""chapter"": ""9"", ""title"": ""The Fighting Begins"", ""note"": """"}]","[""S01"", ""S02""]",,"[""G02""]",,[],"[""neighbours"", ""civilian"", ""normality"", ""unnamed""]",Do not automatically merge this man with the unnamed horrified neighbour at the cylinder.,,,,,,,
C16,entity,Gregg the butcher and his little boy,characters,named_human_pair,,novel_fact,Gregg and his son are identified among the early spectators around the cylinder.,A butcher’s apron and child silhouette for the curiosity crowd.,"[{""label"": ""Book I, Chapter 3: On Horsell Common"", ""book"": ""I"", ""chapter"": ""3"", ""title"": ""On Horsell Common"", ""note"": """"}]","[""S01"", ""S02""]",,[],,[],"[""named"", ""butcher"", ""child"", ""incidental""]",Only Gregg’s surname is supplied; their later fates are not narrated.,,,,,,,
C17,entity,Lord Hilton,characters,offstage_named_human,,novel_fact,"The lord of the manor is sought for help fencing and controlling the pit. He is absent when the narrator visits, and expected by train from London.","A manor reference or administrative notice, not a principal combat actor.","[{""label"": ""Book I, Chapter 3: On Horsell Common"", ""book"": ""I"", ""chapter"": ""3"", ""title"": ""On Horsell Common"", ""note"": """"}]","[""S01"", ""S02""]",,[],,[],"[""named"", ""offstage"", ""landowner""]",The attempted errand does not become a developed meeting in the narrative.,,,,,,,
C18,entity,"Marshall, the tobacconist",characters,named_human,,novel_fact,The Woking tobacconist tells the narrator his son is among the dead on the common.,A grief-bearing civilian distinct from anonymous fleeing crowds.,"[{""label"": ""Book I, Chapter 9: The Fighting Begins"", ""book"": ""I"", ""chapter"": ""9"", ""title"": ""The Fighting Begins"", ""note"": """"}]","[""S01"", ""S02""]",,[],,[],"[""named"", ""shopkeeper"", ""grief""]",No detailed appearance or eventual fate is supplied.,,,,,,,
C19,entity,Marshall’s son,characters,offstage_human,,novel_fact,The tobacconist’s son is reported killed on the common.,An absent casualty acknowledged through Marshall.,"[{""label"": ""Book I, Chapter 9: The Fighting Begins"", ""book"": ""I"", ""chapter"": ""9"", ""title"": ""The Fighting Begins"", ""note"": """"}]","[""S01"", ""S02""]",,[],,[],"[""offstage"", ""casualty"", ""unnamed""]","He has no first name, dialogue, or independently witnessed death scene.",,,,,,,
C20,entity,Snippy and the sapper discussion,characters,named_human_group,,novel_fact,"Sappers under the railway bridge debate rushing the pit, digging trenches, and shelling the Martians. One is addressed as Snippy; another is a small dark pipe smoker.",A small friendly military group whose confident tactics contrast with unknown technology.,"[{""label"": ""Book I, Chapter 9: The Fighting Begins"", ""book"": ""I"", ""chapter"": ""9"", ""title"": ""The Fighting Begins"", ""note"": """"}]","[""S01"", ""S02""]",,"[""G03""]",,[],"[""named"", ""sappers"", ""soldiers"", ""incidental""]","Snippy is a nickname or form of address, not a developed separate biography.",,,,,,,
C21,entity,Major Eden,characters,offstage_named_human,,novel_fact,An officer from Inkerman barracks is reported missing after visiting the common.,A military report entry rather than an invented miniboss.,"[{""label"": ""Book I, Chapter 8: Friday Night"", ""book"": ""I"", ""chapter"": ""8"", ""title"": ""Friday Night"", ""note"": """"}]","[""S01"", ""S02""]",,[],,[],"[""named"", ""offstage"", ""military"", ""missing""]","The text reports disappearance, not a witnessed death.",,,,,,,
C22,entity,Brigadier-General Marvin,characters,offstage_named_human,,novel_fact,"The hussar lieutenant directs the artilleryman to report to Marvin, said to be at Weybridge.",A distant chain-of-command reference.,"[{""label"": ""Book I, Chapter 12: What I Saw of the Destruction of Weybridge and Shepperton"", ""book"": ""I"", ""chapter"": ""12"", ""title"": ""What I Saw of the Destruction of Weybridge and Shepperton"", ""note"": """"}]","[""S01"", ""S02""]",,[],,[],"[""named"", ""offstage"", ""military""]",The narrator does not meet him in the scene; do not assign a canonical uniform design beyond period research.,,,,,,,
C23,entity,"Lord Garrick, the Chief Justice",characters,named_human,,novel_fact,"A dying man on a white stretcher is identified by an attendant as Lord Garrick, the Chief Justice, during the Barnet exodus.",A striking collapse-of-status evacuation tableau.,"[{""label"": ""Book I, Chapter 16: The Exodus from London"", ""book"": ""I"", ""chapter"": ""16"", ""title"": ""The Exodus from London"", ""note"": """"}]","[""S01"", ""S02""]",,[],,[],"[""named"", ""authority"", ""evacuation"", ""casualty""]",His title and condition are reported within the scene; he is not a historical officeholder verification claim.,,,,,,,
C24,entity,Ellen and her mother,characters,named_human_pair,,novel_fact,"A lost child of eight or nine collapses crying under a hedge; the brother lifts her, and she runs to her mother when called by name.",A short reunion vignette among crowds.,"[{""label"": ""Book I, Chapter 16: The Exodus from London"", ""book"": ""I"", ""chapter"": ""16"", ""title"": ""The Exodus from London"", ""note"": """"}]","[""S01"", ""S02""]",,[],,[],"[""named"", ""child"", ""civilian"", ""reunion""]",Ellen is the child’s name; the mother is unnamed.,,,,,,,
C25,entity,Thomas Lobb,characters,inscription_named_human,,novel_fact,A wrecked greengrocer’s cart bears Thomas Lobb’s name and a New Malden address.,A readable environmental prop and ordinary livelihood clue.,"[{""label"": ""Book II, Chapter 7: The Man on Putney Hill"", ""book"": ""II"", ""chapter"": ""7"", ""title"": ""The Man on Putney Hill"", ""note"": """"}]","[""S01"", ""S02""]",,[],,[],"[""named"", ""offstage"", ""inscription"", ""greengrocer""]",The named owner never appears; do not treat the inscription as an onstage character.,,,,,,,
C26,entity,Professor Howes,characters,offstage_named_human,,novel_fact,An anatomist is credited with naming the Martians’ tentacle bundles hands.,A postwar specimen annotation or research appendix reference.,"[{""label"": ""Book II, Chapter 2: What We Saw from the Ruined House"", ""book"": ""II"", ""chapter"": ""2"", ""title"": ""What We Saw from the Ruined House"", ""note"": """"}]","[""S01"", ""S02""]",,[],,[],"[""named"", ""offstage"", ""anatomy"", ""scholar""]",The novel’s attribution is the relevant fact; no meeting is narrated.,,,,,,,
C27,entity,Philips,characters,offstage_named_human,,novel_fact,Philips is cited for a claim that blue and violet appear black to Martians.,A research attribution only.,"[{""label"": ""Book II, Chapter 2: What We Saw from the Ruined House"", ""book"": ""II"", ""chapter"": ""2"", ""title"": ""What We Saw from the Ruined House"", ""note"": """"}]","[""S01"", ""S02""]",,[],,[],"[""named"", ""offstage"", ""scholar"", ""vision""]","This is attributed evidence in a fictional account, not a player-facing license to hide warnings in those colours.",,,,,,,
C28,entity,Carver,characters,offstage_named_human,,novel_fact,Carver’s explanation for the Martians’ rapid death is endorsed as highly probable by the narrator.,A coda research note connecting the ending to microbial susceptibility.,"[{""label"": ""Book II, Chapter 10: The Epilogue"", ""book"": ""II"", ""chapter"": ""10"", ""title"": ""The Epilogue"", ""note"": """"}]","[""S01"", ""S02""]",,[],,[],"[""named"", ""offstage"", ""scholar"", ""microbes""]",The epilogue explicitly retains uncertainty about the precise scientific explanation.,,,,,,,
C29,entity,Lessing,characters,offstage_named_human,,novel_fact,Lessing advances reasons to suppose the Martians landed on Venus.,A distant postwar hypothesis or unresolved epilogue reference.,"[{""label"": ""Book II, Chapter 10: The Epilogue"", ""book"": ""II"", ""chapter"": ""10"", ""title"": ""The Epilogue"", ""note"": """"}]","[""S01"", ""S02""]",,[],,[],"[""named"", ""offstage"", ""scholar"", ""hypothesis""]",A Venus colony is not shown as a witnessed fact.,,,,,,,
C30,entity,Markham,characters,offstage_named_human,,novel_fact,An illustrated-paper editor is pleased to obtain a new photograph of Mars before the invasion.,A newspaper and astronomical photography prop reference.,"[{""label"": ""Book I, Chapter 1: The Eve of the War"", ""book"": ""I"", ""chapter"": ""1"", ""title"": ""The Eve of the War"", ""note"": """"}]","[""S01"", ""S02""]",,[],,[],"[""named"", ""offstage"", ""editor"", ""normality""]",No later role or fate is given.,,,,,,,
C31,entity,Lavelle of Java,characters,offstage_named_human,,novel_fact,An astronomer reports incandescent gas on Mars through the astronomical exchange.,An observatory telegram reference.,"[{""label"": ""Book I, Chapter 1: The Eve of the War"", ""book"": ""I"", ""chapter"": ""1"", ""title"": ""The Eve of the War"", ""note"": """"}]","[""S01"", ""S02""]",,[],,[],"[""named"", ""offstage"", ""astronomer""]",Treat the report as the novel’s in-world astronomy rather than current scientific knowledge.,,,,,,,
C32,entity,Albin,characters,offstage_named_human,,novel_fact,Albin describes the first falling projectile as leaving a lingering greenish streak.,A meteor report attribution.,"[{""label"": ""Book I, Chapter 2: The Falling Star"", ""book"": ""I"", ""chapter"": ""2"", ""title"": ""The Falling Star"", ""note"": """"}]","[""S01"", ""S02""]",,[],,[],"[""named"", ""offstage"", ""observer""]",No appearance or wider biography is provided.,,,,,,,
C33,entity,Denning,characters,offstage_named_human,,novel_fact,The meteorite authority estimates the apparent altitude and fall position of the first projectile.,A period scientific news reference.,"[{""label"": ""Book I, Chapter 2: The Falling Star"", ""book"": ""I"", ""chapter"": ""2"", ""title"": ""The Falling Star"", ""note"": """"}]","[""S01"", ""S02""]",,[],,[],"[""named"", ""offstage"", ""astronomer""]",His calculation belongs to the fictional event.,,,,,,,
C34,entity,Schiaparelli,characters,historical_name_reference,,novel_fact,The opening names Schiaparelli among those who watched and mapped Mars without perceiving the invasion preparations.,"An optional historical annotation, not a dramatis-personae portrait requirement.","[{""label"": ""Book I, Chapter 1: The Eve of the War"", ""book"": ""I"", ""chapter"": ""1"", ""title"": ""The Eve of the War"", ""note"": """"}]","[""S01"", ""S02""]",,[],,[],"[""historical"", ""allusive"", ""astronomy""]","This is a real historical-name reference within the fiction, not an onstage character.",,,,,,,
C35,entity,Perrotin of Nice,characters,historical_name_reference,,novel_fact,Perrotin is named among observers of a light on Mars in the opening’s retrospective account.,An optional historical astronomy annotation.,"[{""label"": ""Book I, Chapter 1: The Eve of the War"", ""book"": ""I"", ""chapter"": ""1"", ""title"": ""The Eve of the War"", ""note"": """"}]","[""S01"", ""S02""]",,[],,[],"[""historical"", ""allusive"", ""astronomy""]",He does not enter the action; the surrounding invasion inference is fictional.,,,,,,,
C36,entity,Kepler,characters,epigraph_historical_reference,,novel_fact,Kepler is credited for the epigraph questioning whether humanity owns the worlds and whether everything was made for people.,A thematic research note.,"[{""label"": ""Book I, Chapter 1: The Eve of the War"", ""book"": ""I"", ""chapter"": ""1"", ""title"": ""The Eve of the War"", ""note"": """"}]","[""S01"", ""S02""]",,[],,[],"[""historical"", ""allusive"", ""epigraph""]","He is an epigraph reference, not a living character in the novel’s setting.",,,,,,,
C37,entity,Lilienthal,characters,historical_technology_reference,,novel_fact,Lilienthal’s soaring-machines are named among the human mechanical aids compared with Martian bodily extensions.,A background aviation-history pointer.,"[{""label"": ""Book II, Chapter 2: What We Saw from the Ruined House"", ""book"": ""II"", ""chapter"": ""2"", ""title"": ""What We Saw from the Ruined House"", ""note"": """"}]","[""S01"", ""S02""]",,[],,[],"[""historical"", ""allusive"", ""aviation""]",No Lilienthal appears in the story; the reference is to devices.,,,,,,,
C38,entity,Unnamed speculative writer of the Pall Mall Budget,characters,literary_allusion,,novel_fact,The narrator recalls an 1893 quasi-scientific article imagining human evolution toward brain and hand dominance.,"A note on Wells’s speculative ideas, outside the playable cast.","[{""label"": ""Book II, Chapter 2: What We Saw from the Ruined House"", ""book"": ""II"", ""chapter"": ""2"", ""title"": ""What We Saw from the Ruined House"", ""note"": """"}]","[""S01"", ""S02""]",,[],,[],"[""allusive"", ""offstage"", ""evolution""]",A likely self-allusion to Wells should be labelled interpretation; the novel does not name this writer.,,,,,,,
C39,entity,"Briareus, Samson, Sennacherib, Gorgons, Titans and the Angel of Death",characters,mythic_biblical_allusions,,novel_fact,"Classical and biblical names describe tentacles, immense machines, wrecked machinery, and the narrator’s first attempt to understand the sudden alien deaths.",An allusion index; optional composition ideas must remain metaphorical.,"[{""label"": ""Book I, Chapter 4: The Cylinder Opens"", ""book"": ""I"", ""chapter"": ""4"", ""title"": ""The Cylinder Opens"", ""note"": """"}, {""label"": ""Book I, Chapter 11: At the Window"", ""book"": ""I"", ""chapter"": ""11"", ""title"": ""At the Window"", ""note"": """"}, {""label"": ""Book II, Chapter 4: The Death of the Curate"", ""book"": ""II"", ""chapter"": ""4"", ""title"": ""The Death of the Curate"", ""note"": """"}, {""label"": ""Book II, Chapter 8: Dead London"", ""book"": ""II"", ""chapter"": ""8"", ""title"": ""Dead London"", ""note"": """"}]","[""S01"", ""S02""]",,[],,[],"[""allusive"", ""mythic"", ""biblical"", ""non_cast""]","These are comparisons and belief-language, not literal monsters or bosses that appear in the plot.",,,,,,,
C40,entity,Tasmanians and European exterminators,characters,historical_collective_reference,,novel_fact,The opening compares Martian conquest to European colonial violence against Tasmanian people.,A critical thematic annotation about imperial reversal.,"[{""label"": ""Book I, Chapter 1: The Eve of the War"", ""book"": ""I"", ""chapter"": ""1"", ""title"": ""The Eve of the War"", ""note"": """"}, {""label"": ""Book I, Chapter 17: The “Thunder Child”"", ""book"": ""I"", ""chapter"": ""17"", ""title"": ""The “Thunder Child”"", ""note"": """"}]","[""S01"", ""S02""]",,[],,[],"[""historical"", ""colonialism"", ""allusive"", ""non_cast""]","This is the narrator’s historical analogy, with period racial assumptions; paraphrase critically rather than endorse or repeat them. The Goths and Huns are also invoked as historical crowd-scale comparisons in Book I, Chapter 17; they are not participants in this invasion.",,,,,,,
C41,entity,Waggoner met by Ogilvy,characters,incidental_human,,novel_fact,The first person Ogilvy tries to alert dismisses his excited story and drives on.,A disbelief vignette along the dawn road.,"[{""label"": ""Book I, Chapter 2: The Falling Star"", ""book"": ""I"", ""chapter"": ""2"", ""title"": ""The Falling Star"", ""note"": """"}]","[""S01"", ""S02""]",,[],,[],"[""incidental"", ""waggoner"", ""first_contact""]",Unnamed; no later fate is given.,,,,,,,
C42,entity,Potman at Horsell Bridge,characters,incidental_human,,novel_fact,A pub worker unlocking the doors mistakes Ogilvy for a lunatic and tries unsuccessfully to shut him in the taproom.,A small ordinary-life figure near the bridge.,"[{""label"": ""Book I, Chapter 2: The Falling Star"", ""book"": ""I"", ""chapter"": ""2"", ""title"": ""The Falling Star"", ""note"": """"}]","[""S01"", ""S02""]",,[],,[],"[""incidental"", ""public_house"", ""first_contact""]",He is distinct from the Spotted Dog’s landlord.,,,,,,,
C43,entity,Narrator’s newspaper boy,characters,incidental_human,,novel_fact,The boy first tells the narrator of dead men from Mars while delivering the Daily Chronicle; the narrator recalls him on returning home.,A recurring newspaper delivery silhouette.,"[{""label"": ""Book I, Chapter 2: The Falling Star"", ""book"": ""I"", ""chapter"": ""2"", ""title"": ""The Falling Star"", ""note"": """"}, {""label"": ""Book II, Chapter 9: Wreckage"", ""book"": ""II"", ""chapter"": ""9"", ""title"": ""Wreckage"", ""note"": """"}]","[""S01"", ""S02""]",,"[""G02""]",,[],"[""incidental"", ""news"", ""normality""]",Unnamed; do not confuse him with every later hawker.,,,,,,,
C44,entity,Cylinder excavation workmen,characters,incidental_human_group,,novel_fact,Several men with spades and pickaxes uncover the cylinder under Stent’s directions.,Friendly industrial labour silhouettes at the landing pit.,"[{""label"": ""Book I, Chapter 3: On Horsell Common"", ""book"": ""I"", ""chapter"": ""3"", ""title"": ""On Horsell Common"", ""note"": """"}]","[""S01"", ""S02""]",,[],,[],"[""workers"", ""excavation"", ""crowd""]",The group is catalogued by role; individual names and later outcomes are not supplied.,,,,,,,
C45,entity,Shop assistant pushed into the pit,characters,incidental_human,,novel_fact,"A young man, thought to be a Woking shop assistant, is pushed onto the cylinder by the crowd and fails to escape the pit before the narrator loses sight of him.","A danger-of-curiosity moment, handled as narrative staging.","[{""label"": ""Book I, Chapter 4: The Cylinder Opens"", ""book"": ""I"", ""chapter"": ""4"", ""title"": ""The Cylinder Opens"", ""note"": """"}, {""label"": ""Book I, Chapter 5: The Heat-Ray"", ""book"": ""I"", ""chapter"": ""5"", ""title"": ""The Heat-Ray"", ""note"": """"}]","[""S01"", ""S02""]",,[],,[],"[""incidental"", ""civilian"", ""crowd"", ""uncertain_identity""]",The narrator’s identification is tentative and his later fate is not directly followed.,,,,,,,
C46,entity,Sweet-stuff dealer and his barrow boy,characters,incidental_human_pair,,novel_fact,A Chobham Road vendor sends his son to sell green apples and ginger beer to spectators; a boy later trundles the barrow away.,"Reusable stall, bottle and handcart silhouettes.","[{""label"": ""Book I, Chapter 3: On Horsell Common"", ""book"": ""I"", ""chapter"": ""3"", ""title"": ""On Horsell Common"", ""note"": """"}, {""label"": ""Book I, Chapter 5: The Heat-Ray"", ""book"": ""I"", ""chapter"": ""5"", ""title"": ""The Heat-Ray"", ""note"": """"}]","[""S01"", ""S02""]",,[],,[],"[""incidental"", ""vendor"", ""child"", ""normality""]",The later barrow lad is a plausible connection but is not explicitly named as the same boy.,,,,,,,
C47,entity,Horsell spectators and stone-throwing boys,characters,incidental_human_group,,novel_fact,"Boys throw stones and play tag; cyclists, loafers, golf caddies, ladies, cabmen and other visitors treat the cylinder as a spectacle before terror disperses them.",A small varied friendly crowd rather than an enemy wave.,"[{""label"": ""Book I, Chapter 3: On Horsell Common"", ""book"": ""I"", ""chapter"": ""3"", ""title"": ""On Horsell Common"", ""note"": """"}, {""label"": ""Book I, Chapter 4: The Cylinder Opens"", ""book"": ""I"", ""chapter"": ""4"", ""title"": ""The Cylinder Opens"", ""note"": """"}, {""label"": ""Book I, Chapter 5: The Heat-Ray"", ""book"": ""I"", ""chapter"": ""5"", ""title"": ""The Heat-Ray"", ""note"": """"}, {""label"": ""Book I, Chapter 6: The Heat-Ray in the Chobham Road"", ""book"": ""I"", ""chapter"": ""6"", ""title"": ""The Heat-Ray in the Chobham Road"", ""note"": """"}]","[""S01"", ""S02""]",,[],,[],"[""crowd"", ""curiosity"", ""incidental""]","This aggregate covers role groups, not an invented name for every crowd member.",,,,,,,
C48,entity,Narrator’s jobbing gardener,characters,incidental_human,,novel_fact,An occasional gardener employed by the narrator stands among the first spectators.,A working-class civilian in the pit crowd.,"[{""label"": ""Book I, Chapter 3: On Horsell Common"", ""book"": ""I"", ""chapter"": ""3"", ""title"": ""On Horsell Common"", ""note"": """"}]","[""S01"", ""S02""]",,[],,[],"[""incidental"", ""gardener"", ""crowd""]","Distinct from the gardening neighbour unless the text establishes otherwise, which it does not.",,,,,,,
C49,entity,Girl carrying a baby,characters,incidental_human_pair,,novel_fact,A girl with a baby is singled out among the first spectators on the common.,An ordinary-life silhouette among the initial onlookers.,"[{""label"": ""Book I, Chapter 3: On Horsell Common"", ""book"": ""I"", ""chapter"": ""3"", ""title"": ""On Horsell Common"", ""note"": """"}]","[""S01"", ""S02""]",,"[""G03""]",,[],"[""incidental"", ""child"", ""civilian"", ""crowd""]","Neither age beyond girl, relationship to the baby, nor later fate is specified.",,,,,,,
C50,entity,Horrified unnamed neighbour at the cylinder,characters,incidental_human,,novel_fact,A neighbour repeats his disgust at the emerging Martians and briefly stands beside the narrator.,A first-contact reaction contrasting fascination and revulsion.,"[{""label"": ""Book I, Chapter 5: The Heat-Ray"", ""book"": ""I"", ""chapter"": ""5"", ""title"": ""The Heat-Ray"", ""note"": """"}]","[""S01"", ""S02""]",,[],,[],"[""incidental"", ""neighbour"", ""first_contact""]","His name is unknown, and he is not proven to be the strawberry-growing neighbour.",,,,,,,
C51,entity,White-flag deputation,characters,human_collective,,novel_fact,"A group including Ogilvy, Henderson and Stent approaches to signal that humans are intelligent. The Heat-Ray destroys it.",A distant failed-contact tableau; the white flag is a powerful human-scale prop.,"[{""label"": ""Book I, Chapter 5: The Heat-Ray"", ""book"": ""I"", ""chapter"": ""5"", ""title"": ""The Heat-Ray"", ""note"": """"}, {""label"": ""Book I, Chapter 6: The Heat-Ray in the Chobham Road"", ""book"": ""I"", ""chapter"": ""6"", ""title"": ""The Heat-Ray in the Chobham Road"", ""note"": """"}]","[""S01"", ""S02""]",,"[""G03"", ""G13"", ""G17""]",,[],"[""deputation"", ""first_contact"", ""casualties""]","This aggregate overlaps its named members intentionally, for scene composition.",,,,,,,
C52,entity,Chobham Road police and crush victims,characters,incidental_human_group,,novel_fact,"Three policemen, one mounted, attempt crowd control; panic at a narrowing road leaves at least two women and a boy crushed.",Boundary staging with officers and escaping civilians.,"[{""label"": ""Book I, Chapter 6: The Heat-Ray in the Chobham Road"", ""book"": ""I"", ""chapter"": ""6"", ""title"": ""The Heat-Ray in the Chobham Road"", ""note"": """"}]","[""S01"", ""S02""]",,[],,[],"[""police"", ""crowd"", ""casualties"", ""evacuation""]",Crowd casualties are not enemies or progression rewards.,,,,,,,
C53,entity,Basket-carrying workman and boy at the canal,characters,incidental_human_pair,,novel_fact,"A workman carrying a basket, accompanied by a boy, calmly greets the traumatized narrator near the canal bridge.",A quiet transition showing normal life continuing nearby.,"[{""label"": ""Book I, Chapter 7: How I Reached Home"", ""book"": ""I"", ""chapter"": ""7"", ""title"": ""How I Reached Home"", ""note"": """"}]","[""S01"", ""S02""]",,[],,[],"[""incidental"", ""worker"", ""child"", ""normality""]",Neither is identified as Gregg or another previously seen man.,,,,,,,
C54,entity,Oriental Terrace gate group,characters,incidental_human_group,,novel_fact,Two men and a woman laugh at the narrator’s inability to explain the calamity.,A disbelief street vignette.,"[{""label"": ""Book I, Chapter 7: How I Reached Home"", ""book"": ""I"", ""chapter"": ""7"", ""title"": ""How I Reached Home"", ""note"": """"}]","[""S01"", ""S02""]",,[],,[],"[""incidental"", ""neighbours"", ""disbelief""]","Their joking reflects lack of information, not a hostile faction.",,,,,,,
C55,entity,Milkman,characters,incidental_human,,novel_fact,"The milkman arrives as usual, reports the military cordon, and says the Martians should be spared if possible.",A domestic delivery prop and civilian glimpse.,"[{""label"": ""Book I, Chapter 9: The Fighting Begins"", ""book"": ""I"", ""chapter"": ""9"", ""title"": ""The Fighting Begins"", ""note"": """"}]","[""S01"", ""S02""]",,[],,[],"[""incidental"", ""milkman"", ""normality""]","Unnamed, and his view is hearsay about intended policy.",,,,,,,
C56,entity,Inkerman officers and regimental colonel,characters,incidental_human_group,,novel_fact,"Officers visit the common, and a colonel questions spectators at Chobham Bridge as troops deploy.",A command silhouette group around the cordon.,"[{""label"": ""Book I, Chapter 8: Friday Night"", ""book"": ""I"", ""chapter"": ""8"", ""title"": ""Friday Night"", ""note"": """"}]","[""S01"", ""S02""]",,[],,[],"[""military"", ""officers"", ""incidental""]",Major Eden has a separate record because he is named and reported missing.,,,,,,,
C57,entity,"Cardigan infantry, hussars and artillery batteries",characters,human_collective,,novel_fact,"Infantry, mounted troops, gunners and support crews establish cordons and batteries, then suffer catastrophic losses against Martian machines.","Friendly or fallen military presence, never an automatic human enemy faction.","[{""label"": ""Book I, Chapter 8: Friday Night"", ""book"": ""I"", ""chapter"": ""8"", ""title"": ""Friday Night"", ""note"": """"}, {""label"": ""Book I, Chapter 9: The Fighting Begins"", ""book"": ""I"", ""chapter"": ""9"", ""title"": ""The Fighting Begins"", ""note"": """"}, {""label"": ""Book I, Chapter 11: At the Window"", ""book"": ""I"", ""chapter"": ""11"", ""title"": ""At the Window"", ""note"": """"}, {""label"": ""Book I, Chapter 12: What I Saw of the Destruction of Weybridge and Shepperton"", ""book"": ""I"", ""chapter"": ""12"", ""title"": ""What I Saw of the Destruction of Weybridge and Shepperton"", ""note"": """"}, {""label"": ""Book I, Chapter 14: In London"", ""book"": ""I"", ""chapter"": ""14"", ""title"": ""In London"", ""note"": """"}, {""label"": ""Book I, Chapter 15: What Had Happened in Surrey"", ""book"": ""I"", ""chapter"": ""15"", ""title"": ""What Had Happened in Surrey"", ""note"": """"}]","[""S01"", ""S02""]",,"[""G03""]",,[],"[""military"", ""soldiers"", ""cavalry"", ""artillery""]",Regiments and batteries are groups. Newspaper numbers and early claims are not always reliable.,,,,,,,
C58,entity,8th Hussar lieutenant and two privates,characters,incidental_human_group,,novel_fact,"A mounted patrol with a heliograph meets the narrator and artilleryman. The lieutenant doubts the report, then goes to investigate and directs the soldier to Marvin.",A three-person reconnaissance vignette.,"[{""label"": ""Book I, Chapter 12: What I Saw of the Destruction of Weybridge and Shepperton"", ""book"": ""I"", ""chapter"": ""12"", ""title"": ""What I Saw of the Destruction of Weybridge and Shepperton"", ""note"": """"}]","[""S01"", ""S02""]",,[],,[],"[""military"", ""cavalry"", ""reconnaissance"", ""incidental""]",Their later fate is not given.,,,,,,,
C59,entity,Old man protecting his orchids,characters,incidental_human,,novel_fact,A shrivelled older evacuee argues with a corporal rather than abandon his box and many potted orchids.,An instantly readable attachment-to-property vignette.,"[{""label"": ""Book I, Chapter 12: What I Saw of the Destruction of Weybridge and Shepperton"", ""book"": ""I"", ""chapter"": ""12"", ""title"": ""What I Saw of the Destruction of Weybridge and Shepperton"", ""note"": """"}]","[""S01"", ""S02""]",,[],,[],"[""incidental"", ""civilian"", ""evacuation"", ""plants""]",Do not turn his distress into a collectible-loot reward.,,,,,,,
C60,entity,Cottage evacuees and two old women packing,characters,incidental_human_group,,novel_fact,Three women and two children load a hand truck from a labourer’s cottage; later the narrator and artilleryman help two old women pack a small cart.,Two reusable civilian packing compositions for the route.,"[{""label"": ""Book I, Chapter 12: What I Saw of the Destruction of Weybridge and Shepperton"", ""book"": ""I"", ""chapter"": ""12"", ""title"": ""What I Saw of the Destruction of Weybridge and Shepperton"", ""note"": """"}]","[""S01"", ""S02""]",,[],,[],"[""incidental"", ""civilian"", ""evacuation"", ""help""]","These are separate scene groups, not evidence that all seven are one family.",,,,,,,
C61,entity,Weybridge vicar,characters,incidental_human,,novel_fact,A vicar continues an early religious service while evacuation unfolds and the church bell rings.,An ordinary institution persisting in catastrophe.,"[{""label"": ""Book I, Chapter 12: What I Saw of the Destruction of Weybridge and Shepperton"", ""book"": ""I"", ""chapter"": ""12"", ""title"": ""What I Saw of the Destruction of Weybridge and Shepperton"", ""note"": """"}]","[""S01"", ""S02""]",,[],,[],"[""incidental"", ""clergy"", ""normality""]",Do not identify him automatically as the later curate; their titles and roles are distinct.,,,,,,,
C62,entity,Weybridge and Shepperton riverside refugees,characters,human_collective,,novel_fact,"Crowds seek boats and ferries; a couple carries goods on a door, a boatman notices battle, and a blue-jerseyed man points out the approaching machines.",Human-scale riverbank panic beneath towering machines.,"[{""label"": ""Book I, Chapter 12: What I Saw of the Destruction of Weybridge and Shepperton"", ""book"": ""I"", ""chapter"": ""12"", ""title"": ""What I Saw of the Destruction of Weybridge and Shepperton"", ""note"": """"}]","[""S01"", ""S02""]",,"[""G03""]",,[],"[""crowd"", ""river"", ""evacuation""]",Role figures are grouped as one scene population. The leisurely inn-lawn soldiers can be secondary silhouettes.,,,,,,,
C63,entity,Scouts and heliograph signallers,characters,human_collective,,novel_fact,Scouts crawl among ruined terrain and signal Martian movements to hidden guns.,A glinting signalling prop and tense military observation silhouette.,"[{""label"": ""Book I, Chapter 12: What I Saw of the Destruction of Weybridge and Shepperton"", ""book"": ""I"", ""chapter"": ""12"", ""title"": ""What I Saw of the Destruction of Weybridge and Shepperton"", ""note"": """"}, {""label"": ""Book I, Chapter 13: How I Fell in with the Curate"", ""book"": ""I"", ""chapter"": ""13"", ""title"": ""How I Fell in with the Curate"", ""note"": """"}, {""label"": ""Book I, Chapter 14: In London"", ""book"": ""I"", ""chapter"": ""14"", ""title"": ""In London"", ""note"": """"}, {""label"": ""Book I, Chapter 15: What Had Happened in Surrey"", ""book"": ""I"", ""chapter"": ""15"", ""title"": ""What Had Happened in Surrey"", ""note"": """"}]","[""S01"", ""S02""]",,[],,[],"[""military"", ""scouts"", ""signals""]",Their work is dangerous; reports compiled later can contain uncertainty.,,,,,,,
C64,entity,Street Cobham church-spire survivor,characters,incidental_human,,novel_fact,"A survivor remains above the heavy Black Smoke for a day and a half, overlooking an ink-black landscape.",A distant tower refuge image that demonstrates the smoke’s tendency to pool low.,"[{""label"": ""Book I, Chapter 15: What Had Happened in Surrey"", ""book"": ""I"", ""chapter"": ""15"", ""title"": ""What Had Happened in Surrey"", ""note"": """"}]","[""S01"", ""S02""]",,[],,[],"[""incidental"", ""survivor"", ""black_smoke""]",The game’s broad-floor movement should not require copying his precision climb.,,,,,,,
C65,entity,Brother’s medical classmates,characters,incidental_human_group,,novel_fact,Students in a crammer’s biology class are interested in the first reports while London remains largely calm.,A normality research vignette rather than a production-essential cast.,"[{""label"": ""Book I, Chapter 14: In London"", ""book"": ""I"", ""chapter"": ""14"", ""title"": ""In London"", ""note"": """"}]","[""S01"", ""S02""]",,[],,[],"[""incidental"", ""students"", ""normality""]",No classmates receive names or later individual stories.,,,,,,,
C66,entity,Waterloo railway staff and officials,characters,human_collective,,novel_fact,"Officials and porters struggle with interrupted lines, rerouting and incomplete information, before the evacuation overwhelms rail organization.","Friendly platform silhouettes, schedule boards and jammed luggage.","[{""label"": ""Book I, Chapter 14: In London"", ""book"": ""I"", ""chapter"": ""14"", ""title"": ""In London"", ""note"": """"}, {""label"": ""Book I, Chapter 16: The Exodus from London"", ""book"": ""I"", ""chapter"": ""16"", ""title"": ""The Exodus from London"", ""note"": """"}]","[""S01"", ""S02""]",,"[""G02""]",,[],"[""railway"", ""workers"", ""infrastructure""]",The traffic manager is only referenced through a reporter’s mistaken identification of the brother.,,,,,,,
C67,entity,Nocturnal newspaper reporter,characters,incidental_human,,novel_fact,A reporter mistakes the brother for Waterloo’s traffic manager and tries to interview him.,A press silhouette illustrating the information gap.,"[{""label"": ""Book I, Chapter 14: In London"", ""book"": ""I"", ""chapter"": ""14"", ""title"": ""In London"", ""note"": """"}]","[""S01"", ""S02""]",,[],,[],"[""incidental"", ""journalist"", ""news""]",Unnamed and distinct from Henderson.,,,,,,,
C68,entity,Angry grey-haired railway passenger,characters,incidental_human,,novel_fact,An older man blames the South-Western railway company for the disorganized service while speaking to the brother.,A small failure-of-normal-expectations scene.,"[{""label"": ""Book I, Chapter 14: In London"", ""book"": ""I"", ""chapter"": ""14"", ""title"": ""In London"", ""note"": """"}]","[""S01"", ""S02""]",,[],,[],"[""incidental"", ""passenger"", ""disbelief""]",Unnamed; he is not Lord Garrick.,,,,,,,
C69,entity,Boating man in blue-and-white blazer,characters,incidental_human,,novel_fact,A returned excursionist tells the brother of fugitives and guns yet still assumes Martians cannot leave their pit.,A recognizable Sunday leisure figure among the stations.,"[{""label"": ""Book I, Chapter 14: In London"", ""book"": ""I"", ""chapter"": ""14"", ""title"": ""In London"", ""note"": """"}]","[""S01"", ""S02""]",,[],,[],"[""incidental"", ""passenger"", ""news"", ""leisure""]","His reports are hearsay, not an independent view of the Martians.",,,,,,,
C70,entity,Salvation Army singers and blind preacher,characters,incidental_human_group,,novel_fact,Women sing on Waterloo Road; later a blind man in Salvation Army uniform calls out religious warnings from a cart in the exodus.,Two contrasting faith-related crowd silhouettes.,"[{""label"": ""Book I, Chapter 14: In London"", ""book"": ""I"", ""chapter"": ""14"", ""title"": ""In London"", ""note"": """"}, {""label"": ""Book I, Chapter 16: The Exodus from London"", ""book"": ""I"", ""chapter"": ""16"", ""title"": ""The Exodus from London"", ""note"": """"}]","[""S01"", ""S02""]",,[],,[],"[""religion"", ""crowd"", ""incidental""]",These are distinct appearances grouped by affiliation; the blind man is not the curate.,,,,,,,
C71,entity,Westminster Bridge reservist,characters,incidental_human,,novel_fact,A man identifying himself as a reservist tells the brother he saw a heliograph to the west.,A civilian report exchange at the river.,"[{""label"": ""Book I, Chapter 14: In London"", ""book"": ""I"", ""chapter"": ""14"", ""title"": ""In London"", ""note"": """"}]","[""S01"", ""S02""]",,[],,[],"[""incidental"", ""reservist"", ""news""]",His military status is self-reported.,,,,,,,
C72,entity,Newspaper hawkers and Strand map-shop man,characters,incidental_human_group,,novel_fact,Hawkers sell increasingly alarming editions; a shopkeeper hastily puts Surrey maps in his window as London finally grasps the danger.,"Reusable newspapers, pink sheets, placards and route-map props.","[{""label"": ""Book I, Chapter 8: Friday Night"", ""book"": ""I"", ""chapter"": ""8"", ""title"": ""Friday Night"", ""note"": """"}, {""label"": ""Book I, Chapter 14: In London"", ""book"": ""I"", ""chapter"": ""14"", ""title"": ""In London"", ""note"": """"}]","[""S01"", ""S02""]",,"[""G02""]",,[],"[""news"", ""commerce"", ""incidental""]",The many vendors are a role group; no canonical named leader is supplied.,,,,,,,
C73,entity,"Brother’s fellow lodger, landlady and her husband",characters,incidental_human_group,,novel_fact,The fellow lodger arrives half dressed to ask about the commotion; the landlady and her husband appear during the dawning panic.,A domestic evacuation doorway vignette.,"[{""label"": ""Book I, Chapter 14: In London"", ""book"": ""I"", ""chapter"": ""14"", ""title"": ""In London"", ""note"": """"}]","[""S01"", ""S02""]",,[],,[],"[""incidental"", ""lodging"", ""panic""]",They are not the narrator’s servant or the Spotted Dog’s publican.,,,,,,,
C74,entity,Commander-in-Chief,characters,offstage_role_human,,novel_fact,A catastrophic dispatch acknowledges that the Black Smoke cannot be stopped and urges immediate flight.,A newspaper text or voice of collapsing official confidence.,"[{""label"": ""Book I, Chapter 14: In London"", ""book"": ""I"", ""chapter"": ""14"", ""title"": ""In London"", ""note"": """"}]","[""S01"", ""S02""]",,[],,[],"[""offstage"", ""military"", ""authority"", ""news""]",No name is supplied and he is not encountered in person.,,,,,,,
C75,entity,London exodus population,characters,human_collective,,novel_fact,"Millions flee by road, rail and water, with exhausted workers, families, wounded soldiers and displaced people jammed together.",A restrained cast of friendly background civilians and route stakes.,"[{""label"": ""Book I, Chapter 14: In London"", ""book"": ""I"", ""chapter"": ""14"", ""title"": ""In London"", ""note"": """"}, {""label"": ""Book I, Chapter 16: The Exodus from London"", ""book"": ""I"", ""chapter"": ""16"", ""title"": ""The Exodus from London"", ""note"": """"}, {""label"": ""Book I, Chapter 17: The “Thunder Child”"", ""book"": ""I"", ""chapter"": ""17"", ""title"": ""The “Thunder Child”"", ""note"": """"}]","[""S01"", ""S02""]",,"[""G03"", ""G14""]",,[],"[""crowd"", ""evacuation"", ""panic""]","The narrator’s vast population estimate is a narrative scale claim, not a count of distinct catalogued individuals.",,,,,,,
C76,entity,Three robbers attacking the pony-chaise,characters,incidental_antagonist_group,,novel_fact,Three men try to seize the Elphinstone women’s chaise; the brother and Miss Elphinstone fight them off.,An optional human-conflict narrative vignette; not a required regular enemy faction.,"[{""label"": ""Book I, Chapter 16: The Exodus from London"", ""book"": ""I"", ""chapter"": ""16"", ""title"": ""The Exodus from London"", ""note"": """"}]","[""S01"", ""S02""]",,[],,[],"[""incidental"", ""robbers"", ""human_antagonists""]","They are unnamed criminals, not a canonical army of raiders.",,,,,,,
C77,entity,Elphinstone household servant,characters,offstage_role_human,,novel_fact,The women report that their servant had left two days before their flight.,An absent-household detail.,"[{""label"": ""Book I, Chapter 16: The Exodus from London"", ""book"": ""I"", ""chapter"": ""16"", ""title"": ""The Exodus from London"", ""note"": """"}]","[""S01"", ""S02""]",,[],,[],"[""offstage"", ""servant"", ""incidental""]",Do not merge her with the narrator’s servant or invent why she left.,,,,,,,
C78,entity,Distraught man in evening dress,characters,incidental_human,,novel_fact,"A refugee walks with his eyes down, clutching his hair and striking at invisible things in a paroxysm of rage.",A single expressive figure for an evacuation study.,"[{""label"": ""Book I, Chapter 16: The Exodus from London"", ""book"": ""I"", ""chapter"": ""16"", ""title"": ""The Exodus from London"", ""note"": """"}]","[""S01"", ""S02""]",,[],,[],"[""incidental"", ""civilian"", ""trauma""]","His mental state is observed, not clinically diagnosed.",,,,,,,
C79,entity,Factory-girl cart and bowler-hatted driver,characters,incidental_human_group,,novel_fact,"A pale dusty youth drives three East End factory girls and two small children, asking for a route around Edgware.",A compact overloaded civilian cart composition.,"[{""label"": ""Book I, Chapter 16: The Exodus from London"", ""book"": ""I"", ""chapter"": ""16"", ""title"": ""The Exodus from London"", ""note"": """"}]","[""S01"", ""S02""]",,[],,[],"[""incidental"", ""workers"", ""children"", ""evacuation""]",Names and family relationships are not supplied.,,,,,,,
C80,entity,Wounded refugee with friends and limping old man,characters,incidental_human_group,,novel_fact,One injured man has two friends helping him; another older man briefly removes a bloodied sock to shake a pebble from his boot.,Two bodily-cost vignettes among the refugees.,"[{""label"": ""Book I, Chapter 16: The Exodus from London"", ""book"": ""I"", ""chapter"": ""16"", ""title"": ""The Exodus from London"", ""note"": """"}]","[""S01"", ""S02""]",,"[""G03""]",,[],"[""incidental"", ""wounded"", ""friendship"", ""evacuation""]",These men are distinct from the injured artilleryman and Lord Garrick.,,,,,,,
C81,entity,Lord Garrick’s attendants and coachman,characters,incidental_human_group,,novel_fact,"A carriage stops in the lane, two men carefully unload Garrick’s stretcher, and one urgently searches for water.",A care-giving composition around the Chief Justice.,"[{""label"": ""Book I, Chapter 16: The Exodus from London"", ""book"": ""I"", ""chapter"": ""16"", ""title"": ""The Exodus from London"", ""note"": """"}]","[""S01"", ""S02""]",,[],,[],"[""incidental"", ""attendants"", ""water"", ""evacuation""]",Their names and occupations beyond the scene are not established.,,,,,,,
C82,entity,Man clinging to spilled gold,characters,incidental_human,,novel_fact,"A bearded man’s bag splits, he risks gathering sovereigns among traffic, is run over, and refuses the brother’s attempt to drag him clear.","A tragic property-versus-survival tableau, not a gold-farming mechanic.","[{""label"": ""Book I, Chapter 16: The Exodus from London"", ""book"": ""I"", ""chapter"": ""16"", ""title"": ""The Exodus from London"", ""note"": """"}]","[""S01"", ""S02""]",,[],,[],"[""incidental"", ""wealth"", ""casualty""]",The narrator reconstructs this from the brother’s testimony; no name is given.,,,,,,,
C83,entity,Horseback helper and hostile traffic drivers,characters,incidental_human_group,,novel_fact,"A black-horse rider helps try to stop traffic for the fallen man, while impatient drivers whip or crowd others.",A contrast between help and coercion within the exodus.,"[{""label"": ""Book I, Chapter 16: The Exodus from London"", ""book"": ""I"", ""chapter"": ""16"", ""title"": ""The Exodus from London"", ""note"": """"}]","[""S01"", ""S02""]",,[],,[],"[""incidental"", ""traffic"", ""help"", ""panic""]",This role group should not imply every driver acts with the same motive.,,,,,,,
C84,entity,Armed farmers defending food,characters,human_collective,,novel_fact,"Farmers protect cattle-sheds, granaries and crops as starving fugitives cease to respect property rights.",Background evidence of scarcity and social rupture.,"[{""label"": ""Book I, Chapter 17: The “Thunder Child”"", ""book"": ""I"", ""chapter"": ""17"", ""title"": ""The “Thunder Child”"", ""note"": """"}]","[""S01"", ""S02""]",,[],,[],"[""farmers"", ""scarcity"", ""conflict""]",No developed farmer boss is present in the novel.,,,,,,,
C85,entity,Government remnants and Chelmsford Committee of Public Supply,characters,offstage_and_onstage_collectives,,novel_fact,The brother hears of government members gathering at Birmingham; in Chelmsford a local supply committee confiscates the party’s pony for food with only a promise of a share.,A supply notice and an optional civilian dilemma scene.,"[{""label"": ""Book I, Chapter 17: The “Thunder Child”"", ""book"": ""I"", ""chapter"": ""17"", ""title"": ""The “Thunder Child”"", ""note"": """"}]","[""S01"", ""S02""]",,[],,[],"[""government"", ""food"", ""authority"", ""scarcity""]",Birmingham information is reported hearsay; the Chelmsford seizure occurs in the escape account.,,,,,,,
C86,entity,"Paddle-steamer captain, boatmen and passengers",characters,human_collective,,novel_fact,"A Thames steamer bargains for passage to Ostend, charges high prices, delays to pack the deck, and finally escapes while its passengers watch Thunder Child fight.",A civilian evacuation deck vignette or distant friendly vessel.,"[{""label"": ""Book I, Chapter 17: The “Thunder Child”"", ""book"": ""I"", ""chapter"": ""17"", ""title"": ""The “Thunder Child”"", ""note"": """"}]","[""S01"", ""S02""]",,"[""G03""]",,[],"[""shipping"", ""evacuation"", ""crowd""]","The captain and passengers are unnamed; a fare or price is narrative detail, not a recommended game economy.",,,,,,,
C87,entity,"Thunder Child crew, Channel Fleet and other sailors",characters,human_collective,,novel_fact,Thunder Child’s crew sacrifices its torpedo ram to protect shipping; other naval crews and sailors range from resistance to retreat and desperate crowd control.,"Friendly human courage at enormous cost, in a water battle study.","[{""label"": ""Book I, Chapter 15: What Had Happened in Surrey"", ""book"": ""I"", ""chapter"": ""15"", ""title"": ""What Had Happened in Surrey"", ""note"": """"}, {""label"": ""Book I, Chapter 17: The “Thunder Child”"", ""book"": ""I"", ""chapter"": ""17"", ""title"": ""The “Thunder Child”"", ""note"": """"}]","[""S01"", ""S02""]",,"[""G03""]",,[],"[""naval"", ""military"", ""sacrifice"", ""shipping""]",No named Thunder Child captain is supplied; the steamer captain is a separate person.,,,,,,,
C88,entity,Kew meadow captives,characters,incidental_human_group,,novel_fact,Four or five running figures are overtaken and lifted into a fighting-machine’s rear carrier rather than burned.,A capture threat signalling that occupation includes harvesting people.,"[{""label"": ""Book II, Chapter 1: Under Foot"", ""book"": ""II"", ""chapter"": ""1"", ""title"": ""Under Foot"", ""note"": """"}]","[""S01"", ""S02""]",,[],,[],"[""captives"", ""harvesting"", ""civilian""]",Their names and later individual outcomes are not given.,,,,,,,
C89,entity,Well-dressed middle-aged captive and the killed lad,characters,incidental_human_pair,,novel_fact,A ruddy man with studs and a watch chain is removed from a carrier in the pit; later the narrator witnesses a lad being killed and fed upon.,A non-graphic glimpse of the occupation’s purpose.,"[{""label"": ""Book II, Chapter 3: The Days of Imprisonment"", ""book"": ""II"", ""chapter"": ""3"", ""title"": ""The Days of Imprisonment"", ""note"": """"}]","[""S01"", ""S02""]",,[],,[],"[""captives"", ""victims"", ""harvesting""]",These are two distinct victims. Do not invent their names or convert the feeding apparatus into a canonical vampire faction.,,,,,,,
C90,entity,Unknown Halliford neighbours,characters,incidental_human_group,,novel_fact,"A face, lights and a closing door indicate people in the next house on Sunday evening; nothing further is learned of them.",An ambiguous life-in-dark-windows motif.,"[{""label"": ""Book II, Chapter 1: Under Foot"", ""book"": ""II"", ""chapter"": ""1"", ""title"": ""Under Foot"", ""note"": """"}]","[""S01"", ""S02""]",,[],,[],"[""incidental"", ""neighbours"", ""uncertain_fate""]",The narrator explicitly does not know who they were or what happened to them.,,,,,,,
C91,entity,Regent Street carousers,characters,reported_human_group,,novel_fact,The artilleryman repeats a report of ragged people drinking and dancing under restored electric lights before a tripod takes many of them.,An optional background cautionary tableau.,"[{""label"": ""Book II, Chapter 7: The Man on Putney Hill"", ""book"": ""II"", ""chapter"": ""7"", ""title"": ""The Man on Putney Hill"", ""note"": """"}]","[""S01"", ""S02""]",,[],,[],"[""reported"", ""hearsay"", ""civilian"", ""despair""]","This is hearsay told by the artilleryman, not a scene the narrator witnesses.",,,,,,,
C92,entity,Drunken man at Putney Bridge,characters,incidental_human,,novel_fact,"A living but helplessly drunk man, blackened by dust, responds to the narrator with curses and blows.",A brief unsettling human encounter in the empty city.,"[{""label"": ""Book II, Chapter 8: Dead London"", ""book"": ""II"", ""chapter"": ""8"", ""title"": ""Dead London"", ""note"": """"}]","[""S01"", ""S02""]",,[],,[],"[""incidental"", ""despair"", ""dead_london""]",No name or later fate is given.,,,,,,,
C93,entity,Woman beside the broken champagne magnum,characters,incidental_human,,novel_fact,"A ragged woman seems asleep on a doorstep but is dead, with a gashed hand and spilled champagne nearby.","A sombre aftermath vignette, kept distant or non-graphic in art.","[{""label"": ""Book II, Chapter 8: Dead London"", ""book"": ""II"", ""chapter"": ""8"", ""title"": ""Dead London"", ""note"": """"}]","[""S01"", ""S02""]",,[],,[],"[""incidental"", ""casualty"", ""dead_london""]",The narrator does not establish her cause of death or history.,,,,,,,
C94,entity,First known discoverer of Martian deaths,characters,offstage_role_human,,novel_fact,A wanderer reaches St. Martin’s-le-Grand and telegraphs the news to Paris before the narrator’s own discovery is understood.,A recovery-news coda detail.,"[{""label"": ""Book II, Chapter 9: Wreckage"", ""book"": ""II"", ""chapter"": ""9"", ""title"": ""Wreckage"", ""note"": """"}]","[""S01"", ""S02""]",,[],,[],"[""offstage"", ""news"", ""survivor""]",The narrator is not claimed to be the first person to discover the overthrow.,,,,,,,
C95,entity,Kindly St. John’s Wood rescuers,characters,supporting_human_group,,novel_fact,"Unnamed people find the narrator delirious, shelter and protect him, and care for him after he recovers.",A human kindness coda rather than a reward cutscene about conquest.,"[{""label"": ""Book II, Chapter 9: Wreckage"", ""book"": ""II"", ""chapter"": ""9"", ""title"": ""Wreckage"", ""note"": """"}]","[""S01"", ""S02""]",,[],,[],"[""supporting"", ""care"", ""recovery"", ""unnamed""]",Their names are deliberately withheld in the account.,,,,,,,
C96,entity,"Relief workers, rebuilders and returning civilians",characters,human_collective,,novel_fact,"Bread arrives from abroad, officials and special constables restore order, clerks and shopmen work beside navvies repairing railways, and refugees return home.",The hopeful rebuilding layer of the act’s ending.,"[{""label"": ""Book II, Chapter 9: Wreckage"", ""book"": ""II"", ""chapter"": ""9"", ""title"": ""Wreckage"", ""note"": """"}, {""label"": ""Book II, Chapter 10: The Epilogue"", ""book"": ""II"", ""chapter"": ""10"", ""title"": ""The Epilogue"", ""note"": """"}]","[""S01"", ""S02""]",,"[""G03""]",,[],"[""rebuilding"", ""relief"", ""recovery"", ""civilian""]",Includes the cottage-door neighbour who greets the narrator; individual identities are not supplied.,,,,,,,
C97,entity,Postwar analysts and museum workers,characters,offstage_role_group,,novel_fact,"Anatomists and analysts examine Martian bodies and devices; accidents impede Heat-Ray research, and a specimen is preserved in the Natural History Museum.",A research-gallery coda and damaged-machine reference.,"[{""label"": ""Book II, Chapter 2: What We Saw from the Ruined House"", ""book"": ""II"", ""chapter"": ""2"", ""title"": ""What We Saw from the Ruined House"", ""note"": """"}, {""label"": ""Book II, Chapter 10: The Epilogue"", ""book"": ""II"", ""chapter"": ""10"", ""title"": ""The Epilogue"", ""note"": """"}]","[""S01"", ""S02""]",,[],,[],"[""offstage"", ""science"", ""museum"", ""recovery""]",The novel’s scientific explanations remain partly provisional.,,,,,,,
C98,entity,Martian invaders,characters,alien_collective,,novel_fact,"Intelligent grey-brown head-bodied beings command immense machines, build continuously, harvest human blood and succumb to terrestrial disease.",The central alien threat; machine role and posture convey combat differences.,"[{""label"": ""Book I, Chapter 4: The Cylinder Opens"", ""book"": ""I"", ""chapter"": ""4"", ""title"": ""The Cylinder Opens"", ""note"": """"}, {""label"": ""Book I, Chapter 5: The Heat-Ray"", ""book"": ""I"", ""chapter"": ""5"", ""title"": ""The Heat-Ray"", ""note"": """"}, {""label"": ""Book I, Chapter 10: In the Storm"", ""book"": ""I"", ""chapter"": ""10"", ""title"": ""In the Storm"", ""note"": """"}, {""label"": ""Book I, Chapter 11: At the Window"", ""book"": ""I"", ""chapter"": ""11"", ""title"": ""At the Window"", ""note"": """"}, {""label"": ""Book II, Chapter 2: What We Saw from the Ruined House"", ""book"": ""II"", ""chapter"": ""2"", ""title"": ""What We Saw from the Ruined House"", ""note"": """"}, {""label"": ""Book II, Chapter 3: The Days of Imprisonment"", ""book"": ""II"", ""chapter"": ""3"", ""title"": ""The Days of Imprisonment"", ""note"": """"}, {""label"": ""Book II, Chapter 8: Dead London"", ""book"": ""II"", ""chapter"": ""8"", ""title"": ""Dead London"", ""note"": """"}]","[""S01"", ""S02""]",,"[""G04"", ""G10""]",,[],"[""aliens"", ""invaders"", ""unnamed"", ""organisms""]","No named emperor, general, queen or uniquely identified Martian leader appears in the novel.",,,,,,,
C99,entity,Budded young Martian and parent,characters,offstage_alien_pair,,novel_fact,"The narrator reports a young Martian found partially budded from its parent, supporting asexual reproduction.",An anatomy or research sheet only; no required baby-alien enemy.,"[{""label"": ""Book II, Chapter 2: What We Saw from the Ruined House"", ""book"": ""II"", ""chapter"": ""2"", ""title"": ""What We Saw from the Ruined House"", ""note"": """"}]","[""S01"", ""S02""]",,[],,[],"[""aliens"", ""offspring"", ""budding"", ""offstage""]","This is a later reported finding, not a witnessed combat scene or named family.",,,,,,,
E01,entity,Mars and the interplanetary gulf,environments,offworld_setting,,novel_fact,"The novel imagines an older, cooling Mars with thinner air, dwindling water and a civilization driven toward warmer Earth; interplanetary distance underlies the opening dread.",An opening sky motif or distant research sheet rather than a required playable Mars level.,"[{""label"": ""Book I, Chapter 1: The Eve of the War"", ""book"": ""I"", ""chapter"": ""1"", ""title"": ""The Eve of the War"", ""note"": """"}, {""label"": ""Book II, Chapter 10: The Epilogue"", ""book"": ""II"", ""chapter"": ""10"", ""title"": ""The Epilogue"", ""note"": """"}]","[""S01"", ""S02""]",,[],,[],"[""offworld"", ""mars"", ""cosmic""]","This is Wells’s fictional cosmology and period speculation, not current astronomy.",,,,,,,
E02,entity,Ottershaw observatory and quiet village,environments,observatory,,novel_fact,"A dark observatory has a ticking telescope drive, roof slit and dim lantern; nearby villages sleep while the launches occur.","A calm framing image with limited props, contrasted with later fires.","[{""label"": ""Book I, Chapter 1: The Eve of the War"", ""book"": ""I"", ""chapter"": ""1"", ""title"": ""The Eve of the War"", ""note"": """"}, {""label"": ""Book I, Chapter 2: The Falling Star"", ""book"": ""I"", ""chapter"": ""2"", ""title"": ""The Falling Star"", ""note"": """"}]","[""S01"", ""S02""]",,"[""G13"", ""G17""]",,[],"[""observatory"", ""night"", ""normality""]",Do not copy Act 1’s lunar theatre aesthetic as a requirement.,,,,,,,
E03,entity,Horsell Common landing pit,environments,landing_site,,novel_fact,"A cylinder crashes near sand-pits, throws gravel and turf outward, breaks a fir, and burns heather; later excavation and Martian manufacture enlarge the site.","Primary level-one environment kit: heather, pine silhouettes, low sand banks, cylinder lip and broad clearings.","[{""label"": ""Book I, Chapter 2: The Falling Star"", ""book"": ""I"", ""chapter"": ""2"", ""title"": ""The Falling Star"", ""note"": """"}, {""label"": ""Book I, Chapter 3: On Horsell Common"", ""book"": ""I"", ""chapter"": ""3"", ""title"": ""On Horsell Common"", ""note"": """"}, {""label"": ""Book I, Chapter 4: The Cylinder Opens"", ""book"": ""I"", ""chapter"": ""4"", ""title"": ""The Cylinder Opens"", ""note"": """"}, {""label"": ""Book I, Chapter 5: The Heat-Ray"", ""book"": ""I"", ""chapter"": ""5"", ""title"": ""The Heat-Ray"", ""note"": """"}, {""label"": ""Book I, Chapter 8: Friday Night"", ""book"": ""I"", ""chapter"": ""8"", ""title"": ""Friday Night"", ""note"": """"}, {""label"": ""Book I, Chapter 13: How I Fell in with the Curate"", ""book"": ""I"", ""chapter"": ""13"", ""title"": ""How I Fell in with the Curate"", ""note"": """"}]","[""S01"", ""S02""]",,"[""G05"", ""G13"", ""G18""]",,[],"[""common"", ""pit"", ""heather"", ""sand""]",Low sand rises interrupt the first Heat-Ray; their exact use in readable play is an adaptation.,,,,,,,
E04,entity,"Horsell Bridge, Chobham Road and the crowd bottleneck",environments,road_and_bridge,,novel_fact,"Pub doors, roads between high hedges and banks, bridges and gathering spectators frame the first panic.",A connecting street vignette and crowd scene adjacent to Horsell.,"[{""label"": ""Book I, Chapter 2: The Falling Star"", ""book"": ""I"", ""chapter"": ""2"", ""title"": ""The Falling Star"", ""note"": """"}, {""label"": ""Book I, Chapter 3: On Horsell Common"", ""book"": ""I"", ""chapter"": ""3"", ""title"": ""On Horsell Common"", ""note"": """"}, {""label"": ""Book I, Chapter 6: The Heat-Ray in the Chobham Road"", ""book"": ""I"", ""chapter"": ""6"", ""title"": ""The Heat-Ray in the Chobham Road"", ""note"": """"}, {""label"": ""Book I, Chapter 8: Friday Night"", ""book"": ""I"", ""chapter"": ""8"", ""title"": ""Friday Night"", ""note"": """"}]","[""S01"", ""S02""]",,"[""G05""]",,[],"[""road"", ""bridge"", ""crowd""]",Do not reproduce a compulsory narrow collision trap in gesture-only combat.,,,,,,,
E05,entity,Woking station and railway junction,environments,railway,,novel_fact,"Signal lamps and normal shunting become burning trains, ruined houses and later repaired track.",A reusable rail-yard prop family and scorched junction backdrop.,"[{""label"": ""Book I, Chapter 1: The Eve of the War"", ""book"": ""I"", ""chapter"": ""1"", ""title"": ""The Eve of the War"", ""note"": """"}, {""label"": ""Book I, Chapter 8: Friday Night"", ""book"": ""I"", ""chapter"": ""8"", ""title"": ""Friday Night"", ""note"": """"}, {""label"": ""Book I, Chapter 11: At the Window"", ""book"": ""I"", ""chapter"": ""11"", ""title"": ""At the Window"", ""note"": """"}, {""label"": ""Book II, Chapter 9: Wreckage"", ""book"": ""II"", ""chapter"": ""9"", ""title"": ""Wreckage"", ""note"": """"}]","[""S01"", ""S02""]",,"[""G05""]",,[],"[""railway"", ""signals"", ""ruins""]",Rail transport belongs to civilian infrastructure; no canonical enemy train exists.,,,,,,,
E06,entity,Maybury Hill and the narrator’s house,environments,domestic_setting,,novel_fact,"A garden, summerhouse, study window and hillside home first offer safety, then overlook burning country, and finally host a fragile reunion.","A repeated landmark showing before, ruined and recovering states.","[{""label"": ""Book I, Chapter 7: How I Reached Home"", ""book"": ""I"", ""chapter"": ""7"", ""title"": ""How I Reached Home"", ""note"": """"}, {""label"": ""Book I, Chapter 9: The Fighting Begins"", ""book"": ""I"", ""chapter"": ""9"", ""title"": ""The Fighting Begins"", ""note"": """"}, {""label"": ""Book I, Chapter 10: In the Storm"", ""book"": ""I"", ""chapter"": ""10"", ""title"": ""In the Storm"", ""note"": """"}, {""label"": ""Book I, Chapter 11: At the Window"", ""book"": ""I"", ""chapter"": ""11"", ""title"": ""At the Window"", ""note"": """"}, {""label"": ""Book II, Chapter 9: Wreckage"", ""book"": ""II"", ""chapter"": ""9"", ""title"": ""Wreckage"", ""note"": """"}, {""label"": ""Book II, Chapter 10: The Epilogue"", ""book"": ""II"", ""chapter"": ""10"", ""title"": ""The Epilogue"", ""note"": """"}]","[""S01"", ""S02""]",,[],,[],"[""house"", ""garden"", ""domestic"", ""aftermath""]",Narrator’s home is not a Martian castle or military headquarters.,,,,,,,
E07,entity,"Oriental College, mosque and church skyline",environments,institutional_setting,,novel_fact,"Towers, mosque pinnacle and a neighbouring church form a familiar local skyline destroyed by the Heat-Ray.",A specific shattered skyline and broken chimney composition.,"[{""label"": ""Book I, Chapter 9: The Fighting Begins"", ""book"": ""I"", ""chapter"": ""9"", ""title"": ""The Fighting Begins"", ""note"": """"}, {""label"": ""Book I, Chapter 11: At the Window"", ""book"": ""I"", ""chapter"": ""11"", ""title"": ""At the Window"", ""note"": """"}]","[""S01"", ""S02""]",,[],,[],"[""college"", ""mosque"", ""church"", ""ruins""]",Use the novel’s named institution and period setting carefully; do not erase its mosque detail into generic Gothic scenery.,,,,,,,
E08,entity,"Spotted Dog, College Arms and Maybury Inn",environments,public_house_group,,novel_fact,Local pubs and inns orient the evacuation and return; the Spotted Dog supplies the horse and dog cart.,"Reusable signage, bar interior and crossroads props.","[{""label"": ""Book I, Chapter 9: The Fighting Begins"", ""book"": ""I"", ""chapter"": ""9"", ""title"": ""The Fighting Begins"", ""note"": """"}, {""label"": ""Book I, Chapter 10: In the Storm"", ""book"": ""I"", ""chapter"": ""10"", ""title"": ""In the Storm"", ""note"": """"}, {""label"": ""Book II, Chapter 9: Wreckage"", ""book"": ""II"", ""chapter"": ""9"", ""title"": ""Wreckage"", ""note"": """"}]","[""S01"", ""S02""]",,[],,[],"[""pub"", ""inn"", ""domestic""]","These are distinct locations grouped for an asset kit, not one named inn.",,,,,,,
E09,entity,Leatherhead refuge and road through Send,environments,refuge_route,,novel_fact,"The narrator drives his wife and servant to relatives at Leatherhead through seemingly peaceful countryside, then leaves to return the cart; the town is later reported destroyed.",A refuge destination and separation motif.,"[{""label"": ""Book I, Chapter 9: The Fighting Begins"", ""book"": ""I"", ""chapter"": ""9"", ""title"": ""The Fighting Begins"", ""note"": """"}, {""label"": ""Book I, Chapter 10: In the Storm"", ""book"": ""I"", ""chapter"": ""10"", ""title"": ""In the Storm"", ""note"": """"}, {""label"": ""Book II, Chapter 1: Under Foot"", ""book"": ""II"", ""chapter"": ""1"", ""title"": ""Under Foot"", ""note"": """"}, {""label"": ""Book II, Chapter 9: Wreckage"", ""book"": ""II"", ""chapter"": ""9"", ""title"": ""Wreckage"", ""note"": """"}]","[""S01"", ""S02""]",,[],,[],"[""refuge"", ""countryside"", ""separation""]",The wife and cousin survive; avoid a categorical art label saying every refugee died there.,,,,,,,
E10,entity,Byfleet pine woods and Addlestone Golf Links,environments,woodland_landing_site,,novel_fact,"The second cylinder lands among the pine/golf landscape, later described as Addlestone Golf Links; fire turns woods into skeletal stems and ash.","A charred woodland kit reusing pines, embers and exposed landing pockets.","[{""label"": ""Book I, Chapter 9: The Fighting Begins"", ""book"": ""I"", ""chapter"": ""9"", ""title"": ""The Fighting Begins"", ""note"": """"}, {""label"": ""Book I, Chapter 11: At the Window"", ""book"": ""I"", ""chapter"": ""11"", ""title"": ""At the Window"", ""note"": """"}, {""label"": ""Book I, Chapter 12: What I Saw of the Destruction of Weybridge and Shepperton"", ""book"": ""I"", ""chapter"": ""12"", ""title"": ""What I Saw of the Destruction of Weybridge and Shepperton"", ""note"": """"}, {""label"": ""Book I, Chapter 13: How I Fell in with the Curate"", ""book"": ""I"", ""chapter"": ""13"", ""title"": ""How I Fell in with the Curate"", ""note"": """"}]","[""S01"", ""S02""]",,[],,[],"[""pine"", ""woodland"", ""ash"", ""landing""]",The novel’s early descriptions and place labels are preserved without pretending to provide modern survey coordinates.,,,,,,,
E11,entity,Pyrford and the third cylinder,environments,landing_site,,novel_fact,"In storm-light the narrator sees tripods moving toward the third landing site around Pyrford, blocking a direct return to Leatherhead.",A distant storm silhouette and blocked-route story clue.,"[{""label"": ""Book I, Chapter 10: In the Storm"", ""book"": ""I"", ""chapter"": ""10"", ""title"": ""In the Storm"", ""note"": """"}, {""label"": ""Book I, Chapter 12: What I Saw of the Destruction of Weybridge and Shepperton"", ""book"": ""I"", ""chapter"": ""12"", ""title"": ""What I Saw of the Destruction of Weybridge and Shepperton"", ""note"": """"}, {""label"": ""Book I, Chapter 13: How I Fell in with the Curate"", ""book"": ""I"", ""chapter"": ""13"", ""title"": ""How I Fell in with the Curate"", ""note"": """"}]","[""S01"", ""S02""]",,[],,[],"[""landing"", ""storm"", ""countryside""]",The narrator’s first identification of what the tripods stoop over is an inference later contextualized.,,,,,,,
E12,entity,Weybridge evacuation streets,environments,town,,novel_fact,"Carts, dressed Sunday residents, troops and baggage fill a town still clinging to ordinary routines before its destruction.","Level-two civilian approach kit with a fountain, broad road and fallen luggage.","[{""label"": ""Book I, Chapter 12: What I Saw of the Destruction of Weybridge and Shepperton"", ""book"": ""I"", ""chapter"": ""12"", ""title"": ""What I Saw of the Destruction of Weybridge and Shepperton"", ""note"": """"}, {""label"": ""Book I, Chapter 13: How I Fell in with the Curate"", ""book"": ""I"", ""chapter"": ""13"", ""title"": ""How I Fell in with the Curate"", ""note"": """"}]","[""S01"", ""S02""]",,"[""G06""]",,[],"[""town"", ""evacuation"", ""sunday""]",Vary empty and occupied areas so crowd art does not obscure attacks.,,,,,,,
E13,entity,Wey–Thames confluence and Shepperton Lock,environments,river_crossing,,novel_fact,"The Wey’s mouths, ferry, hired boats, gravel bank, low water and pollard willows frame the battle at Shepperton.",A river-edge combat environment with broad quay or bank landings.,"[{""label"": ""Book I, Chapter 12: What I Saw of the Destruction of Weybridge and Shepperton"", ""book"": ""I"", ""chapter"": ""12"", ""title"": ""What I Saw of the Destruction of Weybridge and Shepperton"", ""note"": """"}]","[""S01"", ""S02""]",,"[""G06""]",,[],"[""river"", ""ferry"", ""willow"", ""crossing""]",Normal movement is dash-only; mandatory swimming or underwater breath mechanics would require a separate proposal.,,,,,,,
E14,entity,Shepperton church and boiling wreckage,environments,battle_site,,novel_fact,"A shot destroys a tripod’s hood; the unguided machine hits the church tower and falls into the river, producing steam and dangerously heated water.","A ruined church landmark, inert broken tripod and steam-set-piece kit.","[{""label"": ""Book I, Chapter 12: What I Saw of the Destruction of Weybridge and Shepperton"", ""book"": ""I"", ""chapter"": ""12"", ""title"": ""What I Saw of the Destruction of Weybridge and Shepperton"", ""note"": """"}]","[""S01"", ""S02""]",,"[""G06""]",,[],"[""church"", ""tripod"", ""steam"", ""wreckage""]",The novel destroys a tower then notes later replacement by a spire; avoid treating an intact spire as the battle-state landmark.,,,,,,,
E15,entity,"Halliford, Walton and the empty refuge house",environments,suburban_refuge,,novel_fact,Burning riverside houses and fields give way to a hedge-side meeting and an empty Halliford house where Black Smoke isolates the narrator and curate.,"A transition refuge, upstairs window and darkened road composition.","[{""label"": ""Book I, Chapter 13: How I Fell in with the Curate"", ""book"": ""I"", ""chapter"": ""13"", ""title"": ""How I Fell in with the Curate"", ""note"": """"}, {""label"": ""Book I, Chapter 15: What Had Happened in Surrey"", ""book"": ""I"", ""chapter"": ""15"", ""title"": ""What Had Happened in Surrey"", ""note"": """"}, {""label"": ""Book II, Chapter 1: Under Foot"", ""book"": ""II"", ""chapter"": ""1"", ""title"": ""Under Foot"", ""note"": """"}]","[""S01"", ""S02""]",,[],,[],"[""refuge"", ""suburb"", ""black_smoke""]","Their schoolroom refuge contains globes, forms and copybooks; it is distinct from the later Sheen villa.",,,,,,,
E16,entity,"Ripley, Painshill Park and St. George’s Hill batteries",environments,military_landscape,,novel_fact,Hidden guns in wooded hills briefly damage a tripod leg before Heat-Rays and Black Smoke destroy organized resistance.,A background artillery emplacement and source for recoverable leg damage.,"[{""label"": ""Book I, Chapter 15: What Had Happened in Surrey"", ""book"": ""I"", ""chapter"": ""15"", ""title"": ""What Had Happened in Surrey"", ""note"": """"}]","[""S01"", ""S02""]",,[],,[],"[""artillery"", ""hill"", ""woodland"", ""battle""]",Ripley volunteers flee; the better-led St. George’s Hill battery lands a hit. Their outcomes differ.,,,,,,,
E17,entity,Richmond and Kingston defensive hills,environments,military_landscape,,novel_fact,"Guns and searchlights gather on slopes and among villas, then vanish into red fire and Black Smoke.",A distant ridge and beam-silhouette atmosphere kit.,"[{""label"": ""Book I, Chapter 13: How I Fell in with the Curate"", ""book"": ""I"", ""chapter"": ""13"", ""title"": ""How I Fell in with the Curate"", ""note"": """"}, {""label"": ""Book I, Chapter 14: In London"", ""book"": ""I"", ""chapter"": ""14"", ""title"": ""In London"", ""note"": """"}, {""label"": ""Book I, Chapter 15: What Had Happened in Surrey"", ""book"": ""I"", ""chapter"": ""15"", ""title"": ""What Had Happened in Surrey"", ""note"": """"}]","[""S01"", ""S02""]",,"[""G07""]",,[],"[""defences"", ""searchlights"", ""black_smoke""]",Powerful human defence is overwhelmed; avoid presenting it as a stable friendly base throughout the occupation.,,,,,,,
E18,entity,Bushey Park and Hampton Court,environments,parkland,,novel_fact,The fourth cylinder falls in Bushey Park; later a green patch at Hampton Court and deer under chestnuts contrast with blackened routes.,A short park interlude and alternate vegetation kit.,"[{""label"": ""Book I, Chapter 15: What Had Happened in Surrey"", ""book"": ""I"", ""chapter"": ""15"", ""title"": ""What Had Happened in Surrey"", ""note"": """"}, {""label"": ""Book I, Chapter 17: The “Thunder Child”"", ""book"": ""I"", ""chapter"": ""17"", ""title"": ""The “Thunder Child”"", ""note"": """"}, {""label"": ""Book II, Chapter 1: Under Foot"", ""book"": ""II"", ""chapter"": ""1"", ""title"": ""Under Foot"", ""note"": """"}]","[""S01"", ""S02""]",,[],,[],"[""park"", ""chestnut"", ""deer"", ""landing""]","The fourth landing and the later surviving green patch are different moments, not a single pristine invasion crater.",,,,,,,
E19,entity,"Twickenham, Richmond Bridge and Kew",environments,river_suburb,,novel_fact,Some streets remain unburned and occupied while black dust covers others; red masses float in the Thames and a machine captures people near Kew.,Level-three approach using alternating ordinary houses and occupied skyline.,"[{""label"": ""Book II, Chapter 1: Under Foot"", ""book"": ""II"", ""chapter"": ""1"", ""title"": ""Under Foot"", ""note"": """"}]","[""S01"", ""S02""]",,"[""G08""]",,[],"[""suburb"", ""bridge"", ""captives"", ""contrast""]",The narrator’s initial horrific interpretation of the floating red masses is mistaken.,,,,,,,
E20,entity,Sheen–Mortlake white villa and ruined scullery,environments,confined_setting,,novel_fact,"A white house with walled garden, stocked pantry, kitchen, scullery and coal cellar partly survives the fifth cylinder’s impact; a triangular wall aperture overlooks the pit.","Core handling-machine level kit: broken beams, pale tile-pattern wallpaper, copper vessels, cellar door and broad openings for the game.","[{""label"": ""Book II, Chapter 1: Under Foot"", ""book"": ""II"", ""chapter"": ""1"", ""title"": ""Under Foot"", ""note"": """"}, {""label"": ""Book II, Chapter 2: What We Saw from the Ruined House"", ""book"": ""II"", ""chapter"": ""2"", ""title"": ""What We Saw from the Ruined House"", ""note"": """"}, {""label"": ""Book II, Chapter 3: The Days of Imprisonment"", ""book"": ""II"", ""chapter"": ""3"", ""title"": ""The Days of Imprisonment"", ""note"": """"}, {""label"": ""Book II, Chapter 4: The Death of the Curate"", ""book"": ""II"", ""chapter"": ""4"", ""title"": ""The Death of the Curate"", ""note"": """"}, {""label"": ""Book II, Chapter 5: The Stillness"", ""book"": ""II"", ""chapter"": ""5"", ""title"": ""The Stillness"", ""note"": """"}]","[""S01"", ""S02""]",,"[""G07"", ""G14"", ""G17"", ""G19""]",,[],"[""villa"", ""scullery"", ""claustrophobia"", ""rubble""]","The game must enlarge navigable floors and escape space; the source’s immobility is mood material, not a command to trap the player for days.",,,,,,,
E21,entity,Fifth cylinder pit and manufacturing encampment,environments,industrial_occupation,,novel_fact,"The impact pulverizes a house; machines unpack, excavate, make aluminium and handle captives in a pit with green vapour and blue-grey powder.",A five-legged handling-machine arena with industrial edges and articulated equipment.,"[{""label"": ""Book II, Chapter 2: What We Saw from the Ruined House"", ""book"": ""II"", ""chapter"": ""2"", ""title"": ""What We Saw from the Ruined House"", ""note"": """"}, {""label"": ""Book II, Chapter 3: The Days of Imprisonment"", ""book"": ""II"", ""chapter"": ""3"", ""title"": ""The Days of Imprisonment"", ""note"": """"}, {""label"": ""Book II, Chapter 5: The Stillness"", ""book"": ""II"", ""chapter"": ""5"", ""title"": ""The Stillness"", ""note"": """"}]","[""S01"", ""S02""]",,"[""G07""]",,[],"[""pit"", ""manufacturing"", ""green_vapour"", ""occupation""]",Blood harvesting can be implied with a carrier or abandoned belongings rather than foreground gore.,,,,,,,
E22,entity,Flooded Thames Valley and red swamp,environments,invasive_landscape,,novel_fact,"Red weed chokes the Wey and Thames, causing shallow floods over meadows and concealing ruined villas in a crimson swamp.","Main level-four environment kit: interrupted street outlines, low water, cactus-like fronds and roofless villas.","[{""label"": ""Book II, Chapter 6: The Work of Fifteen Days"", ""book"": ""II"", ""chapter"": ""6"", ""title"": ""The Work of Fifteen Days"", ""note"": """"}, {""label"": ""Book II, Chapter 7: The Man on Putney Hill"", ""book"": ""II"", ""chapter"": ""7"", ""title"": ""The Man on Putney Hill"", ""note"": """"}, {""label"": ""Book II, Chapter 9: Wreckage"", ""book"": ""II"", ""chapter"": ""9"", ""title"": ""Wreckage"", ""note"": """"}]","[""S01"", ""S02""]",,"[""G08""]",,[],"[""red_weed"", ""flood"", ""swamp"", ""alien""]","The plant is invasive growth, not a sentient carnivorous species in the source.",,,,,,,
E23,entity,"Mortlake, Roehampton and Putney Common",environments,suburban_wilderness,,novel_fact,"The narrator passes alternating devastation and intact locked houses, gardens with food, yellow gorse and broom, hungry dogs and abandoned common land.",A moving recovery beat with clear spatial silhouettes and quieter passages.,"[{""label"": ""Book II, Chapter 6: The Work of Fifteen Days"", ""book"": ""II"", ""chapter"": ""6"", ""title"": ""The Work of Fifteen Days"", ""note"": """"}, {""label"": ""Book II, Chapter 7: The Man on Putney Hill"", ""book"": ""II"", ""chapter"": ""7"", ""title"": ""The Man on Putney Hill"", ""note"": """"}]","[""S01"", ""S02""]",,"[""G08""]",,[],"[""common"", ""gorse"", ""ruins"", ""quiet""]",Some drier areas have little or no red weed; avoid making every surface uniformly red.,,,,,,,
E24,entity,Putney Hill inn and artilleryman’s cellar,environments,refuge_and_cellar,,novel_fact,"A searched inn offers scraps, pineapple tins and a bed; the artilleryman’s separate house contains a short tunnel, pantry, ladder, roof parapet and games.",An optional cellar scene or supply-route side level using the villa prop kit.,"[{""label"": ""Book II, Chapter 7: The Man on Putney Hill"", ""book"": ""II"", ""chapter"": ""7"", ""title"": ""The Man on Putney Hill"", ""note"": """"}]","[""S01"", ""S02""]",,"[""G08""]",,[],"[""cellar"", ""refuge"", ""roof"", ""underground""]","The inn and artilleryman’s lair are separate; the grand tunnel network is imagined, not already built.",,,,,,,
E25,entity,Putney Bridge and Fulham streets,environments,urban_aftermath,,novel_fact,"Red weed nearly blocks the bridge and begins whitening; black powder, a drunken survivor, fire and abandoned shops mark the route onward.",A readable city entry with dying weed and isolated ordinary props.,"[{""label"": ""Book II, Chapter 8: Dead London"", ""book"": ""II"", ""chapter"": ""8"", ""title"": ""Dead London"", ""note"": """"}]","[""S01"", ""S02""]",,"[""G08""]",,[],"[""bridge"", ""city"", ""black_dust"", ""decay""]","The drunken man is a survivor, not an invented zombie.",,,,,,,
E26,entity,"South Kensington, Exhibition Road and Hyde Park",environments,urban_landmarks,,novel_fact,"The narrator hears the remote Martian cry among deserted mansions, considers the museum towers, and crosses near the Serpentine.",Level-five approach contrasting clear bright streets with alarming emptiness.,"[{""label"": ""Book II, Chapter 8: Dead London"", ""book"": ""II"", ""chapter"": ""8"", ""title"": ""Dead London"", ""note"": """"}]","[""S01"", ""S02""]",,"[""G09""]",,[],"[""museum"", ""park"", ""empty_city"", ""cry""]",The museum ascent is considered and rejected; do not label it a route he actually climbed.,,,,,,,
E27,entity,"Oxford Street, Marble Arch and Portman Square",environments,urban_aftermath,,novel_fact,Black dust and bodies return around Oxford Street; the narrator rests in a pub and travels through silent residential squares toward Baker Street.,Urban empty-street kit with a pub alcove and square-space landmarks.,"[{""label"": ""Book II, Chapter 8: Dead London"", ""book"": ""II"", ""chapter"": ""8"", ""title"": ""Dead London"", ""note"": """"}]","[""S01"", ""S02""]",,"[""G09""]",,[],"[""streets"", ""square"", ""pub"", ""dead_london""]",The named square is Portman Square; other unnamed squares need no invented canonical names.,,,,,,,
E28,entity,"Regent’s Park, Zoological Gardens and Regent’s Canal",environments,occupation_centre,,novel_fact,"Motionless tripods, red-choked canal water, broken houses and a wrecked handling-machine surround the park.",Level-five machine skyline and dying-occupation scenery.,"[{""label"": ""Book II, Chapter 8: Dead London"", ""book"": ""II"", ""chapter"": ""8"", ""title"": ""Dead London"", ""note"": """"}]","[""S01"", ""S02""]",,"[""G09"", ""G15"", ""G20""]",,[],"[""park"", ""canal"", ""tripods"", ""red_weed""]",Tripods and wreckage occur at several positions; they are not one canonical boss named Regent.,,,,,,,
E29,entity,St. John’s Wood and Harrow Road shelter,environments,urban_refuge,,novel_fact,"The narrator passes smashed machinery, flees the sudden silence, shelters in a cabmen’s hut, and is later rescued in St. John’s Wood.",A small shelter and rescue aftermath vignette.,"[{""label"": ""Book II, Chapter 8: Dead London"", ""book"": ""II"", ""chapter"": ""8"", ""title"": ""Dead London"", ""note"": """"}, {""label"": ""Book II, Chapter 9: Wreckage"", ""book"": ""II"", ""chapter"": ""9"", ""title"": ""Wreckage"", ""note"": """"}]","[""S01"", ""S02""]",,[],,[],"[""shelter"", ""city"", ""silence"", ""recovery""]","The shelter is a cabmen’s hut, not an underground resistance fortress.",,,,,,,
E30,entity,Primrose Hill final Martian redoubt,environments,occupation_climax,,novel_fact,"The seventh cylinder lands on the hill; later its largest encampment holds huge machines, material heaps, dead invaders and a flying-machine as dawn reveals their overthrow.","Final encounter surroundings and microbial-collapse coda, with a local reachable machine part in the game.","[{""label"": ""Book I, Chapter 17: The “Thunder Child”"", ""book"": ""I"", ""chapter"": ""17"", ""title"": ""The “Thunder Child”"", ""note"": """"}, {""label"": ""Book II, Chapter 8: Dead London"", ""book"": ""II"", ""chapter"": ""8"", ""title"": ""Dead London"", ""note"": """"}, {""label"": ""Book II, Chapter 10: The Epilogue"", ""book"": ""II"", ""chapter"": ""10"", ""title"": ""The Epilogue"", ""note"": """"}]","[""S01"", ""S02""]",,"[""G09"", ""G15"", ""G20""]",,[],"[""hill"", ""redoubt"", ""dawn"", ""microbes""]",The narrator discovers a largely dead encampment; an active final duel is a deliberate game divergence.,,,,,,,
E31,entity,London panorama and damaged monuments,environments,city_panorama,,novel_fact,"At sunrise the narrator sees the vast city, damaged St. Paul’s, Westminster ruins, distant Surrey hills and surviving landmarks with exceptional clarity.",A final vista beyond the portrait-scale local combat floor.,"[{""label"": ""Book II, Chapter 8: Dead London"", ""book"": ""II"", ""chapter"": ""8"", ""title"": ""Dead London"", ""note"": """"}]","[""S01"", ""S02""]",,"[""G09""]",,[],"[""panorama"", ""st_pauls"", ""dawn"", ""aftermath""]",Do not force all distant landmarks into the immediate battle arena.,,,,,,,
E32,entity,"Waterloo, Westminster Bridge, Strand and Trafalgar Square",environments,pre_panic_city,,novel_fact,"Sunday traffic, church bells, Parliament’s skyline, newspaper sellers, maps and arriving Surrey carts coexist before alarm takes hold.",An optional normal-to-panic city study and newspaper prop library.,"[{""label"": ""Book I, Chapter 14: In London"", ""book"": ""I"", ""chapter"": ""14"", ""title"": ""In London"", ""note"": """"}]","[""S01"", ""S02""]",,[],,[],"[""city"", ""news"", ""normality"", ""panic""]",The brother’s viewpoint supplies these London scenes.,,,,,,,
E33,entity,"Chalk Farm, Edgware and Barnet escape roads",environments,evacuation_route,,novel_fact,"Packed trains, a looted cycle shop, side lanes, dusty hedges and congested northbound traffic shape the brother’s flight and meeting with the women.",A broad side-route evacuation scene with reused carts and street pieces.,"[{""label"": ""Book I, Chapter 16: The Exodus from London"", ""book"": ""I"", ""chapter"": ""16"", ""title"": ""The Exodus from London"", ""note"": """"}]","[""S01"", ""S02""]",,[],,[],"[""road"", ""railway"", ""evacuation"", ""dust""]",Traffic violence is not a reason to require civilian combat or compulsory narrow dashes.,,,,,,,
E34,entity,"Essex farms, Chelmsford, Tillingham and unripe wheat",environments,evacuation_countryside,,novel_fact,"The party crosses hungry country, loses its pony at Chelmsford, passes deserted Tillingham and sleeps in unripe wheat before reaching the sea.",Optional farmland and evacuation vignette kit.,"[{""label"": ""Book I, Chapter 17: The “Thunder Child”"", ""book"": ""I"", ""chapter"": ""17"", ""title"": ""The “Thunder Child”"", ""note"": """"}]","[""S01"", ""S02""]",,[],,[],"[""farms"", ""food"", ""evacuation"", ""wheat""]","These are secondary-story locations, not mandatory additions to the five-level route.",,,,,,,
E35,entity,"Blackwater, Foulness and the Essex coast",environments,coastal_battle,,novel_fact,"Mudflats, calm sea and a great crescent of evacuation vessels become the stage for three approaching tripods and Thunder Child’s charge.","Optional major composition or coastal set piece, using two machine silhouettes and a human ram ship.","[{""label"": ""Book I, Chapter 17: The “Thunder Child”"", ""book"": ""I"", ""chapter"": ""17"", ""title"": ""The “Thunder Child”"", ""note"": """"}]","[""S01"", ""S02""]",,"[""G06""]",,[],"[""coast"", ""mudflat"", ""shipping"", ""thunder_child""]",Keep this as a secondary-source route option if the core act ends in London.,,,,,,,
E36,entity,Pool of London and Tower Bridge,environments,evacuation_waterfront,,novel_fact,"Shipping jams, desperate embarkation, Black Smoke near bridge arches and a Martian entering the river leave wreckage by Limehouse.",A harrowing waterfront reference and alternate evacuation composition.,"[{""label"": ""Book I, Chapter 17: The “Thunder Child”"", ""book"": ""I"", ""chapter"": ""17"", ""title"": ""The “Thunder Child”"", ""note"": """"}]","[""S01"", ""S02""]",,[],,[],"[""waterfront"", ""bridge"", ""shipping"", ""panic""]",A huge crowded ship system would add scope; treat art studies as exploration.,,,,,,,
E37,entity,"Repaired railways, Woking return and recovery streets",environments,recovery_setting,,novel_fact,"Temporary rails, rebuilt lines, distributed bread, yellow-faced survivors, returning trade and the narrator’s still-empty house mark partial recovery.",An ending tableau contrasting activity with lingering damage.,"[{""label"": ""Book II, Chapter 9: Wreckage"", ""book"": ""II"", ""chapter"": ""9"", ""title"": ""Wreckage"", ""note"": """"}, {""label"": ""Book II, Chapter 10: The Epilogue"", ""book"": ""II"", ""chapter"": ""10"", ""title"": ""The Epilogue"", ""note"": """"}]","[""S01"", ""S02""]",,[],,[],"[""recovery"", ""railway"", ""home"", ""aftermath""]",Relief and reunion do not erase the epilogue’s trauma or fear of another invasion.,,,,,,,
E38,entity,Venus and distant invasion hypothesis,environments,offworld_hypothesis,,novel_fact,The epilogue reports Lessing’s argument from markings that Martians may have reached Venus.,A research appendix or distant unresolved-sky motif.,"[{""label"": ""Book II, Chapter 10: The Epilogue"", ""book"": ""II"", ""chapter"": ""10"", ""title"": ""The Epilogue"", ""note"": """"}]","[""S01"", ""S02""]",,[],,[],"[""offworld"", ""venus"", ""hypothesis""]","This is an in-world hypothesis, not a witnessed sequel location or established playable planet.",,,,,,,
E39,entity,Underground London imagined by the artilleryman,environments,hypothetical_setting,,interpretation,"The artilleryman imagines drains, cellars, tunnels, museums and hidden knowledge supporting a selected human community.",A proposed optional cellar exercise may borrow the idea at very small scale.,"[{""label"": ""Book II, Chapter 7: The Man on Putney Hill"", ""book"": ""II"", ""chapter"": ""7"", ""title"": ""The Man on Putney Hill"", ""note"": """"}]","[""S01"", ""S02""]",,[],,[],"[""hypothetical"", ""underground"", ""unreliable""]",A functioning underground resistance city is not a canonical environment already visited; his tunnel is modest and his plan problematic.,,,,,,,
T01,entity,Interplanetary cylinders and screw lids,technology,alien_transport,,novel_fact,"Ten launches are observed from Mars. Huge metal cylinders arrive with burned scale, unscrewing circular lids and equipment within; the first is about thirty yards across.","A dominant landing prop with dark cavity, yellow-white rim, broken lid and impact debris.","[{""label"": ""Book I, Chapter 1: The Eve of the War"", ""book"": ""I"", ""chapter"": ""1"", ""title"": ""The Eve of the War"", ""note"": """"}, {""label"": ""Book I, Chapter 2: The Falling Star"", ""book"": ""I"", ""chapter"": ""2"", ""title"": ""The Falling Star"", ""note"": """"}, {""label"": ""Book I, Chapter 4: The Cylinder Opens"", ""book"": ""I"", ""chapter"": ""4"", ""title"": ""The Cylinder Opens"", ""note"": """"}, {""label"": ""Book I, Chapter 8: Friday Night"", ""book"": ""I"", ""chapter"": ""8"", ""title"": ""Friday Night"", ""note"": """"}, {""label"": ""Book II, Chapter 1: Under Foot"", ""book"": ""II"", ""chapter"": ""1"", ""title"": ""Under Foot"", ""note"": """"}, {""label"": ""Book II, Chapter 2: What We Saw from the Ruined House"", ""book"": ""II"", ""chapter"": ""2"", ""title"": ""What We Saw from the Ruined House"", ""note"": """"}]","[""S01"", ""S02""]",,"[""G05"", ""G12"", ""G16"", ""G18""]",,[],"[""cylinder"", ""transport"", ""metal"", ""landing""]",Cylinder count and daily arrivals are narrative observations; no invented missile cockpit or rocket fins are required.,,,,,,,
T02,entity,Martian firing gun on Mars,technology,offstage_alien_machine,,interpretation,"The narrator infers an immense Martian gun from observations of light, gas and the arrival of projectiles.",A speculative opening silhouette if needed.,"[{""label"": ""Book I, Chapter 1: The Eve of the War"", ""book"": ""I"", ""chapter"": ""1"", ""title"": ""The Eve of the War"", ""note"": """"}, {""label"": ""Book II, Chapter 10: The Epilogue"", ""book"": ""II"", ""chapter"": ""10"", ""title"": ""The Epilogue"", ""note"": """"}]","[""S01"", ""S02""]",,[],,[],"[""gun"", ""offworld"", ""inference""]","The casting and location of the gun are inferred, not witnessed; retain that qualification.",,,,,,,
T03,entity,Fighting-machine / flexible tripod,technology,alien_machine,,novel_fact,"A towering walking machine has three articulated legs, a moving brazen hood, flexible metallic tentacles and rear carrier. It can bend knees, shorten legs and cross water.",Central combat threat; stage a reachable foot or lowered joint so dash and slash remain meaningful.,"[{""label"": ""Book I, Chapter 10: In the Storm"", ""book"": ""I"", ""chapter"": ""10"", ""title"": ""In the Storm"", ""note"": """"}, {""label"": ""Book I, Chapter 11: At the Window"", ""book"": ""I"", ""chapter"": ""11"", ""title"": ""At the Window"", ""note"": """"}, {""label"": ""Book I, Chapter 12: What I Saw of the Destruction of Weybridge and Shepperton"", ""book"": ""I"", ""chapter"": ""12"", ""title"": ""What I Saw of the Destruction of Weybridge and Shepperton"", ""note"": """"}, {""label"": ""Book I, Chapter 15: What Had Happened in Surrey"", ""book"": ""I"", ""chapter"": ""15"", ""title"": ""What Had Happened in Surrey"", ""note"": """"}, {""label"": ""Book II, Chapter 8: Dead London"", ""book"": ""II"", ""chapter"": ""8"", ""title"": ""Dead London"", ""note"": """"}]","[""S01"", ""S02""]",,"[""G06"", ""G11"", ""G12"", ""G20""]",,[],"[""tripod"", ""combat"", ""flexible"", ""hood""]",It is neither a rigid stilt saucer nor a humanoid armoured soldier. Exposed slashable weak points are game inventions.,,,,,,,
T04,entity,Heat-Ray case and parabolic projection,technology,alien_weapon,,novel_fact,"An invisible heat beam ignites combustibles, softens metal, damages glass and flashes water to steam. The generator appears as a camera-like case; a parabolic-mirror mechanism is proposed rather than proven.","Pale floor shapes and moving tells communicate aim; flame, steam and debris convey active heat.","[{""label"": ""Book I, Chapter 5: The Heat-Ray"", ""book"": ""I"", ""chapter"": ""5"", ""title"": ""The Heat-Ray"", ""note"": """"}, {""label"": ""Book I, Chapter 6: The Heat-Ray in the Chobham Road"", ""book"": ""I"", ""chapter"": ""6"", ""title"": ""The Heat-Ray in the Chobham Road"", ""note"": """"}, {""label"": ""Book I, Chapter 11: At the Window"", ""book"": ""I"", ""chapter"": ""11"", ""title"": ""At the Window"", ""note"": """"}, {""label"": ""Book I, Chapter 12: What I Saw of the Destruction of Weybridge and Shepperton"", ""book"": ""I"", ""chapter"": ""12"", ""title"": ""What I Saw of the Destruction of Weybridge and Shepperton"", ""note"": """"}, {""label"": ""Book II, Chapter 10: The Epilogue"", ""book"": ""II"", ""chapter"": ""10"", ""title"": ""The Epilogue"", ""note"": """"}]","[""S01"", ""S02""]",,"[""G05"", ""G11"", ""G16"", ""G20""]",,[],"[""heat_ray"", ""weapon"", ""invisible"", ""telegraph""]",The warning and any visible beam strip are game aids. The Heat-Ray’s precise physics remains unknown in the fiction.,,,,,,,
T05,entity,Black Smoke canisters and launching tube,technology,alien_weapon,,novel_fact,"A thick black tube launches canisters that break on impact without explosive detonation, releasing heavy lethal vapour that pools low and settles to dust.",A bounded ground-hazard pattern with generous clean landing pockets.,"[{""label"": ""Book I, Chapter 14: In London"", ""book"": ""I"", ""chapter"": ""14"", ""title"": ""In London"", ""note"": """"}, {""label"": ""Book I, Chapter 15: What Had Happened in Surrey"", ""book"": ""I"", ""chapter"": ""15"", ""title"": ""What Had Happened in Surrey"", ""note"": """"}, {""label"": ""Book I, Chapter 17: The “Thunder Child”"", ""book"": ""I"", ""chapter"": ""17"", ""title"": ""The “Thunder Child”"", ""note"": """"}, {""label"": ""Book II, Chapter 10: The Epilogue"", ""book"": ""II"", ""chapter"": ""10"", ""title"": ""The Epilogue"", ""note"": """"}]","[""S01"", ""S02""]",,"[""G07"", ""G12"", ""G16""]",,[],"[""black_smoke"", ""canister"", ""weapon"", ""poison""]",Do not equate it with ordinary fire smoke or a homing explosive; composition is unresolved and spectral details vary between chapters.,,,,,,,
T06,entity,Steam jet apparatus,technology,alien_machine,,novel_fact,Martians clear Black Smoke with directed superheated steam; its force shatters windows and burns the curate’s hand.,A visibly committed sweep or environmental reset in game proposals.,"[{""label"": ""Book I, Chapter 15: What Had Happened in Surrey"", ""book"": ""I"", ""chapter"": ""15"", ""title"": ""What Had Happened in Surrey"", ""note"": """"}, {""label"": ""Book II, Chapter 1: Under Foot"", ""book"": ""II"", ""chapter"": ""1"", ""title"": ""Under Foot"", ""note"": """"}]","[""S01"", ""S02""]",,"[""G16""]",,[],"[""steam"", ""clearing"", ""hazard""]",The source does not make every steam vent safe or player-operated.,,,,,,,
T07,entity,Rear metallic carrier / cage,technology,alien_capture_prop,,novel_fact,A basket-like metal carrier projects behind the fighting-machine and holds captured people.,A capture objective silhouette or aftermath prop kept at the edge of the battle space.,"[{""label"": ""Book I, Chapter 10: In the Storm"", ""book"": ""I"", ""chapter"": ""10"", ""title"": ""In the Storm"", ""note"": """"}, {""label"": ""Book II, Chapter 1: Under Foot"", ""book"": ""II"", ""chapter"": ""1"", ""title"": ""Under Foot"", ""note"": """"}, {""label"": ""Book II, Chapter 3: The Days of Imprisonment"", ""book"": ""II"", ""chapter"": ""3"", ""title"": ""The Days of Imprisonment"", ""note"": """"}]","[""S01"", ""S02""]",,[],,[],"[""carrier"", ""captives"", ""metal""]",Calling it a carrier distinguishes it from the pilot’s hood. A playable rescue is an adaptation.,,,,,,,
T08,entity,Five-legged handling-machine,technology,alien_machine,,novel_fact,"A spider/crab-like machine has five agile jointed legs, many articulated levers and grasping tentacles, and a controlling Martian visible through a plate. It unpacks, builds and probes hiding places.","The level-three boss uses a local probing arm, a locked sweep and a lowered coupler reached by ordinary attacks.","[{""label"": ""Book II, Chapter 2: What We Saw from the Ruined House"", ""book"": ""II"", ""chapter"": ""2"", ""title"": ""What We Saw from the Ruined House"", ""note"": """"}, {""label"": ""Book II, Chapter 3: The Days of Imprisonment"", ""book"": ""II"", ""chapter"": ""3"", ""title"": ""The Days of Imprisonment"", ""note"": """"}, {""label"": ""Book II, Chapter 4: The Death of the Curate"", ""book"": ""II"", ""chapter"": ""4"", ""title"": ""The Death of the Curate"", ""note"": """"}, {""label"": ""Book II, Chapter 8: Dead London"", ""book"": ""II"", ""chapter"": ""8"", ""title"": ""Dead London"", ""note"": """"}]","[""S01"", ""S02""]",,"[""G07"", ""G10"", ""G14"", ""G19""]",,[],"[""handling_machine"", ""construction"", ""five_legs"", ""tentacles""]","The novel does not name it a warrior caste. Specific combat phases, armour and damage windows are proposed.",,,,,,,
T09,entity,Digging / excavating machine,technology,alien_machine,,novel_fact,"A smaller mechanism excavates and embanks the pit with rhythmic shocks, green vapour, pipes and whistles; the narrator sees no directing Martian.",An industrial background mechanism or short ground-warning pattern.,"[{""label"": ""Book II, Chapter 2: What We Saw from the Ruined House"", ""book"": ""II"", ""chapter"": ""2"", ""title"": ""What We Saw from the Ruined House"", ""note"": """"}, {""label"": ""Book II, Chapter 3: The Days of Imprisonment"", ""book"": ""II"", ""chapter"": ""3"", ""title"": ""The Days of Imprisonment"", ""note"": """"}]","[""S01"", ""S02""]",,"[""G07""]",,[],"[""excavation"", ""industrial"", ""green_vapour""]",No visible operator does not prove modern autonomous AI; the witness reports what he can see.,,,,,,,
T10,entity,Aluminium-making apparatus,technology,alien_machine,,novel_fact,"A milk-can-like body and oscillating pear-shaped receptacle process clay into powder, clinkers and shining aluminium bars, served by a handling-machine.",A distinctive pit-side industrial prop and source of cool highlights against red-black scenery.,"[{""label"": ""Book II, Chapter 3: The Days of Imprisonment"", ""book"": ""II"", ""chapter"": ""3"", ""title"": ""The Days of Imprisonment"", ""note"": """"}]","[""S01"", ""S02""]",,[],,[],"[""aluminium"", ""manufacturing"", ""powder""]",Avoid treating this as a generic human furnace: several unusual receptacles and manipulated flows are described.,,,,,,,
T11,entity,Artificial muscles and sliding friction joints,technology,alien_mechanism,,novel_fact,Martian machinery uses electrically contracting disc-like quasi-muscles in elastic sheaths and curved sliding parts rather than ordinary wheel-dominated mechanisms.,"Close studies of sliding joints, elastic sleeves and telescoping arms distinguish the machine family.","[{""label"": ""Book II, Chapter 2: What We Saw from the Ruined House"", ""book"": ""II"", ""chapter"": ""2"", ""title"": ""What We Saw from the Ruined House"", ""note"": """"}]","[""S01"", ""S02""]",,"[""G10"", ""G16""]",,[],"[""mechanism"", ""joints"", ""artificial_muscle""]",The mechanism is fictional retrospective explanation; do not claim it as real engineering.,,,,,,,
T12,entity,Wheel-free Martian machine vocabulary,technology,alien_design_rule,,novel_fact,The narrator stresses that the Martians’ devices show no wheel use and little simple fixed-pivot circular motion.,Keep alien walking/manipulating machines separate from wheeled human transport.,"[{""label"": ""Book II, Chapter 2: What We Saw from the Ruined House"", ""book"": ""II"", ""chapter"": ""2"", ""title"": ""What We Saw from the Ruined House"", ""note"": """"}]","[""S01"", ""S02""]",,[],,[],"[""design_rule"", ""wheelless"", ""alien""]","The cylinder lid rotates, but that does not imply the walking machines should use wheels for locomotion.",,,,,,,
T13,entity,Flying-machine,technology,alien_machine,,novel_fact,A flat broad flying form is glimpsed over the coast; the final camp contains a large flying-machine that was being tried in Earth’s denser atmosphere.,A distant silhouette or dormant final-redoubt prop; optional concept exploration.,"[{""label"": ""Book I, Chapter 17: The “Thunder Child”"", ""book"": ""I"", ""chapter"": ""17"", ""title"": ""The “Thunder Child”"", ""note"": """"}, {""label"": ""Book II, Chapter 7: The Man on Putney Hill"", ""book"": ""II"", ""chapter"": ""7"", ""title"": ""The Man on Putney Hill"", ""note"": """"}, {""label"": ""Book II, Chapter 8: Dead London"", ""book"": ""II"", ""chapter"": ""8"", ""title"": ""Dead London"", ""note"": """"}, {""label"": ""Book II, Chapter 9: Wreckage"", ""book"": ""II"", ""chapter"": ""9"", ""title"": ""Wreckage"", ""note"": """"}]","[""S01"", ""S02""]",,[],,[],"[""flying_machine"", ""experimental"", ""silhouette""]","Its full configuration is poorly described. Do not claim a canonical saucer, jet fighter or aerial boss design.",,,,,,,
T14,entity,Blood-injection pipette,technology,alien_feeding_prop,,novel_fact,Martians obtain living blood and inject it through a small pipette into their own vessels instead of eating and digesting.,"A research-sheet detail or implied harvesting station, without an obligatory graphic feeding scene.","[{""label"": ""Book II, Chapter 2: What We Saw from the Ruined House"", ""book"": ""II"", ""chapter"": ""2"", ""title"": ""What We Saw from the Ruined House"", ""note"": """"}, {""label"": ""Book II, Chapter 3: The Days of Imprisonment"", ""book"": ""II"", ""chapter"": ""3"", ""title"": ""The Days of Imprisonment"", ""note"": """"}]","[""S01"", ""S02""]",,[],,[],"[""pipette"", ""feeding"", ""biology""]","This is biology and feeding equipment, not a weapon the player canonically steals.",,,,,,,
T15,entity,Martian body and sensory anatomy,technology,alien_organism,,novel_fact,"A roughly four-foot rounded head-body has grey-brown leathery skin, two enormous dark eyes, a fleshy beak-like mouth, one rear ear drum and sixteen slender tentacles in two groups of eight. It lacks nostrils and conventional digestive organs.","Anatomical character studies, curled pilot silhouette and machine scale reference.","[{""label"": ""Book I, Chapter 4: The Cylinder Opens"", ""book"": ""I"", ""chapter"": ""4"", ""title"": ""The Cylinder Opens"", ""note"": """"}, {""label"": ""Book II, Chapter 2: What We Saw from the Ruined House"", ""book"": ""II"", ""chapter"": ""2"", ""title"": ""What We Saw from the Ruined House"", ""note"": """"}]","[""S01"", ""S02""]",,"[""G04"", ""G10"", ""G16""]",,[],"[""martian"", ""anatomy"", ""sixteen_tentacles"", ""head_body""]",Do not replace this with a two-armed humanoid in armour. The narrator’s early bear-sized impression and later anatomical measurements differ in purpose.,,,,,,,
T16,entity,Martian physiological limitations and reproduction,technology,alien_organism,,novel_fact,"Earth’s gravity and atmosphere make the unclothed bodies laborious and visibly panting; the narrator reports no sleep and no sex, with reproduction by budding.","Contrast vulnerable, deliberate flesh with lively machine motion; reserve budding for a research plate.","[{""label"": ""Book I, Chapter 4: The Cylinder Opens"", ""book"": ""I"", ""chapter"": ""4"", ""title"": ""The Cylinder Opens"", ""note"": """"}, {""label"": ""Book II, Chapter 2: What We Saw from the Ruined House"", ""book"": ""II"", ""chapter"": ""2"", ""title"": ""What We Saw from the Ruined House"", ""note"": """"}]","[""S01"", ""S02""]",,"[""G04""]",,[],"[""martian"", ""physiology"", ""budding"", ""gravity""]","Some details are later reported or generalized by the narrator, not watched continuously.",,,,,,,
T17,entity,Martian communication hypothesis,technology,narrator_hypothesis,,interpretation,The narrator interprets silent coordinated work as telepathy and disputes common claims of vocal/gesture communication; elsewhere machine howls accompany signalling or continued machinery.,Use acoustic motifs and shared machine timing without requiring literal psychic mind-control gameplay.,"[{""label"": ""Book I, Chapter 15: What Had Happened in Surrey"", ""book"": ""I"", ""chapter"": ""15"", ""title"": ""What Had Happened in Surrey"", ""note"": """"}, {""label"": ""Book II, Chapter 2: What We Saw from the Ruined House"", ""book"": ""II"", ""chapter"": ""2"", ""title"": ""What We Saw from the Ruined House"", ""note"": """"}, {""label"": ""Book II, Chapter 8: Dead London"", ""book"": ""II"", ""chapter"": ""8"", ""title"": ""Dead London"", ""note"": """"}]","[""S01"", ""S02""]",,[],,[],"[""telepathy"", ""hypothesis"", ""voice"", ""uncertain""]","Telepathy is the narrator’s conviction, not a proved universal mechanic; conflicting accounts are part of the novel.",,,,,,,
T18,entity,Bipedal provision-creatures from Mars,technology,alien_organism,,novel_fact,"Shrivelled remains suggest fragile six-foot bipeds with silica-like skeletons, weak muscles and large eyes; two or three were brought in cylinders and killed before arrival.","An appendix specimen study, not a regular living Earth enemy.","[{""label"": ""Book II, Chapter 2: What We Saw from the Ruined House"", ""book"": ""II"", ""chapter"": ""2"", ""title"": ""What We Saw from the Ruined House"", ""note"": """"}]","[""S01"", ""S02""]",,[],,[],"[""provision_creatures"", ""organism"", ""specimen""]","The text presents anatomy from remains and gives no species name, culture or surviving companion character.",,,,,,,
T19,entity,Red weed,technology,alien_plant,,novel_fact,"A vivid red plant has cactus-like branching and enormous water fronds; it thrives beside streams, chokes rivers and floods meadows, then whitens, shrivels and breaks under disease.","Core environment family with living crimson, waterlogged red and brittle pale dying states.","[{""label"": ""Book II, Chapter 2: What We Saw from the Ruined House"", ""book"": ""II"", ""chapter"": ""2"", ""title"": ""What We Saw from the Ruined House"", ""note"": """"}, {""label"": ""Book II, Chapter 5: The Stillness"", ""book"": ""II"", ""chapter"": ""5"", ""title"": ""The Stillness"", ""note"": """"}, {""label"": ""Book II, Chapter 6: The Work of Fifteen Days"", ""book"": ""II"", ""chapter"": ""6"", ""title"": ""The Work of Fifteen Days"", ""note"": """"}, {""label"": ""Book II, Chapter 8: Dead London"", ""book"": ""II"", ""chapter"": ""8"", ""title"": ""Dead London"", ""note"": """"}, {""label"": ""Book II, Chapter 9: Wreckage"", ""book"": ""II"", ""chapter"": ""9"", ""title"": ""Wreckage"", ""note"": """"}]","[""S01"", ""S02""]",,"[""G08"", ""G15"", ""G16""]",,[],"[""red_weed"", ""plant"", ""water"", ""disease""]","No intelligence, grasping combat attack or toxic thorns are established. Active weed attacks would be explicit new inventions.",,,,,,,
T20,entity,Red creeper,technology,alien_plant,,novel_fact,"A separate red climbing growth threads up living trees and briefly spreads, but gains less lasting footing than red weed.","Fine red climbing strands for walls and trunks, separately named in the catalogue.","[{""label"": ""Book II, Chapter 2: What We Saw from the Ruined House"", ""book"": ""II"", ""chapter"": ""2"", ""title"": ""What We Saw from the Ruined House"", ""note"": """"}, {""label"": ""Book II, Chapter 5: The Stillness"", ""book"": ""II"", ""chapter"": ""5"", ""title"": ""The Stillness"", ""note"": """"}, {""label"": ""Book II, Chapter 7: The Man on Putney Hill"", ""book"": ""II"", ""chapter"": ""7"", ""title"": ""The Man on Putney Hill"", ""note"": """"}]","[""S01"", ""S02""]",,"[""G08"", ""G16""]",,[],"[""red_creeper"", ""plant"", ""vine"", ""transitory""]",Do not silently merge every Martian plant into one sentient vine species.,,,,,,,
T21,entity,Terrestrial bacteria and disease,technology,terrestrial_organism,,novel_fact,The narrative explains the Martian and red-weed collapse through terrestrial microbes against which they lack resistance; the epilogue treats the exact explanation as strongly probable rather than fully proved.,"The natural ending: failing machine actions, whitening plants, silent invaders and renewed daylight.","[{""label"": ""Book II, Chapter 2: What We Saw from the Ruined House"", ""book"": ""II"", ""chapter"": ""2"", ""title"": ""What We Saw from the Ruined House"", ""note"": """"}, {""label"": ""Book II, Chapter 6: The Work of Fifteen Days"", ""book"": ""II"", ""chapter"": ""6"", ""title"": ""The Work of Fifteen Days"", ""note"": """"}, {""label"": ""Book II, Chapter 8: Dead London"", ""book"": ""II"", ""chapter"": ""8"", ""title"": ""Dead London"", ""note"": """"}, {""label"": ""Book II, Chapter 10: The Epilogue"", ""book"": ""II"", ""chapter"": ""10"", ""title"": ""The Epilogue"", ""note"": """"}]","[""S01"", ""S02""]",,"[""G09"", ""G11"", ""G15"", ""G20""]",,[],"[""microbes"", ""ending"", ""disease"", ""nature""]","The player does not manufacture a cure, magic serum or final microbial projectile in the novel.",,,,,,,
T22,entity,"Dogs, crows and surviving animals",technology,terrestrial_fauna_group,,novel_fact,"Deer, cows, bats, frogs, cats, rabbits, dogs and birds persist or leave remains in occupied country. Scavenging dogs and crows reveal that Martian power has collapsed.","Restrained wildlife and silhouettes; crows are a strong ending cue, frogs a tiny persistence-of-life motif.","[{""label"": ""Book I, Chapter 12: What I Saw of the Destruction of Weybridge and Shepperton"", ""book"": ""I"", ""chapter"": ""12"", ""title"": ""What I Saw of the Destruction of Weybridge and Shepperton"", ""note"": """"}, {""label"": ""Book II, Chapter 1: Under Foot"", ""book"": ""II"", ""chapter"": ""1"", ""title"": ""Under Foot"", ""note"": """"}, {""label"": ""Book II, Chapter 5: The Stillness"", ""book"": ""II"", ""chapter"": ""5"", ""title"": ""The Stillness"", ""note"": """"}, {""label"": ""Book II, Chapter 6: The Work of Fifteen Days"", ""book"": ""II"", ""chapter"": ""6"", ""title"": ""The Work of Fifteen Days"", ""note"": """"}, {""label"": ""Book II, Chapter 7: The Man on Putney Hill"", ""book"": ""II"", ""chapter"": ""7"", ""title"": ""The Man on Putney Hill"", ""note"": """"}, {""label"": ""Book II, Chapter 8: Dead London"", ""book"": ""II"", ""chapter"": ""8"", ""title"": ""Dead London"", ""note"": """"}]","[""S01"", ""S02""]",,[],,[],"[""animals"", ""crows"", ""dogs"", ""life""]",Do not turn every animal into a hostile unit. The starving narrator’s thoughts about food should not be celebrated as a pet-hunting loop.,,,,,,,
T23,entity,Thunder Child torpedo ram,technology,human_machine,,novel_fact,A low heavy ironclad with twin funnels charges the tripods to protect evacuation shipping and destroys two despite being destroyed itself.,"A major human hero machine concept with foam, flame and low iron silhouette.","[{""label"": ""Book I, Chapter 17: The “Thunder Child”"", ""book"": ""I"", ""chapter"": ""17"", ""title"": ""The “Thunder Child”"", ""note"": """"}]","[""S01"", ""S02""]",,"[""G06""]",,[],"[""thunder_child"", ""ironclad"", ""naval"", ""sacrifice""]","Thunder Child is a ship, not a named human boss; no film-specific design is canonical to this novel.",,,,,,,
T24,entity,"Human artillery, Maxims and ammunition carts",technology,human_weapons,,novel_fact,"Field guns, concealed batteries, machine guns and giant siege guns are deployed; a well-placed shell destroys a tripod hood and another damages a leg, yet organized defence fails.",Friendly or abandoned weapon props and broad blast-debris staging.,"[{""label"": ""Book I, Chapter 8: Friday Night"", ""book"": ""I"", ""chapter"": ""8"", ""title"": ""Friday Night"", ""note"": """"}, {""label"": ""Book I, Chapter 11: At the Window"", ""book"": ""I"", ""chapter"": ""11"", ""title"": ""At the Window"", ""note"": """"}, {""label"": ""Book I, Chapter 12: What I Saw of the Destruction of Weybridge and Shepperton"", ""book"": ""I"", ""chapter"": ""12"", ""title"": ""What I Saw of the Destruction of Weybridge and Shepperton"", ""note"": """"}, {""label"": ""Book I, Chapter 14: In London"", ""book"": ""I"", ""chapter"": ""14"", ""title"": ""In London"", ""note"": """"}, {""label"": ""Book I, Chapter 15: What Had Happened in Surrey"", ""book"": ""I"", ""chapter"": ""15"", ""title"": ""What Had Happened in Surrey"", ""note"": """"}]","[""S01"", ""S02""]",,"[""G17""]",,[],"[""artillery"", ""maxim"", ""shells"", ""military""]",Do not claim ordinary handheld weapons canonically defeat whole tripods; close-range damage is a game adaptation.,,,,,,,
T25,entity,"Heliograph, searchlights and signal rockets",technology,human_communication_tools,,novel_fact,"Reflective signalling stands, hilltop searchlights and rockets relay warnings to the batteries.",Pinpoint glints and clear apparatus silhouettes in military scenes.,"[{""label"": ""Book I, Chapter 12: What I Saw of the Destruction of Weybridge and Shepperton"", ""book"": ""I"", ""chapter"": ""12"", ""title"": ""What I Saw of the Destruction of Weybridge and Shepperton"", ""note"": """"}, {""label"": ""Book I, Chapter 13: How I Fell in with the Curate"", ""book"": ""I"", ""chapter"": ""13"", ""title"": ""How I Fell in with the Curate"", ""note"": """"}, {""label"": ""Book I, Chapter 14: In London"", ""book"": ""I"", ""chapter"": ""14"", ""title"": ""In London"", ""note"": """"}, {""label"": ""Book I, Chapter 15: What Had Happened in Surrey"", ""book"": ""I"", ""chapter"": ""15"", ""title"": ""What Had Happened in Surrey"", ""note"": """"}]","[""S01"", ""S02""]",,"[""G17""]",,[],"[""heliograph"", ""signals"", ""searchlight""]",Keep player warning shapes distinguishable from decorative or narrative signal flashes.,,,,,,,
T26,entity,"Horse transport, bicycles and early motor cars",technology,human_transport_group,,novel_fact,"Dog carts, pony-chaise, hansoms, carts, bicycles and a few motor cars carry or fail the fugitives; wheels and harnesses fill dusty evacuation routes.","Reusable human transport prop kit with intact, overloaded and broken states.","[{""label"": ""Book I, Chapter 3: On Horsell Common"", ""book"": ""I"", ""chapter"": ""3"", ""title"": ""On Horsell Common"", ""note"": """"}, {""label"": ""Book I, Chapter 9: The Fighting Begins"", ""book"": ""I"", ""chapter"": ""9"", ""title"": ""The Fighting Begins"", ""note"": """"}, {""label"": ""Book I, Chapter 10: In the Storm"", ""book"": ""I"", ""chapter"": ""10"", ""title"": ""In the Storm"", ""note"": """"}, {""label"": ""Book I, Chapter 14: In London"", ""book"": ""I"", ""chapter"": ""14"", ""title"": ""In London"", ""note"": """"}, {""label"": ""Book I, Chapter 16: The Exodus from London"", ""book"": ""I"", ""chapter"": ""16"", ""title"": ""The Exodus from London"", ""note"": """"}, {""label"": ""Book I, Chapter 17: The “Thunder Child”"", ""book"": ""I"", ""chapter"": ""17"", ""title"": ""The “Thunder Child”"", ""note"": """"}]","[""S01"", ""S02""]",,"[""G02"", ""G17""]",,[],"[""carts"", ""bicycles"", ""horse"", ""vehicles""]",Human wheels contrast with alien articulated movement. A ridden-vehicle control system is outside the current gesture-only scope.,,,,,,,
T27,entity,"Railways, telegraph and newspapers",technology,human_infrastructure_group,,novel_fact,"Trains, telegraph wires and newspapers carry normality, distorted news, panic and eventual recovery; the invaders wreck or cut them.","A coherent infrastructure prop family with signal lamps, pink editions, wires and repaired rails.","[{""label"": ""Book I, Chapter 1: The Eve of the War"", ""book"": ""I"", ""chapter"": ""1"", ""title"": ""The Eve of the War"", ""note"": """"}, {""label"": ""Book I, Chapter 2: The Falling Star"", ""book"": ""I"", ""chapter"": ""2"", ""title"": ""The Falling Star"", ""note"": """"}, {""label"": ""Book I, Chapter 8: Friday Night"", ""book"": ""I"", ""chapter"": ""8"", ""title"": ""Friday Night"", ""note"": """"}, {""label"": ""Book I, Chapter 14: In London"", ""book"": ""I"", ""chapter"": ""14"", ""title"": ""In London"", ""note"": """"}, {""label"": ""Book I, Chapter 16: The Exodus from London"", ""book"": ""I"", ""chapter"": ""16"", ""title"": ""The Exodus from London"", ""note"": """"}, {""label"": ""Book I, Chapter 17: The “Thunder Child”"", ""book"": ""I"", ""chapter"": ""17"", ""title"": ""The “Thunder Child”"", ""note"": """"}, {""label"": ""Book II, Chapter 9: Wreckage"", ""book"": ""II"", ""chapter"": ""9"", ""title"": ""Wreckage"", ""note"": """"}]","[""S01"", ""S02""]",,"[""G17""]",,[],"[""railway"", ""telegraph"", ""newspapers"", ""information""]",Initial reports are inaccurate; label a newspaper’s claim as a claim rather than canonically true anatomy.,,,,,,,
T28,entity,"Pantry, cellar and ordinary survivor supplies",technology,human_props,,novel_fact,"Bread, meat, bottles, beans, tins, biscuits, a rain-water pump, hatchet, meat chopper, coal and firewood sustain or threaten the confined survivors.",A reusable close-scale survival prop family and tactile contrast to metal giants.,"[{""label"": ""Book I, Chapter 11: At the Window"", ""book"": ""I"", ""chapter"": ""11"", ""title"": ""At the Window"", ""note"": """"}, {""label"": ""Book II, Chapter 1: Under Foot"", ""book"": ""II"", ""chapter"": ""1"", ""title"": ""Under Foot"", ""note"": """"}, {""label"": ""Book II, Chapter 3: The Days of Imprisonment"", ""book"": ""II"", ""chapter"": ""3"", ""title"": ""The Days of Imprisonment"", ""note"": """"}, {""label"": ""Book II, Chapter 4: The Death of the Curate"", ""book"": ""II"", ""chapter"": ""4"", ""title"": ""The Death of the Curate"", ""note"": """"}, {""label"": ""Book II, Chapter 7: The Man on Putney Hill"", ""book"": ""II"", ""chapter"": ""7"", ""title"": ""The Man on Putney Hill"", ""note"": """"}]","[""S01"", ""S02""]",,"[""G17""]",,[],"[""pantry"", ""supplies"", ""cellar"", ""domestic""]",Food scarcity is story material; do not add hunger meters or compulsory eating without a separate gameplay decision.,,,,,,,
T29,entity,"White flag, orchids, luggage and discarded money",technology,human_props,,novel_fact,"Small valued objects—a deputation’s flag, potted orchids, household doors used as carriers, trunks and spilled sovereigns—expose human hopes and misplaced priorities.",Narrative props provide specificity and human scale across concept categories.,"[{""label"": ""Book I, Chapter 5: The Heat-Ray"", ""book"": ""I"", ""chapter"": ""5"", ""title"": ""The Heat-Ray"", ""note"": """"}, {""label"": ""Book I, Chapter 12: What I Saw of the Destruction of Weybridge and Shepperton"", ""book"": ""I"", ""chapter"": ""12"", ""title"": ""What I Saw of the Destruction of Weybridge and Shepperton"", ""note"": """"}, {""label"": ""Book I, Chapter 16: The Exodus from London"", ""book"": ""I"", ""chapter"": ""16"", ""title"": ""The Exodus from London"", ""note"": """"}]","[""S01"", ""S02""]",,"[""G17""]",,[],"[""flag"", ""orchids"", ""luggage"", ""money""]",Coins need not become an XP or permanent damage economy; civilians retain dignity.,,,,,,,
T30,entity,Postwar Martian museum specimen,technology,research_prop,,novel_fact,The epilogue mentions a nearly complete Martian preserved in spirits at the Natural History Museum.,An optional research-view plate for anatomy reference and postwar study.,"[{""label"": ""Book II, Chapter 10: The Epilogue"", ""book"": ""II"", ""chapter"": ""10"", ""title"": ""The Epilogue"", ""note"": """"}]","[""S01"", ""S02""]",,[],,[],"[""museum"", ""specimen"", ""postwar""]","A preserved specimen is a postwar object, not a living boss or playable prison.",,,,,,,
M01,entity,Complacent security before recognition,mood,mood_theme,,interpretation,"Warm domestic life, music, gardens, Sunday clothes and newspapers continue alongside an approaching catastrophe; people struggle to believe the danger applies to them.","Begin the act with brief familiar human landmarks already under pressure, trusting the experienced player to read the escalation.","[{""label"": ""Book I, Chapter 1: The Eve of the War"", ""book"": ""I"", ""chapter"": ""1"", ""title"": ""The Eve of the War"", ""note"": """"}, {""label"": ""Book I, Chapter 7: How I Reached Home"", ""book"": ""I"", ""chapter"": ""7"", ""title"": ""How I Reached Home"", ""note"": """"}, {""label"": ""Book I, Chapter 8: Friday Night"", ""book"": ""I"", ""chapter"": ""8"", ""title"": ""Friday Night"", ""note"": """"}, {""label"": ""Book I, Chapter 9: The Fighting Begins"", ""book"": ""I"", ""chapter"": ""9"", ""title"": ""The Fighting Begins"", ""note"": """"}, {""label"": ""Book I, Chapter 14: In London"", ""book"": ""I"", ""chapter"": ""14"", ""title"": ""In London"", ""note"": """"}]","[""S01"", ""S02""]",,"[""G13""]",,[],"[""normality"", ""complacency"", ""contrast""]","This is an interpretation of repeated scenes, not an alien power.",,,,,,,
M02,entity,Cosmic observation and human smallness,mood,mood_theme,,interpretation,"The observer becomes the observed: microscopic life, ants, rabbits and human cities frame a reversal of humanity’s assumed importance.",Low human figures beneath immense machines and empty sky establish scale; keep danger local and visible for play.,"[{""label"": ""Book I, Chapter 1: The Eve of the War"", ""book"": ""I"", ""chapter"": ""1"", ""title"": ""The Eve of the War"", ""note"": """"}, {""label"": ""Book I, Chapter 11: At the Window"", ""book"": ""I"", ""chapter"": ""11"", ""title"": ""At the Window"", ""note"": """"}, {""label"": ""Book II, Chapter 6: The Work of Fifteen Days"", ""book"": ""II"", ""chapter"": ""6"", ""title"": ""The Work of Fifteen Days"", ""note"": """"}, {""label"": ""Book II, Chapter 7: The Man on Putney Hill"", ""book"": ""II"", ""chapter"": ""7"", ""title"": ""The Man on Putney Hill"", ""note"": """"}, {""label"": ""Book II, Chapter 10: The Epilogue"", ""book"": ""II"", ""chapter"": ""10"", ""title"": ""The Epilogue"", ""note"": """"}]","[""S01"", ""S02""]",,"[""G13""]",,[],"[""cosmic"", ""dethronement"", ""scale""]",Scale does not require an unplayably distant camera or offscreen attacks.,,,,,,,
M03,entity,Curiosity turning into revulsion,mood,mood_theme,,interpretation,"A public scientific spectacle becomes a wet, heaving, alien emergence and sudden slaughter.","Anatomical novelty, stillness, strange moving limbs and abrupt environmental response drive the first encounter.","[{""label"": ""Book I, Chapter 2: The Falling Star"", ""book"": ""I"", ""chapter"": ""2"", ""title"": ""The Falling Star"", ""note"": """"}, {""label"": ""Book I, Chapter 3: On Horsell Common"", ""book"": ""I"", ""chapter"": ""3"", ""title"": ""On Horsell Common"", ""note"": """"}, {""label"": ""Book I, Chapter 4: The Cylinder Opens"", ""book"": ""I"", ""chapter"": ""4"", ""title"": ""The Cylinder Opens"", ""note"": """"}, {""label"": ""Book I, Chapter 5: The Heat-Ray"", ""book"": ""I"", ""chapter"": ""5"", ""title"": ""The Heat-Ray"", ""note"": """"}]","[""S01"", ""S02""]",,"[""G13"", ""G18""]",,[],"[""curiosity"", ""revulsion"", ""first_contact""]",Do not rely on gore alone or turn every curious civilian into a joke.,,,,,,,
M04,entity,Industrial sublime and intimate vulnerability,mood,mood_theme,,interpretation,Metallic bodies move with astonishing life and precision while human bodies and even Martian flesh remain fragile.,"Mix exquisite moving joints, green industrial vapour and tiny domestic props; show awe and threat together.","[{""label"": ""Book I, Chapter 10: In the Storm"", ""book"": ""I"", ""chapter"": ""10"", ""title"": ""In the Storm"", ""note"": """"}, {""label"": ""Book I, Chapter 11: At the Window"", ""book"": ""I"", ""chapter"": ""11"", ""title"": ""At the Window"", ""note"": """"}, {""label"": ""Book II, Chapter 2: What We Saw from the Ruined House"", ""book"": ""II"", ""chapter"": ""2"", ""title"": ""What We Saw from the Ruined House"", ""note"": """"}, {""label"": ""Book II, Chapter 3: The Days of Imprisonment"", ""book"": ""II"", ""chapter"": ""3"", ""title"": ""The Days of Imprisonment"", ""note"": """"}]","[""S01"", ""S02""]",,"[""G14""]",,[],"[""industrial"", ""awe"", ""mechanical"", ""vulnerability""]",The admired machine motion is canonical description; particular combat animation remains proposed.,,,,,,,
M05,entity,Panic and dissolution of social order,mood,mood_theme,,interpretation,"Crowds, bottlenecks, conflicting reports, thirst and transport failures dissolve ordinary cooperation, though pockets of care persist.",Dusty evacuation silhouettes and abandoned belongings shape the route; combat crowds should not physically imprison the player.,"[{""label"": ""Book I, Chapter 6: The Heat-Ray in the Chobham Road"", ""book"": ""I"", ""chapter"": ""6"", ""title"": ""The Heat-Ray in the Chobham Road"", ""note"": """"}, {""label"": ""Book I, Chapter 14: In London"", ""book"": ""I"", ""chapter"": ""14"", ""title"": ""In London"", ""note"": """"}, {""label"": ""Book I, Chapter 16: The Exodus from London"", ""book"": ""I"", ""chapter"": ""16"", ""title"": ""The Exodus from London"", ""note"": """"}, {""label"": ""Book I, Chapter 17: The “Thunder Child”"", ""book"": ""I"", ""chapter"": ""17"", ""title"": ""The “Thunder Child”"", ""note"": """"}]","[""S01"", ""S02""]",,"[""G14""]",,[],"[""panic"", ""crowd"", ""order"", ""scarcity""]",Avoid treating all refugees as cruel or all authority as uniformly capable.,,,,,,,
M06,entity,Failed certainty and incomplete information,mood,mood_theme,,interpretation,"Scientific, military, religious and newspaper explanations are repeatedly incomplete or wrong; later accounts retain qualifications.",Environmental reports and changing interpretations reward the experienced player’s observation of actual tells.,"[{""label"": ""Book I, Chapter 1: The Eve of the War"", ""book"": ""I"", ""chapter"": ""1"", ""title"": ""The Eve of the War"", ""note"": """"}, {""label"": ""Book I, Chapter 14: In London"", ""book"": ""I"", ""chapter"": ""14"", ""title"": ""In London"", ""note"": """"}, {""label"": ""Book I, Chapter 15: What Had Happened in Surrey"", ""book"": ""I"", ""chapter"": ""15"", ""title"": ""What Had Happened in Surrey"", ""note"": """"}, {""label"": ""Book II, Chapter 2: What We Saw from the Ruined House"", ""book"": ""II"", ""chapter"": ""2"", ""title"": ""What We Saw from the Ruined House"", ""note"": """"}, {""label"": ""Book II, Chapter 7: The Man on Putney Hill"", ""book"": ""II"", ""chapter"": ""7"", ""title"": ""The Man on Putney Hill"", ""note"": """"}, {""label"": ""Book II, Chapter 10: The Epilogue"", ""book"": ""II"", ""chapter"": ""10"", ""title"": ""The Epilogue"", ""note"": """"}]","[""S01"", ""S02""]",,"[""G13""]",,[],"[""uncertainty"", ""news"", ""belief"", ""observation""]",Do not convert unverified in-world speculation into unquestionable mechanics.,,,,,,,
M07,entity,"Confinement, hunger and moral strain",mood,mood_theme,,interpretation,"Dark domestic rooms, limited supplies, the probing tentacle and incompatible companions compress dread until survival damages moral judgement.","Level three becomes a short tense local encounter with rubble, quiet pauses and readable probe commitments.","[{""label"": ""Book II, Chapter 1: Under Foot"", ""book"": ""II"", ""chapter"": ""1"", ""title"": ""Under Foot"", ""note"": """"}, {""label"": ""Book II, Chapter 3: The Days of Imprisonment"", ""book"": ""II"", ""chapter"": ""3"", ""title"": ""The Days of Imprisonment"", ""note"": """"}, {""label"": ""Book II, Chapter 4: The Death of the Curate"", ""book"": ""II"", ""chapter"": ""4"", ""title"": ""The Death of the Curate"", ""note"": """"}, {""label"": ""Book II, Chapter 5: The Stillness"", ""book"": ""II"", ""chapter"": ""5"", ""title"": ""The Stillness"", ""note"": """"}, {""label"": ""Book II, Chapter 7: The Man on Putney Hill"", ""book"": ""II"", ""chapter"": ""7"", ""title"": ""The Man on Putney Hill"", ""note"": """"}]","[""S01"", ""S02""]",,"[""G14""]",,[],"[""claustrophobia"", ""hunger"", ""trauma"", ""moral_strain""]","The source’s prolonged imprisonment is not a required real-time wait, hunger simulation or civilian-killing objective.",,,,,,,
M08,entity,Imperial reversal and animal comparison,mood,mood_theme,,interpretation,The opening connects invasion to colonial extermination; human vulnerability and alien feeding expose the way humans dominate other beings.,Show occupation and human displacement rather than celebrate a simple conquest fantasy.,"[{""label"": ""Book I, Chapter 1: The Eve of the War"", ""book"": ""I"", ""chapter"": ""1"", ""title"": ""The Eve of the War"", ""note"": """"}, {""label"": ""Book II, Chapter 2: What We Saw from the Ruined House"", ""book"": ""II"", ""chapter"": ""2"", ""title"": ""What We Saw from the Ruined House"", ""note"": """"}, {""label"": ""Book II, Chapter 6: The Work of Fifteen Days"", ""book"": ""II"", ""chapter"": ""6"", ""title"": ""The Work of Fifteen Days"", ""note"": """"}, {""label"": ""Book II, Chapter 7: The Man on Putney Hill"", ""book"": ""II"", ""chapter"": ""7"", ""title"": ""The Man on Putney Hill"", ""note"": """"}]","[""S01"", ""S02""]",,[],,[],"[""imperialism"", ""reversal"", ""ethics"", ""animals""]",Period racial and gender prejudices require critical framing; neither narrator nor artilleryman is an unquestioned moral spokesperson.,,,,,,,
M09,entity,Alien ecological takeover,mood,mood_theme,,interpretation,"Water channels become red growths and flooded villas, making familiar country resemble another planet.",Change environmental structure and plant state across the act while keeping floor tells clean and shapes readable.,"[{""label"": ""Book II, Chapter 2: What We Saw from the Ruined House"", ""book"": ""II"", ""chapter"": ""2"", ""title"": ""What We Saw from the Ruined House"", ""note"": """"}, {""label"": ""Book II, Chapter 5: The Stillness"", ""book"": ""II"", ""chapter"": ""5"", ""title"": ""The Stillness"", ""note"": """"}, {""label"": ""Book II, Chapter 6: The Work of Fifteen Days"", ""book"": ""II"", ""chapter"": ""6"", ""title"": ""The Work of Fifteen Days"", ""note"": """"}, {""label"": ""Book II, Chapter 7: The Man on Putney Hill"", ""book"": ""II"", ""chapter"": ""7"", ""title"": ""The Man on Putney Hill"", ""note"": """"}, {""label"": ""Book II, Chapter 9: Wreckage"", ""book"": ""II"", ""chapter"": ""9"", ""title"": ""Wreckage"", ""note"": """"}]","[""S01"", ""S02""]",,"[""G14""]",,[],"[""ecology"", ""red_weed"", ""estrangement""]","The growth is biological invasion, not necessarily an intentional terraforming technology proven by the narrator.",,,,,,,
M10,entity,Profound silence after human flight,mood,mood_theme,,interpretation,"Empty roads, intact closed houses and distant repeated cries feel more disturbing than constant fighting; the cry’s cessation is a shock.",Use short silent breathing spaces and a local audible/visual cue before final collapse.,"[{""label"": ""Book I, Chapter 13: How I Fell in with the Curate"", ""book"": ""I"", ""chapter"": ""13"", ""title"": ""How I Fell in with the Curate"", ""note"": """"}, {""label"": ""Book II, Chapter 5: The Stillness"", ""book"": ""II"", ""chapter"": ""5"", ""title"": ""The Stillness"", ""note"": """"}, {""label"": ""Book II, Chapter 6: The Work of Fifteen Days"", ""book"": ""II"", ""chapter"": ""6"", ""title"": ""The Work of Fifteen Days"", ""note"": """"}, {""label"": ""Book II, Chapter 8: Dead London"", ""book"": ""II"", ""chapter"": ""8"", ""title"": ""Dead London"", ""note"": """"}]","[""S01"", ""S02""]",,"[""G15""]",,[],"[""silence"", ""desolation"", ""empty_city""]",Never require sound to identify a threat on mobile; visual tells remain complete.,,,,,,,
M11,entity,Hope through ordinary life and natural limits,mood,mood_theme,,interpretation,"Dogs, birds, frogs, dawn, microbes, kindness and relief reveal that mechanical domination was not absolute.","Reserve dawn, whitening weed, resting metal and returning human activity for the coda.","[{""label"": ""Book II, Chapter 5: The Stillness"", ""book"": ""II"", ""chapter"": ""5"", ""title"": ""The Stillness"", ""note"": """"}, {""label"": ""Book II, Chapter 7: The Man on Putney Hill"", ""book"": ""II"", ""chapter"": ""7"", ""title"": ""The Man on Putney Hill"", ""note"": """"}, {""label"": ""Book II, Chapter 8: Dead London"", ""book"": ""II"", ""chapter"": ""8"", ""title"": ""Dead London"", ""note"": """"}, {""label"": ""Book II, Chapter 9: Wreckage"", ""book"": ""II"", ""chapter"": ""9"", ""title"": ""Wreckage"", ""note"": """"}]","[""S01"", ""S02""]",,"[""G15""]",,[],"[""hope"", ""nature"", ""microbes"", ""recovery""]","Victory is human survival within an ecology, not proof that the player killed every alien.",,,,,,,
M12,entity,Trauma and uncertain future after relief,mood,mood_theme,,interpretation,"Reunion and rebuilding coexist with intrusive memories, insecurity and fear that another attack may come.","End with a regained path and human contact, while distant metal and an uneasy sky prevent a falsely triumphant total conquest ending.","[{""label"": ""Book II, Chapter 9: Wreckage"", ""book"": ""II"", ""chapter"": ""9"", ""title"": ""Wreckage"", ""note"": """"}, {""label"": ""Book II, Chapter 10: The Epilogue"", ""book"": ""II"", ""chapter"": ""10"", ""title"": ""The Epilogue"", ""note"": """"}]","[""S01"", ""S02""]",,"[""G15""]",,[],"[""trauma"", ""aftermath"", ""uncertainty"", ""reunion""]",The epilogue’s future invasion and Venus suggestions remain possibilities.,,,,,,,
B01,entity,Heat-Ray fighting tripod,bosses,recommended_boss_candidate,,game_proposal,"Canonical basis: a flexible three-legged machine aims a camera-like Heat-Ray, can bend or shorten its legs, and suffers a damaged leg at St. George’s Hill.","Game proposal: mark the player’s most recent world-space dash endpoint, visibly lock aim, commit the sweep, then lower a leg assembly into ordinary slash range. Bait, evade and punish using existing gestures.","[{""label"": ""Book I, Chapter 10: In the Storm"", ""book"": ""I"", ""chapter"": ""10"", ""title"": ""In the Storm"", ""note"": """"}, {""label"": ""Book I, Chapter 11: At the Window"", ""book"": ""I"", ""chapter"": ""11"", ""title"": ""At the Window"", ""note"": """"}, {""label"": ""Book I, Chapter 12: What I Saw of the Destruction of Weybridge and Shepperton"", ""book"": ""I"", ""chapter"": ""12"", ""title"": ""What I Saw of the Destruction of Weybridge and Shepperton"", ""note"": """"}, {""label"": ""Book I, Chapter 15: What Had Happened in Surrey"", ""book"": ""I"", ""chapter"": ""15"", ""title"": ""What Had Happened in Surrey"", ""note"": """"}]","[""S01"", ""S02""]",,"[""G11"", ""G12"", ""G20""]",,[],"[""recommended"", ""tripod"", ""heat_ray"", ""close_range""]","No named Martian warlord is added. Exposed coupler, fixed attack cycle and handheld damage are inventions. This remains distinct from the screen-space swipe-release aim anchor.",,,,,,,
B02,entity,Ruined-house handling-machine,bosses,recommended_boss_candidate,,game_proposal,"Canonical basis: a five-legged manipulator unpacks equipment, telescopes its arms and probes through the ruined house into the cellar.","Game proposal for level three: one visible arm searches a marked lane, locks into a broad sweep, and retracts; attack a reachable lowered manipulator coupler during its recovery to open an escape route.","[{""label"": ""Book II, Chapter 2: What We Saw from the Ruined House"", ""book"": ""II"", ""chapter"": ""2"", ""title"": ""What We Saw from the Ruined House"", ""note"": """"}, {""label"": ""Book II, Chapter 3: The Days of Imprisonment"", ""book"": ""II"", ""chapter"": ""3"", ""title"": ""The Days of Imprisonment"", ""note"": """"}, {""label"": ""Book II, Chapter 4: The Death of the Curate"", ""book"": ""II"", ""chapter"": ""4"", ""title"": ""The Death of the Curate"", ""note"": """"}]","[""S01"", ""S02""]",,"[""G10"", ""G19""]",,[],"[""recommended"", ""handling_machine"", ""probe"", ""level_3""]","The arena and vulnerable joint are game additions. Keep the controller and sweep origin locally visible; do not require silence input, grabbing gestures or attacking the curate.",,,,,,,
B03,entity,Black Smoke deployment tripod,bosses,alternate_boss_candidate,,game_proposal,"Canonical basis: tripods fire canisters from thick tubes, lay heavy Black Smoke, and clear it with steam.",Game proposal: canisters visibly choose ground patches with two safe landings; after deployment the unit anchors a lowered tube or support assembly that can be struck at close range. Reuse tripod assets as an alternate challenge.,"[{""label"": ""Book I, Chapter 15: What Had Happened in Surrey"", ""book"": ""I"", ""chapter"": ""15"", ""title"": ""What Had Happened in Surrey"", ""note"": """"}, {""label"": ""Book I, Chapter 17: The “Thunder Child”"", ""book"": ""I"", ""chapter"": ""17"", ""title"": ""The “Thunder Child”"", ""note"": """"}, {""label"": ""Book II, Chapter 1: Under Foot"", ""book"": ""II"", ""chapter"": ""1"", ""title"": ""Under Foot"", ""note"": """"}]","[""S01"", ""S02""]",,"[""G12""]",,[],"[""alternate"", ""black_smoke"", ""tripod"", ""space_control""]","Optional candidate, not a third mandatory main boss. Clear gaps and finite footprints are inventions for readable mobile play, not a claim that the novel’s gas was fair to evade.",,,,,,,
B04,entity,Shepperton river interception,bosses,set_piece_candidate,,game_proposal,Canonical basis: artillery decapitates a tripod at Shepperton; Thunder Child later rams two machines while protecting refugees.,"Game proposal: a riverbank escape set piece uses locked leg placements, steam patches and a lowered damaged leg to clear a civilian route; human support can be shown in the distance.","[{""label"": ""Book I, Chapter 12: What I Saw of the Destruction of Weybridge and Shepperton"", ""book"": ""I"", ""chapter"": ""12"", ""title"": ""What I Saw of the Destruction of Weybridge and Shepperton"", ""note"": """"}, {""label"": ""Book I, Chapter 17: The “Thunder Child”"", ""book"": ""I"", ""chapter"": ""17"", ""title"": ""The “Thunder Child”"", ""note"": """"}]","[""S01"", ""S02""]",,"[""G12""]",,[],"[""set_piece"", ""river"", ""steam"", ""thunder_child""]",A set piece rather than a named villain. Do not merge the geographically separate Shepperton and Essex battles into one supposedly literal novel scene.,,,,,,,
B05,entity,Primrose Hill failing sentry,bosses,recommended_climax_candidate,,game_proposal,"Canonical basis: the narrator approaches motionless tripods and finds the final encampment dead, with bacteria explaining the collapse and birds gathered around the hoods.","Game proposal for level five: the last still-functioning tripod repeats established locked rays and foot placements, exposes a low brace, and can be disabled enough to escape. The subsequent wider collapse is natural disease, shown by silence, pale weed and birds.","[{""label"": ""Book II, Chapter 8: Dead London"", ""book"": ""II"", ""chapter"": ""8"", ""title"": ""Dead London"", ""note"": """"}, {""label"": ""Book II, Chapter 10: The Epilogue"", ""book"": ""II"", ""chapter"": ""10"", ""title"": ""The Epilogue"", ""note"": """"}]","[""S01"", ""S02""]",,"[""G11"", ""G20""]",,[],"[""recommended"", ""climax"", ""level_5"", ""microbes"", ""tripod""]",An active encounter before the canonical discovery is deliberate adaptation. Damage to one machine does not cause the alien species’ defeat; preserve the microbial coda and avoid a supreme alien commander.,,,,,,,
C100,entity,Smith’s newspaper concession,characters,historical_business_reference,,novel_fact,The narrator remarks that a boy selling news at Woking junction intrudes on Smith’s newspaper-selling monopoly.,An incidental newspaper-trade annotation rather than a cast portrait.,"[{""label"": ""Book I, Chapter 8: Friday Night"", ""book"": ""I"", ""chapter"": ""8"", ""title"": ""Friday Night"", ""note"": """"}]","[""S01"", ""S02""]",,[],,[],"[""business"", ""allusive"", ""non_cast"", ""newspapers""]","Smith is a business-name reference in this passage, not an onstage individual whose biography the novel supplies.",,,,,,,
C101,entity,Ray Scout,characters,proposed_regular_machine_variant,,game_proposal,A new game enemy role built from the canonical aimed Heat-Ray and articulated machine vocabulary.,"Proposed A2-E1: a smaller heat-projecting unit visibly locks a short lane after tracking, commits, then exposes a reachable recovery opening. Introduce its changed timing briefly; the player already knows the gestures.","[{""label"": ""Book I, Chapter 5: The Heat-Ray"", ""book"": ""I"", ""chapter"": ""5"", ""title"": ""The Heat-Ray"", ""note"": """"}, {""label"": ""Book I, Chapter 11: At the Window"", ""book"": ""I"", ""chapter"": ""11"", ""title"": ""At the Window"", ""note"": """"}]","[""S01"", ""S02""]",,"[""G18""]",A2-E1,"[""T03"", ""T04""]","[""adaptation"", ""regular_enemy"", ""heat_ray"", ""A2-E1""]","No Martian scout species or named Ray Scout appears in Wells. Exact dimensions, health, tells and weak points require testing.",,,,,,,
C102,entity,Canister Tender,characters,proposed_regular_machine_variant,,game_proposal,A new game role built from a canister-launching machine and the Black Smoke’s low pooling behaviour.,Proposed A2-E2: announce a local deposit and leave two clean normal-dash landings; a short deployment recovery permits an ordinary close-range attack.,"[{""label"": ""Book I, Chapter 15: What Had Happened in Surrey"", ""book"": ""I"", ""chapter"": ""15"", ""title"": ""What Had Happened in Surrey"", ""note"": """"}]","[""S01"", ""S02""]",,"[""G19""]",A2-E2,"[""T03"", ""T05""]","[""adaptation"", ""regular_enemy"", ""black_smoke"", ""A2-E2""]","Canister Tender is an invented role, not an authenticated Martian caste. Bounded clouds and player-safe reset rules are game changes.",,,,,,,
C103,entity,Salvage Handler,characters,proposed_regular_machine_variant,,game_proposal,A smaller new gameplay role derived from the novel’s construction and probing handling-machine.,"Proposed A2-E3: a visible telescoping arm marks a short sweep or probe, fixes its lane, and retracts with a reachable recovery opening. Later combinations test landing choices rather than new inputs.","[{""label"": ""Book II, Chapter 2: What We Saw from the Ruined House"", ""book"": ""II"", ""chapter"": ""2"", ""title"": ""What We Saw from the Ruined House"", ""note"": """"}, {""label"": ""Book II, Chapter 4: The Death of the Curate"", ""book"": ""II"", ""chapter"": ""4"", ""title"": ""The Death of the Curate"", ""note"": """"}]","[""S01"", ""S02""]",,"[""G19""]",A2-E3,"[""T08"", ""T11""]","[""adaptation"", ""regular_enemy"", ""handling_machine"", ""A2-E3""]","The role name, combat scale and behaviour are proposed; retain the five-legged handling-machine family and avoid claiming a canonical warrior caste.",,,,,,,
E40,entity,Stanmore surgeon’s home and Pinner errand,environments,offstage_domestic_setting,,novel_fact,"George returns from a dangerous case at Pinner to his Stanmore home, prepares the women’s escape and stays to warn neighbours. Mrs. Elphinstone longs to return there.",A packed pony-chaise departure or absent-home motif.,"[{""label"": ""Book I, Chapter 16: The Exodus from London"", ""book"": ""I"", ""chapter"": ""16"", ""title"": ""The Exodus from London"", ""note"": """"}, {""label"": ""Book I, Chapter 17: The “Thunder Child”"", ""book"": ""I"", ""chapter"": ""17"", ""title"": ""The “Thunder Child”"", ""note"": """"}]","[""S01"", ""S02""]",,[],,[],"[""offstage"", ""home"", ""surgeon"", ""separation""]",The narrator does not visit these places; their role is supplied through the women’s account.,,,,,,,
E41,entity,"Newhaven, Harwich and Ostend escape destinations",environments,refuge_destination_group,,novel_fact,"The narrator considers taking his wife out through Newhaven; his brother plans toward Harwich, then boards a boat advertised as going to Ostend.","Route-map labels and refugee hopes, rather than three compulsory new game areas.","[{""label"": ""Book I, Chapter 12: What I Saw of the Destruction of Weybridge and Shepperton"", ""book"": ""I"", ""chapter"": ""12"", ""title"": ""What I Saw of the Destruction of Weybridge and Shepperton"", ""note"": """"}, {""label"": ""Book I, Chapter 16: The Exodus from London"", ""book"": ""I"", ""chapter"": ""16"", ""title"": ""The Exodus from London"", ""note"": """"}, {""label"": ""Book I, Chapter 17: The “Thunder Child”"", ""book"": ""I"", ""chapter"": ""17"", ""title"": ""The “Thunder Child”"", ""note"": """"}]","[""S01"", ""S02""]",,[],,[],"[""offstage"", ""refuge"", ""ports"", ""evacuation""]",These destinations are considered or announced; the novel does not depict a completed stay in each.,,,,,,,
E42,entity,Foundling Hospital church and Albany Street Barracks,environments,london_institution_group,,novel_fact,The brother attends church at the Foundling Hospital; later drums and trumpets from the barracks join bells and police warnings as London wakes to danger.,Two city atmosphere studies with a worship interior or early-dawn doorway scene.,"[{""label"": ""Book I, Chapter 14: In London"", ""book"": ""I"", ""chapter"": ""14"", ""title"": ""In London"", ""note"": """"}]","[""S01"", ""S02""]",,[],,[],"[""church"", ""barracks"", ""london"", ""panic""]","Distinct London institutions are grouped for asset scope, not claimed to share one site.",,,,,,,
E43,entity,Castle Hill survivor island and Street Cobham spire refuge,environments,high_ground_refuge_group,,novel_fact,"The Black Smoke cuts off a group on Castle Hill; a Street Cobham man survives above it on a church spire, seeing buildings emerge from a velvet-black expanse.",A high-landmark scene that explains the low-lying hazard’s geography.,"[{""label"": ""Book I, Chapter 15: What Had Happened in Surrey"", ""book"": ""I"", ""chapter"": ""15"", ""title"": ""What Had Happened in Surrey"", ""note"": """"}, {""label"": ""Book I, Chapter 16: The Exodus from London"", ""book"": ""I"", ""chapter"": ""16"", ""title"": ""The Exodus from London"", ""note"": """"}]","[""S01"", ""S02""]",,[],,[],"[""high_ground"", ""black_smoke"", ""refuge"", ""reported""]","These refuges are separate places and reported scenes. The game should not require precision climbing, which the gesture system does not support.",,,,,,,
E44,entity,Waltham Abbey Powder Mills and Hounslow powder works,environments,military_industrial_reference,,novel_fact,The narrator wonders whether the Hounslow works might serve as a trap; the brother later hears that destroying the Waltham Abbey mills failed to blow up an invader.,An abandoned powder-work prop concept or distant failed-defence reference.,"[{""label"": ""Book I, Chapter 15: What Had Happened in Surrey"", ""book"": ""I"", ""chapter"": ""15"", ""title"": ""What Had Happened in Surrey"", ""note"": """"}, {""label"": ""Book I, Chapter 17: The “Thunder Child”"", ""book"": ""I"", ""chapter"": ""17"", ""title"": ""The “Thunder Child”"", ""note"": """"}]","[""S01"", ""S02""]",,[],,[],"[""industrial"", ""powder"", ""military"", ""reported""]","Hounslow’s use as a snare is a question, not an event; the Waltham Abbey account is received news.",,,,,,,
C104,entity,Doctor leaving Woking toward Send,characters,incidental_human,,novel_fact,The narrator sees a doctor’s cart ahead while escaping Maybury and overtakes the doctor between Woking and Send.,A small professional civilian silhouette on the evacuation road.,"[{""label"": ""Book I, Chapter 9: The Fighting Begins"", ""book"": ""I"", ""chapter"": ""9"", ""title"": ""The Fighting Begins"", ""note"": """"}]","[""S01"", ""S02""]",,[],,[],"[""incidental"", ""doctor"", ""evacuation""]",The doctor is unnamed and does not receive a later narrated outcome.,,,,,,,
C105,entity,Man negotiating the Spotted Dog’s pig sale,characters,incidental_human,,novel_fact,An unnamed man is talking with the publican when the narrator interrupts to borrow the horse and dog cart; the landlord explains he is selling his bit of a pig.,An ordinary commerce vignette in a pub doorway.,"[{""label"": ""Book I, Chapter 9: The Fighting Begins"", ""book"": ""I"", ""chapter"": ""9"", ""title"": ""The Fighting Begins"", ""note"": """"}]","[""S01"", ""S02""]",,[],,[],"[""incidental"", ""commerce"", ""normality""]","The conversation gives a role context, not a biography or later fate.",,,,,,,
C106,entity,Terrified passer-by in the Maybury storm,characters,incidental_human,,novel_fact,"A man collides with the soaked narrator, cries out and runs away before either can speak further.",A brief glimpse of frightened life during the lightning sequence.,"[{""label"": ""Book I, Chapter 10: In the Storm"", ""book"": ""I"", ""chapter"": ""10"", ""title"": ""In the Storm"", ""note"": """"}]","[""S01"", ""S02""]",,[],,[],"[""incidental"", ""storm"", ""panic""]",Do not merge him with the publican’s body found farther uphill.,,,,,,,
C107,entity,Henderson’s cycling messenger,characters,incidental_human,,novel_fact,Henderson sends a messenger on a bicycle to the post office with a special wire describing the opening cylinder.,A bicycle and news-delivery link between the common and town.,"[{""label"": ""Book I, Chapter 6: The Heat-Ray in the Chobham Road"", ""book"": ""I"", ""chapter"": ""6"", ""title"": ""The Heat-Ray in the Chobham Road"", ""note"": """"}]","[""S01"", ""S02""]",,[],,[],"[""incidental"", ""messenger"", ""bicycle"", ""news""]",The messenger is unnamed and distinct from the narrator’s newspaper boy.,,,,,,,
C108,entity,Byfleet evacuee interviewed by the brother,characters,incidental_human,,novel_fact,"A man from Byfleet tells the brother that a cyclist warned households, soldiers arrived, smoke rose to the south and the town emptied.",A civilian report exchange in the London approach.,"[{""label"": ""Book I, Chapter 14: In London"", ""book"": ""I"", ""chapter"": ""14"", ""title"": ""In London"", ""note"": """"}]","[""S01"", ""S02""]",,[],,[],"[""incidental"", ""refugee"", ""news"", ""reported""]",The cyclist’s warning is reported inside his account; the man does not personally witness every event elsewhere.,,,,,,,
G01,artwork,Principal human cast,characters,,concept-sheet,game_proposal,Core named and major unnamed human roles; appearances and protagonist blade are game proposals.,,,"[""S01"", ""S02""]","[""C01"", ""C02"", ""C03"", ""C04"", ""C05"", ""C06"", ""C07"", ""C08""]",,,,[],"Original generated game concept; not an archival image, production asset, or implemented level. Details and layouts are proposals. Decorative text and any quotation-like captions on generated boards are unverified graphic embellishments, not quotations from Wells.",../../concept-art/act2/characters/principal-human-cast.png,generated,True,6378e468f9a419c477f291cb6dad386f63df5e27a1078601bbf1f7c85b323cf4,2505699,1536,1024
G02,artwork,Civilians and minor encounters,characters,,concept-sheet,game_proposal,Minor-cast costume exploration; incidental roles and optional costume variants are marked as visual proposals.,,,"[""S01"", ""S02""]","[""C09"", ""C10"", ""C12"", ""C13"", ""C14"", ""C15"", ""C66"", ""C43"", ""C72"", ""T26""]",,,,[],"Original generated game concept; not an archival image, production asset, or implemented level. Details and layouts are proposals. The generic scientist, porter and cyclist are optional costume-role studies, not new named novel characters.",../../concept-art/act2/characters/civilians-and-minor-encounters.png,generated,True,5b040e16046d27a5f3a9acebca4ddf721c0378a40722521cf8856c4728b41d14,3053637,1536,1024
G03,artwork,Refugees and defenders,characters,,concept-sheet,game_proposal,"Role-group studies for civilian scenery and defenders, with a crowd-readability strip.",,,"[""S01"", ""S02""]","[""C20"", ""C49"", ""C51"", ""C57"", ""C62"", ""C75"", ""C80"", ""C86"", ""C87"", ""C96""]",,,,[],"Original generated game concept; not an archival image, production asset, or implemented level. Details and layouts are proposals.",../../concept-art/act2/characters/refugees-and-defenders.png,generated,True,ddb4d8ddb37262ca5e07f95b9676aa10ce47bd27b3fb9ddb2df94aa4a22a08f8,2906150,1536,1024
G04,artwork,Martian anatomy and machine operators,characters,,concept-sheet,game_proposal,Source-based Martian anatomy; cockpit interface and exact appearance remain interpretive.,,,"[""S01"", ""S02""]","[""C98"", ""T15"", ""T16""]",,,,[],"Original generated game concept; not an archival image, production asset, or implemented level. Details and layouts are proposals. Reviewed and revised to remove an unverified attributed quotation. Tentacle pose and cockpit details are illustrative, not exact anatomical or engineering reconstructions.",../../concept-art/act2/characters/martian-anatomy-and-operators.png,generated,True,465be926c8416344200296e904f1b3004203da4cd27b1fbcacee0467b9eacb25,2698621,1536,1024
G05,artwork,Horsell Common environment kit,environments,,concept-sheet,game_proposal,"Level 1 landscape, cylinder and reusable common kit.",,,"[""S01"", ""S02""]","[""E03"", ""E04"", ""E05"", ""T01"", ""T04""]",,,,[],"Original generated game concept; not an archival image, production asset, or implemented level. Details and layouts are proposals.",../../concept-art/act2/environments/horsell-common.png,generated,True,33a7542ea38a7b5a05e91c5cdb7138e2af0a447b7eacb656b4625755bb3da4f0,3267759,1536,1024
G06,artwork,Weybridge and Shepperton environment kit,environments,,concept-sheet,game_proposal,Level 2 river/street kit; coastal Thunder Child vignette is geographically separate.,,,"[""S01"", ""S02""]","[""E12"", ""E13"", ""E14"", ""T03"", ""T23"", ""E35""]",,,,[],"Original generated game concept; not an archival image, production asset, or implemented level. Details and layouts are proposals.",../../concept-art/act2/environments/weybridge-shepperton.png,generated,True,7f51c0c40870753011b6feeca5c3151f11cd676f4dd58320c07527184738778c,3187390,1536,1024
G07,artwork,Black Smoke and ruined house environment kit,environments,,concept-sheet,game_proposal,"Level 3 ruined-house/pit and smoke kit, with ground-level gameplay adaptation.",,,"[""S01"", ""S02""]","[""E20"", ""E21"", ""T05"", ""T08"", ""T09"", ""E17""]",,,,[],"Original generated game concept; not an archival image, production asset, or implemented level. Details and layouts are proposals.",../../concept-art/act2/environments/black-smoke-ruined-house.png,generated,True,35070da144b4ae8f64916c9b568685a7fd2744f1eb8526ae6b11dd37f0a59fcb,3226887,1536,1024
G08,artwork,Red Weed and London approaches kit,environments,,concept-sheet,game_proposal,"Level 4 invasive weed, urban approach modules and decay states.",,,"[""S01"", ""S02""]","[""E19"", ""E22"", ""E23"", ""E24"", ""E25"", ""T19"", ""T20""]",,,,[],"Original generated game concept; not an archival image, production asset, or implemented level. Details and layouts are proposals.",../../concept-art/act2/environments/red-weed-london-approaches.png,generated,True,d8cabb23e296027ed96bfbfd55d1d96ab7634325de572e2ac6630a5a0e832d3d,3025285,1536,1024
G09,artwork,Dead London and Regent's Park kit,environments,,concept-sheet,game_proposal,"Level 5 London silence, encampment scale and microbial-collapse aftermath.",,,"[""S01"", ""S02""]","[""E26"", ""E27"", ""E28"", ""E30"", ""E31"", ""T21""]",,,,[],"Original generated game concept; not an archival image, production asset, or implemented level. Details and layouts are proposals.",../../concept-art/act2/environments/dead-london-regents-park.png,generated,True,f287720f9efa10cdb0e0c9e513ff4931ce0e224af6464f1f6e8d7f05cf22191e,3381042,1536,1024
G10,artwork,Handling-machine boss studies,bosses,,concept-sheet,game_proposal,Assigned Level 3 boss; canonical machine with proposed capture/sweep and melee openings.,,,"[""S01"", ""S02""]","[""B02"", ""T08"", ""T11"", ""C98"", ""T15""]",,,,[],"Original generated game concept; not an archival image, production asset, or implemented level. Details and layouts are proposals. Selected revision corrects the operator across all state panels using the Martian anatomy board. The superseded humanoid-operator pass is retained only in revisions/ and excluded from the gallery.",../../concept-art/act2/bosses/handling-machine-boss-v2.png,generated,True,1696af701d1694d21f442dd6354f880e98733edf5f7ec582bb7bd5705bfe737b,2914018,1536,1024
G11,artwork,Fighting-tripod boss studies,bosses,,concept-sheet,game_proposal,Assigned Level 5 boss. Joint attacks and telegraphs are adaptations; microbial ending retained.,,,"[""S01"", ""S02""]","[""B01"", ""B05"", ""T03"", ""T04"", ""T21""]",,,,[],"Original generated game concept; not an archival image, production asset, or implemented level. Details and layouts are proposals.",../../concept-art/act2/bosses/fighting-tripod-boss.png,generated,True,5b04a275d761b26a453d1104e9c06bede2383d127532d7afede56f5c216086a9,3128774,1222,1287
G12,artwork,Alternative boss and set-piece candidates,bosses,,concept-sheet,game_proposal,"Source-derived encounter options; unselected alternatives, not extra planned bosses.",,,"[""S01"", ""S02""]","[""B01"", ""B03"", ""B04"", ""T01"", ""T05"", ""T03""]",,,,[],"Original generated game concept; not an archival image, production asset, or implemented level. Details and layouts are proposals.",../../concept-art/act2/bosses/boss-candidate-comparison.png,generated,True,46fdca2a4749331c3235cde7f3940cefda70a6ed10820621426d9d702d815a40,3233419,1536,1024
G13,artwork,Mood: scientific curiosity becomes dread,mood,,concept-sheet,game_proposal,"Mood arc: curiosity, complacency and sudden terror.",,,"[""S01"", ""S02""]","[""M01"", ""M02"", ""M03"", ""M06"", ""C06"", ""E02"", ""E03"", ""C51""]",,,,[],"Original generated game concept; not an archival image, production asset, or implemented level. Details and layouts are proposals. The printed winter-sky swatch and visible light-cone effects are unverified image-model embellishments; this board supplies mood rather than source evidence about season or Heat-Ray visibility.",../../concept-art/act2/mood/curiosity-to-dread.png,generated,True,04d20dd354a22030767f72107f0564781d8df7ea43888db8eb63c26cfa79700a,2943051,1536,1024
G14,artwork,Mood: flight and enclosure,mood,,concept-sheet,game_proposal,"Mood arc: displacement, confinement and survival under occupation.",,,"[""S01"", ""S02""]","[""M04"", ""M05"", ""M07"", ""M09"", ""E20"", ""C75"", ""T08""]",,,,[],"Original generated game concept; not an archival image, production asset, or implemented level. Details and layouts are proposals.",../../concept-art/act2/mood/flight-and-enclosure.png,generated,True,9bc566d63b74826c185a1372985507d74d19ebc28ae0c5ea37d852b30f15709b,3490602,1024,1536
G15,artwork,Mood: silence and fragile recovery,mood,,concept-sheet,game_proposal,"Mood arc: desolation, halted invasion, grief and recovery.",,,"[""S01"", ""S02""]","[""M10"", ""M11"", ""M12"", ""E28"", ""E30"", ""C01"", ""C02"", ""T21"", ""T19""]",,,,[],"Original generated game concept; not an archival image, production asset, or implemented level. Details and layouts are proposals.",../../concept-art/act2/mood/silence-and-recovery.png,generated,True,4f6693a382e157c510877eb335e7b4138b1a34ebfdb59d54ccfafd4c090bbebd,3018191,1024,1536
G16,artwork,Martian technology and organisms,props,,concept-sheet,game_proposal,Alien apparatus/plant study; warning sample explicitly a game adaptation.,,,"[""S01"", ""S02""]","[""T01"", ""T04"", ""T05"", ""T06"", ""T11"", ""T19"", ""T20"", ""T15""]",,,,[],"Original generated game concept; not an archival image, production asset, or implemented level. Details and layouts are proposals.",../../concept-art/act2/props/martian-technology.png,generated,True,d7bb3d36baf62bf424387f436dbc5145fdf6504753d7b45e91815569501b535b,3456473,1024,1536
G17,artwork,Victorian survival props and ruin modules,props,,concept-sheet,game_proposal,Period-world props and reuse modules; object appearances are proposed design studies.,,,"[""S01"", ""S02""]","[""T24"", ""T25"", ""T26"", ""T27"", ""T28"", ""T29"", ""E20"", ""C51"", ""E02""]",,,,[],"Original generated game concept; not an archival image, production asset, or implemented level. Details and layouts are proposals.",../../concept-art/act2/props/victorian-survival-props.png,generated,True,4fe979367f3eef6374e8758362a679b7b783f8e938aaf21011b9dfed7c0766c3,3526886,1024,1536
G18,artwork,Gameplay mockup: Horsell Common,gameplay,,gameplay-mockup,game_proposal,Portrait pixel 2.5D illustrative screenshot of early invasion. Survey apparatus is an invented regular enemy.,,,"[""S01"", ""S02""]","[""C101"", ""E03"", ""T01"", ""M03""]",,,,[],"Original generated game concept; not an archival image, production asset, or implemented level. Details and layouts are proposals.",../../concept-art/act2/gameplay/01-horsell-common-gameplay.png,generated,True,6cd7fa272c5068a4e473ba261e9dc78291ef68d7207830196ee337bb82948869,3431455,851,1849
G19,artwork,Gameplay mockup: ruined house handling machine,gameplay,,gameplay-mockup,game_proposal,Portrait pixel 2.5D illustrative screenshot of handling-machine boss; attacks/openings proposed.,,,"[""S01"", ""S02""]","[""B02"", ""E20"", ""T08"", ""C102"", ""C103""]",,,,[],"Original generated game concept; not an archival image, production asset, or implemented level. Details and layouts are proposals.",../../concept-art/act2/gameplay/02-ruined-house-gameplay.png,generated,True,e38938995714e40b70340dc3b2f8725d5249d1ee6b55ac819d4a82de18d84d81,2881874,851,1847
G20,artwork,Gameplay mockup: Dead London fighting machine,gameplay,,gameplay-mockup,game_proposal,"Portrait pixel 2.5D illustrative final-boss screenshot, readable world-space bait and punish opening.",,,"[""S01"", ""S02""]","[""B05"", ""B01"", ""E28"", ""E30"", ""T03"", ""T04"", ""T21""]",,,,[],"Original generated game concept; not an archival image, production asset, or implemented level. Details and layouts are proposals.",../../concept-art/act2/gameplay/03-dead-london-gameplay.png,generated,True,e292b4bb056a550114c2bf26f684133fe087375cee4ae4101f2176b691cc30d5,3156616,853,1844
