Merge made by the 'ort' strategy.
 docs/development/CAMPAIGN_MEMORY.md                |    6 +
 docs/development/CUE_REFERENCE_BITS.md             |   49 +
 .../SHARED39_PUBLICATION_VERIFICATION.json         |   42 +
 docs/development/SHARED_CONTRACT.md                |    2 +-
 docs/development/SHARED_PROGRESS.md                |   22 +-
 .../SHARED_TRANSITION_UID_METADATA.json            |   25 +
 .../evidence/shared39-cue-reference-bits/.gdignore |    0
 .../shared39-cue-reference-bits/.gitattributes     |    1 +
 .../cue-bits-archive-builder.py                    |   29 +
 .../cue-bits-authored-sequence1-qualification.json |    5 +
 .../cue-bits-publication-review.json               |   78 +
 .../cue-bits-selection.json                        |   12 +
 .../shared39-cue-reference-bits/index.json         | 2755 ++++++++++++++++++
 .../cue-bits-baseline1-closure.json                |   31 +
 .../cue-bits-baseline1-report.json                 | 1209 ++++++++
 .../cue-bits-baseline1-submission.json             |   19 +
 .../cue-bits-baseline1.native.log                  |  117 +
 .../cue-bits-baseline1.wrapper.log                 |  117 +
 .../runs/cue-bits-baseline1/source/.gdignore       |    0
 .../files/.cinder/cue-bits-baseline1-runner.py     |   15 +
 .../.cinder/cue-bits-baseline1-submission.json     |   19 +
 .../source/files/.cinder/freeze_cursor37.py        |   19 +
 .../source/files/assets/characters/manifest.json   |  222 ++
 .../source/files/assets/effects/manifest.json      |  118 +
 .../source/files/assets/references/manifest.json   |   31 +
 .../source/files/captures/character-blast.png      |  Bin 0 -> 46350 bytes
 .../source/files/captures/character-lab.png        |  Bin 0 -> 43458 bytes
 .../source/files/captures/character-primary.png    |  Bin 0 -> 47294 bytes
 .../source/files/captures/dash-plume-end.png       |  Bin 0 -> 46039 bytes
 .../source/files/captures/dash-plume-mid.png       |  Bin 0 -> 44475 bytes
 .../source/files/captures/enemy-recovery.png       |  Bin 0 -> 38409 bytes
 .../source/files/captures/enemy-warning.png        |  Bin 0 -> 39107 bytes
 .../source/files/captures/level-preview.png        |  Bin 0 -> 20745 bytes
 .../source/files/captures/loadout-bench.png        |  Bin 0 -> 148324 bytes
 .../source/files/captures/mechanics-lab.png        |  Bin 0 -> 46497 bytes
 .../source/files/captures/shot-flare-left.png      |  Bin 0 -> 50287 bytes
 .../source/files/captures/shot-flare-right.png     |  Bin 0 -> 50089 bytes
 .../source/files/captures/slash-arc.png            |  Bin 0 -> 49204 bytes
 .../source/files/data/campaign/registry.json       |  361 +++
 .../files/data/design/difficulty_profiles.json     |   11 +
 .../source/files/data/design/player_equipment.json | 1179 ++++++++
 .../docs/concept-art/act1/generated-manifest.json  | 1110 +++++++
 .../docs/concept-art/act2/generated-manifest.json  |  494 ++++
 .../docs/concept-art/act3/generated-manifest.json  |  679 +++++
 .../files/docs/reference-library/act1/CREDITS.md   |  598 ++++
 .../files/docs/reference-library/act2/CREDITS.md   |   70 +
 .../reference-library/act3/research/SOURCES.md     |   43 +
 .../cue-bits-baseline1/source/files/project.godot  |   34 +
 .../source/files/scenes/campaign_main.tscn         |    6 +
 .../source/files/scenes/lab_arena.tscn             |  724 +++++
 .../source/files/scenes/player.tscn                |   41 +
 .../source/files/scenes/practice_target.tscn       |    6 +
 .../source/files/scripts/attack_footprint.gd       |   88 +
 .../source/files/scripts/attack_footprint.gd.uid   |    1 +
 .../source/files/scripts/campaign/attempts.gd      |  371 +++
 .../source/files/scripts/campaign/attempts.gd.uid  |    1 +
 .../source/files/scripts/campaign/exact_json.gd    |  247 ++
 .../files/scripts/campaign/exact_json.gd.uid       |    1 +
 .../source/files/scripts/campaign/level.gd         |  505 ++++
 .../source/files/scripts/campaign/level.gd.uid     |    1 +
 .../source/files/scripts/campaign/registry.gd      |  147 +
 .../source/files/scripts/campaign/registry.gd.uid  |    1 +
 .../source/files/scripts/campaign/save_store.gd    |  179 ++
 .../files/scripts/campaign/save_store.gd.uid       |    1 +
 .../source/files/scripts/campaign/shell.gd         |  879 ++++++
 .../source/files/scripts/campaign/shell.gd.uid     |    1 +
 .../files/scripts/campaign/snapshot_codec.gd       |   94 +
 .../files/scripts/campaign/snapshot_codec.gd.uid   |    1 +
 .../scripts/character/player_presentations.gd      |  233 ++
 .../scripts/character/player_presentations.gd.uid  |    1 +
 .../source/files/scripts/combat/action_capture.gd  |  315 ++
 .../files/scripts/combat/action_capture.gd.uid     |    1 +
 .../scripts/combat/authored_echo_cycle_journal.gd  |   78 +
 .../combat/authored_echo_cycle_journal.gd.uid      |    1 +
 .../files/scripts/combat/authored_echo_renderer.gd |  348 +++
 .../scripts/combat/authored_echo_renderer.gd.uid   |    1 +
 .../combat/authored_echo_terminal_receipt.gd       |  208 ++
 .../combat/authored_echo_terminal_receipt.gd.uid   |    1 +
 .../scripts/combat/authored_enemy_sequence.gd      |  539 ++++
 .../scripts/combat/authored_enemy_sequence.gd.uid  |    1 +
 .../source/files/scripts/combat/body_sweep.gd      |  288 ++
 .../source/files/scripts/combat/body_sweep.gd.uid  |    1 +
 .../source/files/scripts/combat/difficulty.gd      |   99 +
 .../source/files/scripts/combat/difficulty.gd.uid  |    1 +
 .../source/files/scripts/combat/lunge_motion.gd    |  188 ++
 .../files/scripts/combat/lunge_motion.gd.uid       |    1 +
 .../source/files/scripts/combat/replay_cursor.gd   |  324 +++
 .../files/scripts/combat/replay_cursor.gd.uid      |    1 +
 .../files/scripts/combat/replay_footprint.gd       |  648 +++++
 .../files/scripts/combat/replay_footprint.gd.uid   |    1 +
 .../source/files/scripts/combat/replay_playback.gd | 2144 ++++++++++++++
 .../files/scripts/combat/replay_playback.gd.uid    |    1 +
 .../source/files/scripts/combat/replay_program.gd  |  107 +
 .../files/scripts/combat/replay_program.gd.uid     |    1 +
 .../source/files/scripts/combat/replay_sequence.gd |  189 ++
 .../files/scripts/combat/replay_sequence.gd.uid    |    1 +
 .../source/files/scripts/combat/replay_witness.gd  |  385 +++
 .../files/scripts/combat/replay_witness.gd.uid     |    1 +
 .../source/files/scripts/combat/threat_geometry.gd |  265 ++
 .../files/scripts/combat/threat_geometry.gd.uid    |    1 +
 .../files/scripts/combat/threat_scheduler.gd       | 3039 ++++++++++++++++++++
 .../files/scripts/combat/threat_scheduler.gd.uid   |    1 +
 .../source/files/scripts/cues/cue_mesh.gd          |  200 ++
 .../source/files/scripts/cues/cue_mesh.gd.uid      |    1 +
 .../source/files/scripts/cues/threat_cue.gd        |  635 ++++
 .../source/files/scripts/cues/threat_cue.gd.uid    |    1 +
 .../source/files/scripts/curling_smoke.gd          |  323 +++
 .../source/files/scripts/curling_smoke.gd.uid      |    1 +
 .../source/files/scripts/dev/dev.py                |  573 ++++
 .../source/files/scripts/effects.gd                |  532 ++++
 .../source/files/scripts/effects.gd.uid            |    1 +
 .../source/files/scripts/enemy.gd                  |  903 ++++++
 .../source/files/scripts/enemy.gd.uid              |    1 +
 .../source/files/scripts/equipment.gd              |  212 ++
 .../source/files/scripts/equipment.gd.uid          |    1 +
 .../source/files/scripts/game.gd                   |  827 ++++++
 .../source/files/scripts/game.gd.uid               |    1 +
 .../cue-bits-baseline1/source/files/scripts/hud.gd |  416 +++
 .../source/files/scripts/hud.gd.uid                |    1 +
 .../source/files/scripts/lab_bench.gd              |  140 +
 .../source/files/scripts/lab_bench.gd.uid          |    1 +
 .../source/files/scripts/pixel_sprite.gd           |  618 ++++
 .../source/files/scripts/pixel_sprite.gd.uid       |    1 +
 .../source/files/scripts/player.gd                 | 1006 +++++++
 .../source/files/scripts/player.gd.uid             |    1 +
 .../source/files/scripts/practice_target.gd        |  124 +
 .../source/files/scripts/practice_target.gd.uid    |    1 +
 .../files/scripts/presentation/camera_framing.gd   |  151 +
 .../scripts/presentation/camera_framing.gd.uid     |    1 +
 .../source/files/scripts/settings/game_settings.gd |  295 ++
 .../files/scripts/settings/game_settings.gd.uid    |    1 +
 .../source/files/scripts/shotgun_flare.gd          |  147 +
 .../source/files/scripts/shotgun_flare.gd.uid      |    1 +
 .../source/files/scripts/ui/campaign_menu.gd       |  742 +++++
 .../source/files/scripts/ui/campaign_menu.gd.uid   |    1 +
 .../source/files/scripts/weapon_pickup.gd          |   49 +
 .../source/files/scripts/weapon_pickup.gd.uid      |    1 +
 .../files/tests/authored_echo_performance_smoke.gd |  285 ++
 .../tests/authored_echo_performance_smoke.gd.uid   |    1 +
 .../files/tests/authored_echo_playback_smoke.gd    |  597 ++++
 .../tests/authored_echo_playback_smoke.gd.uid      |    1 +
 .../files/tests/fixtures/authored_echo_actor.gd    |  207 ++
 .../tests/fixtures/authored_echo_actor.gd.uid      |    1 +
 .../tests/fixtures/authored_echo_native_codec.gd   |  107 +
 .../fixtures/authored_echo_native_codec.gd.uid     |    1 +
 .../runs/cue-bits-baseline1/source/manifest.json   |  898 ++++++
 .../cue-bits-native1/cue-bits-native1-closure.json |   26 +
 .../cue-bits-native1-submission.json               |   19 +
 .../cue-bits-native1/cue-bits-native1.native.log   |  442 +++
 .../cue-bits-native1/cue-bits-native1.wrapper.log  |  442 +++
 .../runs/cue-bits-native1/source/.gdignore         |    0
 .../files/.cinder/cue-bits-native1-runner.py       |    8 +
 .../source/files/.cinder/local.json                |    5 +
 .../source/files/assets/characters/manifest.json   |  222 ++
 .../source/files/assets/effects/manifest.json      |  118 +
 .../source/files/assets/references/manifest.json   |   31 +
 .../source/files/captures/character-blast.png      |  Bin 0 -> 46350 bytes
 .../source/files/captures/character-lab.png        |  Bin 0 -> 43458 bytes
 .../source/files/captures/character-primary.png    |  Bin 0 -> 47294 bytes
 .../source/files/captures/dash-plume-end.png       |  Bin 0 -> 46039 bytes
 .../source/files/captures/dash-plume-mid.png       |  Bin 0 -> 44475 bytes
 .../source/files/captures/enemy-recovery.png       |  Bin 0 -> 38409 bytes
 .../source/files/captures/enemy-warning.png        |  Bin 0 -> 39107 bytes
 .../source/files/captures/level-preview.png        |  Bin 0 -> 20745 bytes
 .../source/files/captures/loadout-bench.png        |  Bin 0 -> 148324 bytes
 .../source/files/captures/mechanics-lab.png        |  Bin 0 -> 46497 bytes
 .../source/files/captures/shot-flare-left.png      |  Bin 0 -> 50287 bytes
 .../source/files/captures/shot-flare-right.png     |  Bin 0 -> 50089 bytes
 .../source/files/captures/slash-arc.png            |  Bin 0 -> 49204 bytes
 .../source/files/data/campaign/registry.json       |  361 +++
 .../files/data/design/difficulty_profiles.json     |   11 +
 .../source/files/data/design/player_equipment.json | 1179 ++++++++
 .../docs/concept-art/act1/generated-manifest.json  | 1110 +++++++
 .../docs/concept-art/act2/generated-manifest.json  |  494 ++++
 .../docs/concept-art/act3/generated-manifest.json  |  679 +++++
 .../files/docs/reference-library/act1/CREDITS.md   |  598 ++++
 .../files/docs/reference-library/act2/CREDITS.md   |   70 +
 .../reference-library/act3/research/SOURCES.md     |   43 +
 .../cue-bits-native1/source/files/project.godot    |   34 +
 .../source/files/scenes/campaign_main.tscn         |    6 +
 .../source/files/scenes/lab_arena.tscn             |  724 +++++
 .../source/files/scenes/player.tscn                |   41 +
 .../source/files/scenes/practice_target.tscn       |    6 +
 .../source/files/scripts/attack_footprint.gd       |   88 +
 .../source/files/scripts/attack_footprint.gd.uid   |    1 +
 .../source/files/scripts/campaign/attempts.gd      |  371 +++
 .../source/files/scripts/campaign/attempts.gd.uid  |    1 +
 .../source/files/scripts/campaign/exact_json.gd    |  247 ++
 .../files/scripts/campaign/exact_json.gd.uid       |    1 +
 .../source/files/scripts/campaign/level.gd         |  505 ++++
 .../source/files/scripts/campaign/level.gd.uid     |    1 +
 .../source/files/scripts/campaign/registry.gd      |  147 +
 .../source/files/scripts/campaign/registry.gd.uid  |    1 +
 .../source/files/scripts/campaign/save_store.gd    |  179 ++
 .../files/scripts/campaign/save_store.gd.uid       |    1 +
 .../source/files/scripts/campaign/shell.gd         |  879 ++++++
 .../source/files/scripts/campaign/shell.gd.uid     |    1 +
 .../files/scripts/campaign/snapshot_codec.gd       |   94 +
 .../files/scripts/campaign/snapshot_codec.gd.uid   |    1 +
 .../scripts/character/player_presentations.gd      |  233 ++
 .../scripts/character/player_presentations.gd.uid  |    1 +
 .../source/files/scripts/combat/action_capture.gd  |  315 ++
 .../files/scripts/combat/action_capture.gd.uid     |    1 +
 .../scripts/combat/authored_echo_cycle_journal.gd  |   78 +
 .../combat/authored_echo_cycle_journal.gd.uid      |    1 +
 .../files/scripts/combat/authored_echo_renderer.gd |  348 +++
 .../scripts/combat/authored_echo_renderer.gd.uid   |    1 +
 .../combat/authored_echo_terminal_receipt.gd       |  208 ++
 .../combat/authored_echo_terminal_receipt.gd.uid   |    1 +
 .../scripts/combat/authored_enemy_sequence.gd      |  539 ++++
 .../scripts/combat/authored_enemy_sequence.gd.uid  |    1 +
 .../source/files/scripts/combat/body_sweep.gd      |  288 ++
 .../source/files/scripts/combat/body_sweep.gd.uid  |    1 +
 .../source/files/scripts/combat/difficulty.gd      |   99 +
 .../source/files/scripts/combat/difficulty.gd.uid  |    1 +
 .../source/files/scripts/combat/lunge_motion.gd    |  188 ++
 .../files/scripts/combat/lunge_motion.gd.uid       |    1 +
 .../source/files/scripts/combat/replay_cursor.gd   |  324 +++
 .../files/scripts/combat/replay_cursor.gd.uid      |    1 +
 .../files/scripts/combat/replay_footprint.gd       |  648 +++++
 .../files/scripts/combat/replay_footprint.gd.uid   |    1 +
 .../source/files/scripts/combat/replay_playback.gd | 2144 ++++++++++++++
 .../files/scripts/combat/replay_playback.gd.uid    |    1 +
 .../source/files/scripts/combat/replay_program.gd  |  107 +
 .../files/scripts/combat/replay_program.gd.uid     |    1 +
 .../source/files/scripts/combat/replay_sequence.gd |  189 ++
 .../files/scripts/combat/replay_sequence.gd.uid    |    1 +
 .../source/files/scripts/combat/replay_witness.gd  |  385 +++
 .../files/scripts/combat/replay_witness.gd.uid     |    1 +
 .../source/files/scripts/combat/threat_geometry.gd |  265 ++
 .../files/scripts/combat/threat_geometry.gd.uid    |    1 +
 .../files/scripts/combat/threat_scheduler.gd       | 3039 ++++++++++++++++++++
 .../files/scripts/combat/threat_scheduler.gd.uid   |    1 +
 .../source/files/scripts/cues/cue_mesh.gd          |  200 ++
 .../source/files/scripts/cues/cue_mesh.gd.uid      |    1 +
 .../source/files/scripts/cues/threat_cue.gd        |  723 +++++
 .../source/files/scripts/cues/threat_cue.gd.uid    |    1 +
 .../source/files/scripts/curling_smoke.gd          |  323 +++
 .../source/files/scripts/curling_smoke.gd.uid      |    1 +
 .../source/files/scripts/dev/dev.py                |  573 ++++
 .../source/files/scripts/effects.gd                |  532 ++++
 .../source/files/scripts/effects.gd.uid            |    1 +
 .../cue-bits-native1/source/files/scripts/enemy.gd |  903 ++++++
 .../source/files/scripts/enemy.gd.uid              |    1 +
 .../source/files/scripts/equipment.gd              |  212 ++
 .../source/files/scripts/equipment.gd.uid          |    1 +
 .../cue-bits-native1/source/files/scripts/game.gd  |  827 ++++++
 .../source/files/scripts/game.gd.uid               |    1 +
 .../cue-bits-native1/source/files/scripts/hud.gd   |  416 +++
 .../source/files/scripts/hud.gd.uid                |    1 +
 .../source/files/scripts/lab_bench.gd              |  140 +
 .../source/files/scripts/lab_bench.gd.uid          |    1 +
 .../source/files/scripts/pixel_sprite.gd           |  618 ++++
 .../source/files/scripts/pixel_sprite.gd.uid       |    1 +
 .../source/files/scripts/player.gd                 | 1006 +++++++
 .../source/files/scripts/player.gd.uid             |    1 +
 .../source/files/scripts/practice_target.gd        |  124 +
 .../source/files/scripts/practice_target.gd.uid    |    1 +
 .../files/scripts/presentation/camera_framing.gd   |  151 +
 .../scripts/presentation/camera_framing.gd.uid     |    1 +
 .../source/files/scripts/settings/game_settings.gd |  295 ++
 .../files/scripts/settings/game_settings.gd.uid    |    1 +
 .../source/files/scripts/shotgun_flare.gd          |  147 +
 .../source/files/scripts/shotgun_flare.gd.uid      |    1 +
 .../source/files/scripts/ui/campaign_menu.gd       |  742 +++++
 .../source/files/scripts/ui/campaign_menu.gd.uid   |    1 +
 .../source/files/scripts/weapon_pickup.gd          |   49 +
 .../source/files/scripts/weapon_pickup.gd.uid      |    1 +
 .../files/tests/authored_echo_performance_smoke.gd |  285 ++
 .../tests/authored_echo_performance_smoke.gd.uid   |    1 +
 .../files/tests/authored_echo_playback_smoke.gd    |  597 ++++
 .../tests/authored_echo_playback_smoke.gd.uid      |    1 +
 .../files/tests/fixtures/authored_echo_actor.gd    |  207 ++
 .../tests/fixtures/authored_echo_actor.gd.uid      |    1 +
 .../tests/fixtures/authored_echo_native_codec.gd   |  107 +
 .../fixtures/authored_echo_native_codec.gd.uid     |    1 +
 .../source/files/tests/projected_cue_smoke.gd      |  476 +++
 .../source/files/tests/projected_cue_smoke.gd.uid  |    1 +
 .../files/tests/threat_cue_reference_bits_smoke.gd |  191 ++
 .../tests/threat_cue_reference_comparison_smoke.gd |  183 ++
 .../threat_cue_reference_comparison_smoke.gd.uid   |    1 +
 .../runs/cue-bits-native1/source/manifest.json     |  922 ++++++
 .../cue-bits-performance1-closure.json             |   31 +
 .../cue-bits-performance1-report.json              | 1209 ++++++++
 .../cue-bits-performance1-submission.json          |   19 +
 .../cue-bits-performance1.native.log               |  117 +
 .../cue-bits-performance1.wrapper.log              |  118 +
 .../runs/cue-bits-performance1/source/.gdignore    |    0
 .../files/.cinder/cue-bits-performance1-runner.py  |   15 +
 .../.cinder/cue-bits-performance1-submission.json  |   19 +
 .../source/files/.cinder/freeze_cursor37.py        |   19 +
 .../source/files/assets/characters/manifest.json   |  222 ++
 .../source/files/assets/effects/manifest.json      |  118 +
 .../source/files/assets/references/manifest.json   |   31 +
 .../source/files/captures/character-blast.png      |  Bin 0 -> 46350 bytes
 .../source/files/captures/character-lab.png        |  Bin 0 -> 43458 bytes
 .../source/files/captures/character-primary.png    |  Bin 0 -> 47294 bytes
 .../source/files/captures/dash-plume-end.png       |  Bin 0 -> 46039 bytes
 .../source/files/captures/dash-plume-mid.png       |  Bin 0 -> 44475 bytes
 .../source/files/captures/enemy-recovery.png       |  Bin 0 -> 38409 bytes
 .../source/files/captures/enemy-warning.png        |  Bin 0 -> 39107 bytes
 .../source/files/captures/level-preview.png        |  Bin 0 -> 20745 bytes
 .../source/files/captures/loadout-bench.png        |  Bin 0 -> 148324 bytes
 .../source/files/captures/mechanics-lab.png        |  Bin 0 -> 46497 bytes
 .../source/files/captures/shot-flare-left.png      |  Bin 0 -> 50287 bytes
 .../source/files/captures/shot-flare-right.png     |  Bin 0 -> 50089 bytes
 .../source/files/captures/slash-arc.png            |  Bin 0 -> 49204 bytes
 .../source/files/data/campaign/registry.json       |  361 +++
 .../files/data/design/difficulty_profiles.json     |   11 +
 .../source/files/data/design/player_equipment.json | 1179 ++++++++
 .../docs/concept-art/act1/generated-manifest.json  | 1110 +++++++
 .../docs/concept-art/act2/generated-manifest.json  |  494 ++++
 .../docs/concept-art/act3/generated-manifest.json  |  679 +++++
 .../files/docs/reference-library/act1/CREDITS.md   |  598 ++++
 .../files/docs/reference-library/act2/CREDITS.md   |   70 +
 .../reference-library/act3/research/SOURCES.md     |   43 +
 .../source/files/project.godot                     |   34 +
 .../source/files/scenes/campaign_main.tscn         |    6 +
 .../source/files/scenes/lab_arena.tscn             |  724 +++++
 .../source/files/scenes/player.tscn                |   41 +
 .../source/files/scenes/practice_target.tscn       |    6 +
 .../source/files/scripts/attack_footprint.gd       |   88 +
 .../source/files/scripts/attack_footprint.gd.uid   |    1 +
 .../source/files/scripts/campaign/attempts.gd      |  371 +++
 .../source/files/scripts/campaign/attempts.gd.uid  |    1 +
 .../source/files/scripts/campaign/exact_json.gd    |  247 ++
 .../files/scripts/campaign/exact_json.gd.uid       |    1 +
 .../source/files/scripts/campaign/level.gd         |  505 ++++
 .../source/files/scripts/campaign/level.gd.uid     |    1 +
 .../source/files/scripts/campaign/registry.gd      |  147 +
 .../source/files/scripts/campaign/registry.gd.uid  |    1 +
 .../source/files/scripts/campaign/save_store.gd    |  179 ++
 .../files/scripts/campaign/save_store.gd.uid       |    1 +
 .../source/files/scripts/campaign/shell.gd         |  879 ++++++
 .../source/files/scripts/campaign/shell.gd.uid     |    1 +
 .../files/scripts/campaign/snapshot_codec.gd       |   94 +
 .../files/scripts/campaign/snapshot_codec.gd.uid   |    1 +
 .../scripts/character/player_presentations.gd      |  233 ++
 .../scripts/character/player_presentations.gd.uid  |    1 +
 .../source/files/scripts/combat/action_capture.gd  |  315 ++
 .../files/scripts/combat/action_capture.gd.uid     |    1 +
 .../scripts/combat/authored_echo_cycle_journal.gd  |   78 +
 .../combat/authored_echo_cycle_journal.gd.uid      |    1 +
 .../files/scripts/combat/authored_echo_renderer.gd |  348 +++
 .../scripts/combat/authored_echo_renderer.gd.uid   |    1 +
 .../combat/authored_echo_terminal_receipt.gd       |  208 ++
 .../combat/authored_echo_terminal_receipt.gd.uid   |    1 +
 .../scripts/combat/authored_enemy_sequence.gd      |  539 ++++
 .../scripts/combat/authored_enemy_sequence.gd.uid  |    1 +
 .../source/files/scripts/combat/body_sweep.gd      |  288 ++
 .../source/files/scripts/combat/body_sweep.gd.uid  |    1 +
 .../source/files/scripts/combat/difficulty.gd      |   99 +
 .../source/files/scripts/combat/difficulty.gd.uid  |    1 +
 .../source/files/scripts/combat/lunge_motion.gd    |  188 ++
 .../files/scripts/combat/lunge_motion.gd.uid       |    1 +
 .../source/files/scripts/combat/replay_cursor.gd   |  324 +++
 .../files/scripts/combat/replay_cursor.gd.uid      |    1 +
 .../files/scripts/combat/replay_footprint.gd       |  648 +++++
 .../files/scripts/combat/replay_footprint.gd.uid   |    1 +
 .../source/files/scripts/combat/replay_playback.gd | 2144 ++++++++++++++
 .../files/scripts/combat/replay_playback.gd.uid    |    1 +
 .../source/files/scripts/combat/replay_program.gd  |  107 +
 .../files/scripts/combat/replay_program.gd.uid     |    1 +
 .../source/files/scripts/combat/replay_sequence.gd |  189 ++
 .../files/scripts/combat/replay_sequence.gd.uid    |    1 +
 .../source/files/scripts/combat/replay_witness.gd  |  385 +++
 .../files/scripts/combat/replay_witness.gd.uid     |    1 +
 .../source/files/scripts/combat/threat_geometry.gd |  265 ++
 .../files/scripts/combat/threat_geometry.gd.uid    |    1 +
 .../files/scripts/combat/threat_scheduler.gd       | 3039 ++++++++++++++++++++
 .../files/scripts/combat/threat_scheduler.gd.uid   |    1 +
 .../source/files/scripts/cues/cue_mesh.gd          |  200 ++
 .../source/files/scripts/cues/cue_mesh.gd.uid      |    1 +
 .../source/files/scripts/cues/threat_cue.gd        |  723 +++++
 .../source/files/scripts/cues/threat_cue.gd.uid    |    1 +
 .../source/files/scripts/curling_smoke.gd          |  323 +++
 .../source/files/scripts/curling_smoke.gd.uid      |    1 +
 .../source/files/scripts/dev/dev.py                |  573 ++++
 .../source/files/scripts/effects.gd                |  532 ++++
 .../source/files/scripts/effects.gd.uid            |    1 +
 .../source/files/scripts/enemy.gd                  |  903 ++++++
 .../source/files/scripts/enemy.gd.uid              |    1 +
 .../source/files/scripts/equipment.gd              |  212 ++
 .../source/files/scripts/equipment.gd.uid          |    1 +
 .../source/files/scripts/game.gd                   |  827 ++++++
 .../source/files/scripts/game.gd.uid               |    1 +
 .../source/files/scripts/hud.gd                    |  416 +++
 .../source/files/scripts/hud.gd.uid                |    1 +
 .../source/files/scripts/lab_bench.gd              |  140 +
 .../source/files/scripts/lab_bench.gd.uid          |    1 +
 .../source/files/scripts/pixel_sprite.gd           |  618 ++++
 .../source/files/scripts/pixel_sprite.gd.uid       |    1 +
 .../source/files/scripts/player.gd                 | 1006 +++++++
 .../source/files/scripts/player.gd.uid             |    1 +
 .../source/files/scripts/practice_target.gd        |  124 +
 .../source/files/scripts/practice_target.gd.uid    |    1 +
 .../files/scripts/presentation/camera_framing.gd   |  151 +
 .../scripts/presentation/camera_framing.gd.uid     |    1 +
 .../source/files/scripts/settings/game_settings.gd |  295 ++
 .../files/scripts/settings/game_settings.gd.uid    |    1 +
 .../source/files/scripts/shotgun_flare.gd          |  147 +
 .../source/files/scripts/shotgun_flare.gd.uid      |    1 +
 .../source/files/scripts/ui/campaign_menu.gd       |  742 +++++
 .../source/files/scripts/ui/campaign_menu.gd.uid   |    1 +
 .../source/files/scripts/weapon_pickup.gd          |   49 +
 .../source/files/scripts/weapon_pickup.gd.uid      |    1 +
 .../files/tests/authored_echo_performance_smoke.gd |  285 ++
 .../tests/authored_echo_performance_smoke.gd.uid   |    1 +
 .../files/tests/authored_echo_playback_smoke.gd    |  597 ++++
 .../tests/authored_echo_playback_smoke.gd.uid      |    1 +
 .../files/tests/fixtures/authored_echo_actor.gd    |  207 ++
 .../tests/fixtures/authored_echo_actor.gd.uid      |    1 +
 .../tests/fixtures/authored_echo_native_codec.gd   |  107 +
 .../fixtures/authored_echo_native_codec.gd.uid     |    1 +
 .../cue-bits-performance1/source/manifest.json     |  898 ++++++
 .../cue-bits-performance2-closure.json             |   31 +
 .../cue-bits-performance2-report.json              | 1209 ++++++++
 .../cue-bits-performance2-submission.json          |   19 +
 .../cue-bits-performance2.native.log               |  117 +
 .../cue-bits-performance2.wrapper.log              |  117 +
 .../runs/cue-bits-performance2/source/.gdignore    |    0
 .../files/.cinder/cue-bits-performance2-runner.py  |   15 +
 .../.cinder/cue-bits-performance2-submission.json  |   19 +
 .../source/files/.cinder/freeze_cursor37.py        |   19 +
 .../source/files/assets/characters/manifest.json   |  222 ++
 .../source/files/assets/effects/manifest.json      |  118 +
 .../source/files/assets/references/manifest.json   |   31 +
 .../source/files/captures/character-blast.png      |  Bin 0 -> 46350 bytes
 .../source/files/captures/character-lab.png        |  Bin 0 -> 43458 bytes
 .../source/files/captures/character-primary.png    |  Bin 0 -> 47294 bytes
 .../source/files/captures/dash-plume-end.png       |  Bin 0 -> 46039 bytes
 .../source/files/captures/dash-plume-mid.png       |  Bin 0 -> 44475 bytes
 .../source/files/captures/enemy-recovery.png       |  Bin 0 -> 38409 bytes
 .../source/files/captures/enemy-warning.png        |  Bin 0 -> 39107 bytes
 .../source/files/captures/level-preview.png        |  Bin 0 -> 20745 bytes
 .../source/files/captures/loadout-bench.png        |  Bin 0 -> 148324 bytes
 .../source/files/captures/mechanics-lab.png        |  Bin 0 -> 46497 bytes
 .../source/files/captures/shot-flare-left.png      |  Bin 0 -> 50287 bytes
 .../source/files/captures/shot-flare-right.png     |  Bin 0 -> 50089 bytes
 .../source/files/captures/slash-arc.png            |  Bin 0 -> 49204 bytes
 .../source/files/data/campaign/registry.json       |  361 +++
 .../files/data/design/difficulty_profiles.json     |   11 +
 .../source/files/data/design/player_equipment.json | 1179 ++++++++
 .../docs/concept-art/act1/generated-manifest.json  | 1110 +++++++
 .../docs/concept-art/act2/generated-manifest.json  |  494 ++++
 .../docs/concept-art/act3/generated-manifest.json  |  679 +++++
 .../files/docs/reference-library/act1/CREDITS.md   |  598 ++++
 .../files/docs/reference-library/act2/CREDITS.md   |   70 +
 .../reference-library/act3/research/SOURCES.md     |   43 +
 .../source/files/project.godot                     |   34 +
 .../source/files/scenes/campaign_main.tscn         |    6 +
 .../source/files/scenes/lab_arena.tscn             |  724 +++++
 .../source/files/scenes/player.tscn                |   41 +
 .../source/files/scenes/practice_target.tscn       |    6 +
 .../source/files/scripts/attack_footprint.gd       |   88 +
 .../source/files/scripts/attack_footprint.gd.uid   |    1 +
 .../source/files/scripts/campaign/attempts.gd      |  371 +++
 .../source/files/scripts/campaign/attempts.gd.uid  |    1 +
 .../source/files/scripts/campaign/exact_json.gd    |  247 ++
 .../files/scripts/campaign/exact_json.gd.uid       |    1 +
 .../source/files/scripts/campaign/level.gd         |  505 ++++
 .../source/files/scripts/campaign/level.gd.uid     |    1 +
 .../source/files/scripts/campaign/registry.gd      |  147 +
 .../source/files/scripts/campaign/registry.gd.uid  |    1 +
 .../source/files/scripts/campaign/save_store.gd    |  179 ++
 .../files/scripts/campaign/save_store.gd.uid       |    1 +
 .../source/files/scripts/campaign/shell.gd         |  879 ++++++
 .../source/files/scripts/campaign/shell.gd.uid     |    1 +
 .../files/scripts/campaign/snapshot_codec.gd       |   94 +
 .../files/scripts/campaign/snapshot_codec.gd.uid   |    1 +
 .../scripts/character/player_presentations.gd      |  233 ++
 .../scripts/character/player_presentations.gd.uid  |    1 +
 .../source/files/scripts/combat/action_capture.gd  |  315 ++
 .../files/scripts/combat/action_capture.gd.uid     |    1 +
 .../scripts/combat/authored_echo_cycle_journal.gd  |   78 +
 .../combat/authored_echo_cycle_journal.gd.uid      |    1 +
 .../files/scripts/combat/authored_echo_renderer.gd |  348 +++
 .../scripts/combat/authored_echo_renderer.gd.uid   |    1 +
 .../combat/authored_echo_terminal_receipt.gd       |  208 ++
 .../combat/authored_echo_terminal_receipt.gd.uid   |    1 +
 .../scripts/combat/authored_enemy_sequence.gd      |  539 ++++
 .../scripts/combat/authored_enemy_sequence.gd.uid  |    1 +
 .../source/files/scripts/combat/body_sweep.gd      |  288 ++
 .../source/files/scripts/combat/body_sweep.gd.uid  |    1 +
 .../source/files/scripts/combat/difficulty.gd      |   99 +
 .../source/files/scripts/combat/difficulty.gd.uid  |    1 +
 .../source/files/scripts/combat/lunge_motion.gd    |  188 ++
 .../files/scripts/combat/lunge_motion.gd.uid       |    1 +
 .../source/files/scripts/combat/replay_cursor.gd   |  324 +++
 .../files/scripts/combat/replay_cursor.gd.uid      |    1 +
 .../files/scripts/combat/replay_footprint.gd       |  648 +++++
 .../files/scripts/combat/replay_footprint.gd.uid   |    1 +
 .../source/files/scripts/combat/replay_playback.gd | 2144 ++++++++++++++
 .../files/scripts/combat/replay_playback.gd.uid    |    1 +
 .../source/files/scripts/combat/replay_program.gd  |  107 +
 .../files/scripts/combat/replay_program.gd.uid     |    1 +
 .../source/files/scripts/combat/replay_sequence.gd |  189 ++
 .../files/scripts/combat/replay_sequence.gd.uid    |    1 +
 .../source/files/scripts/combat/replay_witness.gd  |  385 +++
 .../files/scripts/combat/replay_witness.gd.uid     |    1 +
 .../source/files/scripts/combat/threat_geometry.gd |  265 ++
 .../files/scripts/combat/threat_geometry.gd.uid    |    1 +
 .../files/scripts/combat/threat_scheduler.gd       | 3039 ++++++++++++++++++++
 .../files/scripts/combat/threat_scheduler.gd.uid   |    1 +
 .../source/files/scripts/cues/cue_mesh.gd          |  200 ++
 .../source/files/scripts/cues/cue_mesh.gd.uid      |    1 +
 .../source/files/scripts/cues/threat_cue.gd        |  723 +++++
 .../source/files/scripts/cues/threat_cue.gd.uid    |    1 +
 .../source/files/scripts/curling_smoke.gd          |  323 +++
 .../source/files/scripts/curling_smoke.gd.uid      |    1 +
 .../source/files/scripts/dev/dev.py                |  573 ++++
 .../source/files/scripts/effects.gd                |  532 ++++
 .../source/files/scripts/effects.gd.uid            |    1 +
 .../source/files/scripts/enemy.gd                  |  903 ++++++
 .../source/files/scripts/enemy.gd.uid              |    1 +
 .../source/files/scripts/equipment.gd              |  212 ++
 .../source/files/scripts/equipment.gd.uid          |    1 +
 .../source/files/scripts/game.gd                   |  827 ++++++
 .../source/files/scripts/game.gd.uid               |    1 +
 .../source/files/scripts/hud.gd                    |  416 +++
 .../source/files/scripts/hud.gd.uid                |    1 +
 .../source/files/scripts/lab_bench.gd              |  140 +
 .../source/files/scripts/lab_bench.gd.uid          |    1 +
 .../source/files/scripts/pixel_sprite.gd           |  618 ++++
 .../source/files/scripts/pixel_sprite.gd.uid       |    1 +
 .../source/files/scripts/player.gd                 | 1006 +++++++
 .../source/files/scripts/player.gd.uid             |    1 +
 .../source/files/scripts/practice_target.gd        |  124 +
 .../source/files/scripts/practice_target.gd.uid    |    1 +
 .../files/scripts/presentation/camera_framing.gd   |  151 +
 .../scripts/presentation/camera_framing.gd.uid     |    1 +
 .../source/files/scripts/settings/game_settings.gd |  295 ++
 .../files/scripts/settings/game_settings.gd.uid    |    1 +
 .../source/files/scripts/shotgun_flare.gd          |  147 +
 .../source/files/scripts/shotgun_flare.gd.uid      |    1 +
 .../source/files/scripts/ui/campaign_menu.gd       |  742 +++++
 .../source/files/scripts/ui/campaign_menu.gd.uid   |    1 +
 .../source/files/scripts/weapon_pickup.gd          |   49 +
 .../source/files/scripts/weapon_pickup.gd.uid      |    1 +
 .../files/tests/authored_echo_performance_smoke.gd |  285 ++
 .../tests/authored_echo_performance_smoke.gd.uid   |    1 +
 .../files/tests/authored_echo_playback_smoke.gd    |  597 ++++
 .../tests/authored_echo_playback_smoke.gd.uid      |    1 +
 .../files/tests/fixtures/authored_echo_actor.gd    |  207 ++
 .../tests/fixtures/authored_echo_actor.gd.uid      |    1 +
 .../tests/fixtures/authored_echo_native_codec.gd   |  107 +
 .../fixtures/authored_echo_native_codec.gd.uid     |    1 +
 .../cue-bits-performance2/source/manifest.json     |  898 ++++++
 scripts/cues/threat_cue.gd                         |   92 +-
 scripts/dev/dev.py                                 |    1 +
 tests/threat_cue_reference_bits_smoke.gd           |  191 ++
 551 files changed, 120692 insertions(+), 7 deletions(-)
 create mode 100644 docs/development/CUE_REFERENCE_BITS.md
 create mode 100644 docs/development/SHARED39_PUBLICATION_VERIFICATION.json
 create mode 100644 docs/development/SHARED_TRANSITION_UID_METADATA.json
 create mode 100644 docs/development/evidence/shared39-cue-reference-bits/.gdignore
 create mode 100644 docs/development/evidence/shared39-cue-reference-bits/.gitattributes
 create mode 100644 docs/development/evidence/shared39-cue-reference-bits/cue-bits-archive-builder.py
 create mode 100644 docs/development/evidence/shared39-cue-reference-bits/cue-bits-authored-sequence1-qualification.json
 create mode 100644 docs/development/evidence/shared39-cue-reference-bits/cue-bits-publication-review.json
 create mode 100644 docs/development/evidence/shared39-cue-reference-bits/cue-bits-selection.json
 create mode 100644 docs/development/evidence/shared39-cue-reference-bits/index.json
 create mode 100644 docs/development/evidence/shared39-cue-reference-bits/runs/cue-bits-baseline1/cue-bits-baseline1-closure.json
 create mode 100644 docs/development/evidence/shared39-cue-reference-bits/runs/cue-bits-baseline1/cue-bits-baseline1-report.json
 create mode 100644 docs/development/evidence/shared39-cue-reference-bits/runs/cue-bits-baseline1/cue-bits-baseline1-submission.json
 create mode 100644 docs/development/evidence/shared39-cue-reference-bits/runs/cue-bits-baseline1/cue-bits-baseline1.native.log
 create mode 100644 docs/development/evidence/shared39-cue-reference-bits/runs/cue-bits-baseline1/cue-bits-baseline1.wrapper.log
 create mode 100644 docs/development/evidence/shared39-cue-reference-bits/runs/cue-bits-baseline1/source/.gdignore
 create mode 100644 docs/development/evidence/shared39-cue-reference-bits/runs/cue-bits-baseline1/source/files/.cinder/cue-bits-baseline1-runner.py
 create mode 100644 docs/development/evidence/shared39-cue-reference-bits/runs/cue-bits-baseline1/source/files/.cinder/cue-bits-baseline1-submission.json
 create mode 100644 docs/development/evidence/shared39-cue-reference-bits/runs/cue-bits-baseline1/source/files/.cinder/freeze_cursor37.py
 create mode 100644 docs/development/evidence/shared39-cue-reference-bits/runs/cue-bits-baseline1/source/files/assets/characters/manifest.json
 create mode 100644 docs/development/evidence/shared39-cue-reference-bits/runs/cue-bits-baseline1/source/files/assets/effects/manifest.json
 create mode 100644 docs/development/evidence/shared39-cue-reference-bits/runs/cue-bits-baseline1/source/files/assets/references/manifest.json
 create mode 100644 docs/development/evidence/shared39-cue-reference-bits/runs/cue-bits-baseline1/source/files/captures/character-blast.png
 create mode 100644 docs/development/evidence/shared39-cue-reference-bits/runs/cue-bits-baseline1/source/files/captures/character-lab.png
 create mode 100644 docs/development/evidence/shared39-cue-reference-bits/runs/cue-bits-baseline1/source/files/captures/character-primary.png
 create mode 100644 docs/development/evidence/shared39-cue-reference-bits/runs/cue-bits-baseline1/source/files/captures/dash-plume-end.png
 create mode 100644 docs/development/evidence/shared39-cue-reference-bits/runs/cue-bits-baseline1/source/files/captures/dash-plume-mid.png
 create mode 100644 docs/development/evidence/shared39-cue-reference-bits/runs/cue-bits-baseline1/source/files/captures/enemy-recovery.png
 create mode 100644 docs/development/evidence/shared39-cue-reference-bits/runs/cue-bits-baseline1/source/files/captures/enemy-warning.png
 create mode 100644 docs/development/evidence/shared39-cue-reference-bits/runs/cue-bits-baseline1/source/files/captures/level-preview.png
 create mode 100644 docs/development/evidence/shared39-cue-reference-bits/runs/cue-bits-baseline1/source/files/captures/loadout-bench.png
 create mode 100644 docs/development/evidence/shared39-cue-reference-bits/runs/cue-bits-baseline1/source/files/captures/mechanics-lab.png
 create mode 100644 docs/development/evidence/shared39-cue-reference-bits/runs/cue-bits-baseline1/source/files/captures/shot-flare-left.png
 create mode 100644 docs/development/evidence/shared39-cue-reference-bits/runs/cue-bits-baseline1/source/files/captures/shot-flare-right.png
 create mode 100644 docs/development/evidence/shared39-cue-reference-bits/runs/cue-bits-baseline1/source/files/captures/slash-arc.png
 create mode 100644 docs/development/evidence/shared39-cue-reference-bits/runs/cue-bits-baseline1/source/files/data/campaign/registry.json
 create mode 100644 docs/development/evidence/shared39-cue-reference-bits/runs/cue-bits-baseline1/source/files/data/design/difficulty_profiles.json
 create mode 100644 docs/development/evidence/shared39-cue-reference-bits/runs/cue-bits-baseline1/source/files/data/design/player_equipment.json
 create mode 100644 docs/development/evidence/shared39-cue-reference-bits/runs/cue-bits-baseline1/source/files/docs/concept-art/act1/generated-manifest.json
 create mode 100644 docs/development/evidence/shared39-cue-reference-bits/runs/cue-bits-baseline1/source/files/docs/concept-art/act2/generated-manifest.json
 create mode 100644 docs/development/evidence/shared39-cue-reference-bits/runs/cue-bits-baseline1/source/files/docs/concept-art/act3/generated-manifest.json
 create mode 100644 docs/development/evidence/shared39-cue-reference-bits/runs/cue-bits-baseline1/source/files/docs/reference-library/act1/CREDITS.md
 create mode 100644 docs/development/evidence/shared39-cue-reference-bits/runs/cue-bits-baseline1/source/files/docs/reference-library/act2/CREDITS.md
 create mode 100644 docs/development/evidence/shared39-cue-reference-bits/runs/cue-bits-baseline1/source/files/docs/reference-library/act3/research/SOURCES.md
 create mode 100644 docs/development/evidence/shared39-cue-reference-bits/runs/cue-bits-baseline1/source/files/project.godot
 create mode 100644 docs/development/evidence/shared39-cue-reference-bits/runs/cue-bits-baseline1/source/files/scenes/campaign_main.tscn
 create mode 100644 docs/development/evidence/shared39-cue-reference-bits/runs/cue-bits-baseline1/source/files/scenes/lab_arena.tscn
 create mode 100644 docs/development/evidence/shared39-cue-reference-bits/runs/cue-bits-baseline1/source/files/scenes/player.tscn
 create mode 100644 docs/development/evidence/shared39-cue-reference-bits/runs/cue-bits-baseline1/source/files/scenes/practice_target.tscn
 create mode 100644 docs/development/evidence/shared39-cue-reference-bits/runs/cue-bits-baseline1/source/files/scripts/attack_footprint.gd
 create mode 100644 docs/development/evidence/shared39-cue-reference-bits/runs/cue-bits-baseline1/source/files/scripts/attack_footprint.gd.uid
 create mode 100644 docs/development/evidence/shared39-cue-reference-bits/runs/cue-bits-baseline1/source/files/scripts/campaign/attempts.gd
 create mode 100644 docs/development/evidence/shared39-cue-reference-bits/runs/cue-bits-baseline1/source/files/scripts/campaign/attempts.gd.uid
 create mode 100644 docs/development/evidence/shared39-cue-reference-bits/runs/cue-bits-baseline1/source/files/scripts/campaign/exact_json.gd
 create mode 100644 docs/development/evidence/shared39-cue-reference-bits/runs/cue-bits-baseline1/source/files/scripts/campaign/exact_json.gd.uid
 create mode 100644 docs/development/evidence/shared39-cue-reference-bits/runs/cue-bits-baseline1/source/files/scripts/campaign/level.gd
 create mode 100644 docs/development/evidence/shared39-cue-reference-bits/runs/cue-bits-baseline1/source/files/scripts/campaign/level.gd.uid
 create mode 100644 docs/development/evidence/shared39-cue-reference-bits/runs/cue-bits-baseline1/source/files/scripts/campaign/registry.gd
 create mode 100644 docs/development/evidence/shared39-cue-reference-bits/runs/cue-bits-baseline1/source/files/scripts/campaign/registry.gd.uid
 create mode 100644 docs/development/evidence/shared39-cue-reference-bits/runs/cue-bits-baseline1/source/files/scripts/campaign/save_store.gd
 create mode 100644 docs/development/evidence/shared39-cue-reference-bits/runs/cue-bits-baseline1/source/files/scripts/campaign/save_store.gd.uid
 create mode 100644 docs/development/evidence/shared39-cue-reference-bits/runs/cue-bits-baseline1/source/files/scripts/campaign/shell.gd
 create mode 100644 docs/development/evidence/shared39-cue-reference-bits/runs/cue-bits-baseline1/source/files/scripts/campaign/shell.gd.uid
 create mode 100644 docs/development/evidence/shared39-cue-reference-bits/runs/cue-bits-baseline1/source/files/scripts/campaign/snapshot_codec.gd
 create mode 100644 docs/development/evidence/shared39-cue-reference-bits/runs/cue-bits-baseline1/source/files/scripts/campaign/snapshot_codec.gd.uid
 create mode 100644 docs/development/evidence/shared39-cue-reference-bits/runs/cue-bits-baseline1/source/files/scripts/character/player_presentations.gd
 create mode 100644 docs/development/evidence/shared39-cue-reference-bits/runs/cue-bits-baseline1/source/files/scripts/character/player_presentations.gd.uid
 create mode 100644 docs/development/evidence/shared39-cue-reference-bits/runs/cue-bits-baseline1/source/files/scripts/combat/action_capture.gd
 create mode 100644 docs/development/evidence/shared39-cue-reference-bits/runs/cue-bits-baseline1/source/files/scripts/combat/action_capture.gd.uid
 create mode 100644 docs/development/evidence/shared39-cue-reference-bits/runs/cue-bits-baseline1/source/files/scripts/combat/authored_echo_cycle_journal.gd
 create mode 100644 docs/development/evidence/shared39-cue-reference-bits/runs/cue-bits-baseline1/source/files/scripts/combat/authored_echo_cycle_journal.gd.uid
 create mode 100644 docs/development/evidence/shared39-cue-reference-bits/runs/cue-bits-baseline1/source/files/scripts/combat/authored_echo_renderer.gd
 create mode 100644 docs/development/evidence/shared39-cue-reference-bits/runs/cue-bits-baseline1/source/files/scripts/combat/authored_echo_renderer.gd.uid
 create mode 100644 docs/development/evidence/shared39-cue-reference-bits/runs/cue-bits-baseline1/source/files/scripts/combat/authored_echo_terminal_receipt.gd
 create mode 100644 docs/development/evidence/shared39-cue-reference-bits/runs/cue-bits-baseline1/source/files/scripts/combat/authored_echo_terminal_receipt.gd.uid
 create mode 100644 docs/development/evidence/shared39-cue-reference-bits/runs/cue-bits-baseline1/source/files/scripts/combat/authored_enemy_sequence.gd
 create mode 100644 docs/development/evidence/shared39-cue-reference-bits/runs/cue-bits-baseline1/source/files/scripts/combat/authored_enemy_sequence.gd.uid
 create mode 100644 docs/development/evidence/shared39-cue-reference-bits/runs/cue-bits-baseline1/source/files/scripts/combat/body_sweep.gd
 create mode 100644 docs/development/evidence/shared39-cue-reference-bits/runs/cue-bits-baseline1/source/files/scripts/combat/body_sweep.gd.uid
 create mode 100644 docs/development/evidence/shared39-cue-reference-bits/runs/cue-bits-baseline1/source/files/scripts/combat/difficulty.gd
 create mode 100644 docs/development/evidence/shared39-cue-reference-bits/runs/cue-bits-baseline1/source/files/scripts/combat/difficulty.gd.uid
 create mode 100644 docs/development/evidence/shared39-cue-reference-bits/runs/cue-bits-baseline1/source/files/scripts/combat/lunge_motion.gd
 create mode 100644 docs/development/evidence/shared39-cue-reference-bits/runs/cue-bits-baseline1/source/files/scripts/combat/lunge_motion.gd.uid
 create mode 100644 docs/development/evidence/shared39-cue-reference-bits/runs/cue-bits-baseline1/source/files/scripts/combat/replay_cursor.gd
 create mode 100644 docs/development/evidence/shared39-cue-reference-bits/runs/cue-bits-baseline1/source/files/scripts/combat/replay_cursor.gd.uid
 create mode 100644 docs/development/evidence/shared39-cue-reference-bits/runs/cue-bits-baseline1/source/files/scripts/combat/replay_footprint.gd
 create mode 100644 docs/development/evidence/shared39-cue-reference-bits/runs/cue-bits-baseline1/source/files/scripts/combat/replay_footprint.gd.uid
 create mode 100644 docs/development/evidence/shared39-cue-reference-bits/runs/cue-bits-baseline1/source/files/scripts/combat/replay_playback.gd
 create mode 100644 docs/development/evidence/shared39-cue-reference-bits/runs/cue-bits-baseline1/source/files/scripts/combat/replay_playback.gd.uid
 create mode 100644 docs/development/evidence/shared39-cue-reference-bits/runs/cue-bits-baseline1/source/files/scripts/combat/replay_program.gd
 create mode 100644 docs/development/evidence/shared39-cue-reference-bits/runs/cue-bits-baseline1/source/files/scripts/combat/replay_program.gd.uid
 create mode 100644 docs/development/evidence/shared39-cue-reference-bits/runs/cue-bits-baseline1/source/files/scripts/combat/replay_sequence.gd
 create mode 100644 docs/development/evidence/shared39-cue-reference-bits/runs/cue-bits-baseline1/source/files/scripts/combat/replay_sequence.gd.uid
 create mode 100644 docs/development/evidence/shared39-cue-reference-bits/runs/cue-bits-baseline1/source/files/scripts/combat/replay_witness.gd
 create mode 100644 docs/development/evidence/shared39-cue-reference-bits/runs/cue-bits-baseline1/source/files/scripts/combat/replay_witness.gd.uid
 create mode 100644 docs/development/evidence/shared39-cue-reference-bits/runs/cue-bits-baseline1/source/files/scripts/combat/threat_geometry.gd
 create mode 100644 docs/development/evidence/shared39-cue-reference-bits/runs/cue-bits-baseline1/source/files/scripts/combat/threat_geometry.gd.uid
 create mode 100644 docs/development/evidence/shared39-cue-reference-bits/runs/cue-bits-baseline1/source/files/scripts/combat/threat_scheduler.gd
 create mode 100644 docs/development/evidence/shared39-cue-reference-bits/runs/cue-bits-baseline1/source/files/scripts/combat/threat_scheduler.gd.uid
 create mode 100644 docs/development/evidence/shared39-cue-reference-bits/runs/cue-bits-baseline1/source/files/scripts/cues/cue_mesh.gd
 create mode 100644 docs/development/evidence/shared39-cue-reference-bits/runs/cue-bits-baseline1/source/files/scripts/cues/cue_mesh.gd.uid
 create mode 100644 docs/development/evidence/shared39-cue-reference-bits/runs/cue-bits-baseline1/source/files/scripts/cues/threat_cue.gd
 create mode 100644 docs/development/evidence/shared39-cue-reference-bits/runs/cue-bits-baseline1/source/files/scripts/cues/threat_cue.gd.uid
 create mode 100644 docs/development/evidence/shared39-cue-reference-bits/runs/cue-bits-baseline1/source/files/scripts/curling_smoke.gd
 create mode 100644 docs/development/evidence/shared39-cue-reference-bits/runs/cue-bits-baseline1/source/files/scripts/curling_smoke.gd.uid
 create mode 100644 docs/development/evidence/shared39-cue-reference-bits/runs/cue-bits-baseline1/source/files/scripts/dev/dev.py
 create mode 100644 docs/development/evidence/shared39-cue-reference-bits/runs/cue-bits-baseline1/source/files/scripts/effects.gd
 create mode 100644 docs/development/evidence/shared39-cue-reference-bits/runs/cue-bits-baseline1/source/files/scripts/effects.gd.uid
 create mode 100644 docs/development/evidence/shared39-cue-reference-bits/runs/cue-bits-baseline1/source/files/scripts/enemy.gd
 create mode 100644 docs/development/evidence/shared39-cue-reference-bits/runs/cue-bits-baseline1/source/files/scripts/enemy.gd.uid
 create mode 100644 docs/development/evidence/shared39-cue-reference-bits/runs/cue-bits-baseline1/source/files/scripts/equipment.gd
 create mode 100644 docs/development/evidence/shared39-cue-reference-bits/runs/cue-bits-baseline1/source/files/scripts/equipment.gd.uid
 create mode 100644 docs/development/evidence/shared39-cue-reference-bits/runs/cue-bits-baseline1/source/files/scripts/game.gd
 create mode 100644 docs/development/evidence/shared39-cue-reference-bits/runs/cue-bits-baseline1/source/files/scripts/game.gd.uid
 create mode 100644 docs/development/evidence/shared39-cue-reference-bits/runs/cue-bits-baseline1/source/files/scripts/hud.gd
 create mode 100644 docs/development/evidence/shared39-cue-reference-bits/runs/cue-bits-baseline1/source/files/scripts/hud.gd.uid
 create mode 100644 docs/development/evidence/shared39-cue-reference-bits/runs/cue-bits-baseline1/source/files/scripts/lab_bench.gd
 create mode 100644 docs/development/evidence/shared39-cue-reference-bits/runs/cue-bits-baseline1/source/files/scripts/lab_bench.gd.uid
 create mode 100644 docs/development/evidence/shared39-cue-reference-bits/runs/cue-bits-baseline1/source/files/scripts/pixel_sprite.gd
 create mode 100644 docs/development/evidence/shared39-cue-reference-bits/runs/cue-bits-baseline1/source/files/scripts/pixel_sprite.gd.uid
 create mode 100644 docs/development/evidence/shared39-cue-reference-bits/runs/cue-bits-baseline1/source/files/scripts/player.gd
 create mode 100644 docs/development/evidence/shared39-cue-reference-bits/runs/cue-bits-baseline1/source/files/scripts/player.gd.uid
 create mode 100644 docs/development/evidence/shared39-cue-reference-bits/runs/cue-bits-baseline1/source/files/scripts/practice_target.gd
 create mode 100644 docs/development/evidence/shared39-cue-reference-bits/runs/cue-bits-baseline1/source/files/scripts/practice_target.gd.uid
 create mode 100644 docs/development/evidence/shared39-cue-reference-bits/runs/cue-bits-baseline1/source/files/scripts/presentation/camera_framing.gd
 create mode 100644 docs/development/evidence/shared39-cue-reference-bits/runs/cue-bits-baseline1/source/files/scripts/presentation/camera_framing.gd.uid
 create mode 100644 docs/development/evidence/shared39-cue-reference-bits/runs/cue-bits-baseline1/source/files/scripts/settings/game_settings.gd
 create mode 100644 docs/development/evidence/shared39-cue-reference-bits/runs/cue-bits-baseline1/source/files/scripts/settings/game_settings.gd.uid
 create mode 100644 docs/development/evidence/shared39-cue-reference-bits/runs/cue-bits-baseline1/source/files/scripts/shotgun_flare.gd
 create mode 100644 docs/development/evidence/shared39-cue-reference-bits/runs/cue-bits-baseline1/source/files/scripts/shotgun_flare.gd.uid
 create mode 100644 docs/development/evidence/shared39-cue-reference-bits/runs/cue-bits-baseline1/source/files/scripts/ui/campaign_menu.gd
 create mode 100644 docs/development/evidence/shared39-cue-reference-bits/runs/cue-bits-baseline1/source/files/scripts/ui/campaign_menu.gd.uid
 create mode 100644 docs/development/evidence/shared39-cue-reference-bits/runs/cue-bits-baseline1/source/files/scripts/weapon_pickup.gd
 create mode 100644 docs/development/evidence/shared39-cue-reference-bits/runs/cue-bits-baseline1/source/files/scripts/weapon_pickup.gd.uid
 create mode 100644 docs/development/evidence/shared39-cue-reference-bits/runs/cue-bits-baseline1/source/files/tests/authored_echo_performance_smoke.gd
 create mode 100644 docs/development/evidence/shared39-cue-reference-bits/runs/cue-bits-baseline1/source/files/tests/authored_echo_performance_smoke.gd.uid
 create mode 100644 docs/development/evidence/shared39-cue-reference-bits/runs/cue-bits-baseline1/source/files/tests/authored_echo_playback_smoke.gd
 create mode 100644 docs/development/evidence/shared39-cue-reference-bits/runs/cue-bits-baseline1/source/files/tests/authored_echo_playback_smoke.gd.uid
 create mode 100644 docs/development/evidence/shared39-cue-reference-bits/runs/cue-bits-baseline1/source/files/tests/fixtures/authored_echo_actor.gd
 create mode 100644 docs/development/evidence/shared39-cue-reference-bits/runs/cue-bits-baseline1/source/files/tests/fixtures/authored_echo_actor.gd.uid
 create mode 100644 docs/development/evidence/shared39-cue-reference-bits/runs/cue-bits-baseline1/source/files/tests/fixtures/authored_echo_native_codec.gd
 create mode 100644 docs/development/evidence/shared39-cue-reference-bits/runs/cue-bits-baseline1/source/files/tests/fixtures/authored_echo_native_codec.gd.uid
 create mode 100644 docs/development/evidence/shared39-cue-reference-bits/runs/cue-bits-baseline1/source/manifest.json
 create mode 100644 docs/development/evidence/shared39-cue-reference-bits/runs/cue-bits-native1/cue-bits-native1-closure.json
 create mode 100644 docs/development/evidence/shared39-cue-reference-bits/runs/cue-bits-native1/cue-bits-native1-submission.json
 create mode 100644 docs/development/evidence/shared39-cue-reference-bits/runs/cue-bits-native1/cue-bits-native1.native.log
 create mode 100644 docs/development/evidence/shared39-cue-reference-bits/runs/cue-bits-native1/cue-bits-native1.wrapper.log
 create mode 100644 docs/development/evidence/shared39-cue-reference-bits/runs/cue-bits-native1/source/.gdignore
 create mode 100644 docs/development/evidence/shared39-cue-reference-bits/runs/cue-bits-native1/source/files/.cinder/cue-bits-native1-runner.py
 create mode 100644 docs/development/evidence/shared39-cue-reference-bits/runs/cue-bits-native1/source/files/.cinder/local.json
 create mode 100644 docs/development/evidence/shared39-cue-reference-bits/runs/cue-bits-native1/source/files/assets/characters/manifest.json
 create mode 100644 docs/development/evidence/shared39-cue-reference-bits/runs/cue-bits-native1/source/files/assets/effects/manifest.json
 create mode 100644 docs/development/evidence/shared39-cue-reference-bits/runs/cue-bits-native1/source/files/assets/references/manifest.json
 create mode 100644 docs/development/evidence/shared39-cue-reference-bits/runs/cue-bits-native1/source/files/captures/character-blast.png
 create mode 100644 docs/development/evidence/shared39-cue-reference-bits/runs/cue-bits-native1/source/files/captures/character-lab.png
 create mode 100644 docs/development/evidence/shared39-cue-reference-bits/runs/cue-bits-native1/source/files/captures/character-primary.png
 create mode 100644 docs/development/evidence/shared39-cue-reference-bits/runs/cue-bits-native1/source/files/captures/dash-plume-end.png
 create mode 100644 docs/development/evidence/shared39-cue-reference-bits/runs/cue-bits-native1/source/files/captures/dash-plume-mid.png
 create mode 100644 docs/development/evidence/shared39-cue-reference-bits/runs/cue-bits-native1/source/files/captures/enemy-recovery.png
 create mode 100644 docs/development/evidence/shared39-cue-reference-bits/runs/cue-bits-native1/source/files/captures/enemy-warning.png
 create mode 100644 docs/development/evidence/shared39-cue-reference-bits/runs/cue-bits-native1/source/files/captures/level-preview.png
 create mode 100644 docs/development/evidence/shared39-cue-reference-bits/runs/cue-bits-native1/source/files/captures/loadout-bench.png
 create mode 100644 docs/development/evidence/shared39-cue-reference-bits/runs/cue-bits-native1/source/files/captures/mechanics-lab.png
 create mode 100644 docs/development/evidence/shared39-cue-reference-bits/runs/cue-bits-native1/source/files/captures/shot-flare-left.png
 create mode 100644 docs/development/evidence/shared39-cue-reference-bits/runs/cue-bits-native1/source/files/captures/shot-flare-right.png
 create mode 100644 docs/development/evidence/shared39-cue-reference-bits/runs/cue-bits-native1/source/files/captures/slash-arc.png
 create mode 100644 docs/development/evidence/shared39-cue-reference-bits/runs/cue-bits-native1/source/files/data/campaign/registry.json
 create mode 100644 docs/development/evidence/shared39-cue-reference-bits/runs/cue-bits-native1/source/files/data/design/difficulty_profiles.json
 create mode 100644 docs/development/evidence/shared39-cue-reference-bits/runs/cue-bits-native1/source/files/data/design/player_equipment.json
 create mode 100644 docs/development/evidence/shared39-cue-reference-bits/runs/cue-bits-native1/source/files/docs/concept-art/act1/generated-manifest.json
 create mode 100644 docs/development/evidence/shared39-cue-reference-bits/runs/cue-bits-native1/source/files/docs/concept-art/act2/generated-manifest.json
 create mode 100644 docs/development/evidence/shared39-cue-reference-bits/runs/cue-bits-native1/source/files/docs/concept-art/act3/generated-manifest.json
 create mode 100644 docs/development/evidence/shared39-cue-reference-bits/runs/cue-bits-native1/source/files/docs/reference-library/act1/CREDITS.md
 create mode 100644 docs/development/evidence/shared39-cue-reference-bits/runs/cue-bits-native1/source/files/docs/reference-library/act2/CREDITS.md
 create mode 100644 docs/development/evidence/shared39-cue-reference-bits/runs/cue-bits-native1/source/files/docs/reference-library/act3/research/SOURCES.md
 create mode 100644 docs/development/evidence/shared39-cue-reference-bits/runs/cue-bits-native1/source/files/project.godot
 create mode 100644 docs/development/evidence/shared39-cue-reference-bits/runs/cue-bits-native1/source/files/scenes/campaign_main.tscn
 create mode 100644 docs/development/evidence/shared39-cue-reference-bits/runs/cue-bits-native1/source/files/scenes/lab_arena.tscn
 create mode 100644 docs/development/evidence/shared39-cue-reference-bits/runs/cue-bits-native1/source/files/scenes/player.tscn
 create mode 100644 docs/development/evidence/shared39-cue-reference-bits/runs/cue-bits-native1/source/files/scenes/practice_target.tscn
 create mode 100644 docs/development/evidence/shared39-cue-reference-bits/runs/cue-bits-native1/source/files/scripts/attack_footprint.gd
 create mode 100644 docs/development/evidence/shared39-cue-reference-bits/runs/cue-bits-native1/source/files/scripts/attack_footprint.gd.uid
 create mode 100644 docs/development/evidence/shared39-cue-reference-bits/runs/cue-bits-native1/source/files/scripts/campaign/attempts.gd
 create mode 100644 docs/development/evidence/shared39-cue-reference-bits/runs/cue-bits-native1/source/files/scripts/campaign/attempts.gd.uid
 create mode 100644 docs/development/evidence/shared39-cue-reference-bits/runs/cue-bits-native1/source/files/scripts/campaign/exact_json.gd
 create mode 100644 docs/development/evidence/shared39-cue-reference-bits/runs/cue-bits-native1/source/files/scripts/campaign/exact_json.gd.uid
 create mode 100644 docs/development/evidence/shared39-cue-reference-bits/runs/cue-bits-native1/source/files/scripts/campaign/level.gd
 create mode 100644 docs/development/evidence/shared39-cue-reference-bits/runs/cue-bits-native1/source/files/scripts/campaign/level.gd.uid
 create mode 100644 docs/development/evidence/shared39-cue-reference-bits/runs/cue-bits-native1/source/files/scripts/campaign/registry.gd
 create mode 100644 docs/development/evidence/shared39-cue-reference-bits/runs/cue-bits-native1/source/files/scripts/campaign/registry.gd.uid
 create mode 100644 docs/development/evidence/shared39-cue-reference-bits/runs/cue-bits-native1/source/files/scripts/campaign/save_store.gd
 create mode 100644 docs/development/evidence/shared39-cue-reference-bits/runs/cue-bits-native1/source/files/scripts/campaign/save_store.gd.uid
 create mode 100644 docs/development/evidence/shared39-cue-reference-bits/runs/cue-bits-native1/source/files/scripts/campaign/shell.gd
 create mode 100644 docs/development/evidence/shared39-cue-reference-bits/runs/cue-bits-native1/source/files/scripts/campaign/shell.gd.uid
 create mode 100644 docs/development/evidence/shared39-cue-reference-bits/runs/cue-bits-native1/source/files/scripts/campaign/snapshot_codec.gd
 create mode 100644 docs/development/evidence/shared39-cue-reference-bits/runs/cue-bits-native1/source/files/scripts/campaign/snapshot_codec.gd.uid
 create mode 100644 docs/development/evidence/shared39-cue-reference-bits/runs/cue-bits-native1/source/files/scripts/character/player_presentations.gd
 create mode 100644 docs/development/evidence/shared39-cue-reference-bits/runs/cue-bits-native1/source/files/scripts/character/player_presentations.gd.uid
 create mode 100644 docs/development/evidence/shared39-cue-reference-bits/runs/cue-bits-native1/source/files/scripts/combat/action_capture.gd
 create mode 100644 docs/development/evidence/shared39-cue-reference-bits/runs/cue-bits-native1/source/files/scripts/combat/action_capture.gd.uid
 create mode 100644 docs/development/evidence/shared39-cue-reference-bits/runs/cue-bits-native1/source/files/scripts/combat/authored_echo_cycle_journal.gd
 create mode 100644 docs/development/evidence/shared39-cue-reference-bits/runs/cue-bits-native1/source/files/scripts/combat/authored_echo_cycle_journal.gd.uid
 create mode 100644 docs/development/evidence/shared39-cue-reference-bits/runs/cue-bits-native1/source/files/scripts/combat/authored_echo_renderer.gd
 create mode 100644 docs/development/evidence/shared39-cue-reference-bits/runs/cue-bits-native1/source/files/scripts/combat/authored_echo_renderer.gd.uid
 create mode 100644 docs/development/evidence/shared39-cue-reference-bits/runs/cue-bits-native1/source/files/scripts/combat/authored_echo_terminal_receipt.gd
 create mode 100644 docs/development/evidence/shared39-cue-reference-bits/runs/cue-bits-native1/source/files/scripts/combat/authored_echo_terminal_receipt.gd.uid
 create mode 100644 docs/development/evidence/shared39-cue-reference-bits/runs/cue-bits-native1/source/files/scripts/combat/authored_enemy_sequence.gd
 create mode 100644 docs/development/evidence/shared39-cue-reference-bits/runs/cue-bits-native1/source/files/scripts/combat/authored_enemy_sequence.gd.uid
 create mode 100644 docs/development/evidence/shared39-cue-reference-bits/runs/cue-bits-native1/source/files/scripts/combat/body_sweep.gd
 create mode 100644 docs/development/evidence/shared39-cue-reference-bits/runs/cue-bits-native1/source/files/scripts/combat/body_sweep.gd.uid
 create mode 100644 docs/development/evidence/shared39-cue-reference-bits/runs/cue-bits-native1/source/files/scripts/combat/difficulty.gd
 create mode 100644 docs/development/evidence/shared39-cue-reference-bits/runs/cue-bits-native1/source/files/scripts/combat/difficulty.gd.uid
 create mode 100644 docs/development/evidence/shared39-cue-reference-bits/runs/cue-bits-native1/source/files/scripts/combat/lunge_motion.gd
 create mode 100644 docs/development/evidence/shared39-cue-reference-bits/runs/cue-bits-native1/source/files/scripts/combat/lunge_motion.gd.uid
 create mode 100644 docs/development/evidence/shared39-cue-reference-bits/runs/cue-bits-native1/source/files/scripts/combat/replay_cursor.gd
 create mode 100644 docs/development/evidence/shared39-cue-reference-bits/runs/cue-bits-native1/source/files/scripts/combat/replay_cursor.gd.uid
 create mode 100644 docs/development/evidence/shared39-cue-reference-bits/runs/cue-bits-native1/source/files/scripts/combat/replay_footprint.gd
 create mode 100644 docs/development/evidence/shared39-cue-reference-bits/runs/cue-bits-native1/source/files/scripts/combat/replay_footprint.gd.uid
 create mode 100644 docs/development/evidence/shared39-cue-reference-bits/runs/cue-bits-native1/source/files/scripts/combat/replay_playback.gd
 create mode 100644 docs/development/evidence/shared39-cue-reference-bits/runs/cue-bits-native1/source/files/scripts/combat/replay_playback.gd.uid
 create mode 100644 docs/development/evidence/shared39-cue-reference-bits/runs/cue-bits-native1/source/files/scripts/combat/replay_program.gd
 create mode 100644 docs/development/evidence/shared39-cue-reference-bits/runs/cue-bits-native1/source/files/scripts/combat/replay_program.gd.uid
 create mode 100644 docs/development/evidence/shared39-cue-reference-bits/runs/cue-bits-native1/source/files/scripts/combat/replay_sequence.gd
 create mode 100644 docs/development/evidence/shared39-cue-reference-bits/runs/cue-bits-native1/source/files/scripts/combat/replay_sequence.gd.uid
 create mode 100644 docs/development/evidence/shared39-cue-reference-bits/runs/cue-bits-native1/source/files/scripts/combat/replay_witness.gd
 create mode 100644 docs/development/evidence/shared39-cue-reference-bits/runs/cue-bits-native1/source/files/scripts/combat/replay_witness.gd.uid
 create mode 100644 docs/development/evidence/shared39-cue-reference-bits/runs/cue-bits-native1/source/files/scripts/combat/threat_geometry.gd
 create mode 100644 docs/development/evidence/shared39-cue-reference-bits/runs/cue-bits-native1/source/files/scripts/combat/threat_geometry.gd.uid
 create mode 100644 docs/development/evidence/shared39-cue-reference-bits/runs/cue-bits-native1/source/files/scripts/combat/threat_scheduler.gd
 create mode 100644 docs/development/evidence/shared39-cue-reference-bits/runs/cue-bits-native1/source/files/scripts/combat/threat_scheduler.gd.uid
 create mode 100644 docs/development/evidence/shared39-cue-reference-bits/runs/cue-bits-native1/source/files/scripts/cues/cue_mesh.gd
 create mode 100644 docs/development/evidence/shared39-cue-reference-bits/runs/cue-bits-native1/source/files/scripts/cues/cue_mesh.gd.uid
 create mode 100644 docs/development/evidence/shared39-cue-reference-bits/runs/cue-bits-native1/source/files/scripts/cues/threat_cue.gd
 create mode 100644 docs/development/evidence/shared39-cue-reference-bits/runs/cue-bits-native1/source/files/scripts/cues/threat_cue.gd.uid
 create mode 100644 docs/development/evidence/shared39-cue-reference-bits/runs/cue-bits-native1/source/files/scripts/curling_smoke.gd
 create mode 100644 docs/development/evidence/shared39-cue-reference-bits/runs/cue-bits-native1/source/files/scripts/curling_smoke.gd.uid
 create mode 100644 docs/development/evidence/shared39-cue-reference-bits/runs/cue-bits-native1/source/files/scripts/dev/dev.py
 create mode 100644 docs/development/evidence/shared39-cue-reference-bits/runs/cue-bits-native1/source/files/scripts/effects.gd
 create mode 100644 docs/development/evidence/shared39-cue-reference-bits/runs/cue-bits-native1/source/files/scripts/effects.gd.uid
 create mode 100644 docs/development/evidence/shared39-cue-reference-bits/runs/cue-bits-native1/source/files/scripts/enemy.gd
 create mode 100644 docs/development/evidence/shared39-cue-reference-bits/runs/cue-bits-native1/source/files/scripts/enemy.gd.uid
 create mode 100644 docs/development/evidence/shared39-cue-reference-bits/runs/cue-bits-native1/source/files/scripts/equipment.gd
 create mode 100644 docs/development/evidence/shared39-cue-reference-bits/runs/cue-bits-native1/source/files/scripts/equipment.gd.uid
 create mode 100644 docs/development/evidence/shared39-cue-reference-bits/runs/cue-bits-native1/source/files/scripts/game.gd
 create mode 100644 docs/development/evidence/shared39-cue-reference-bits/runs/cue-bits-native1/source/files/scripts/game.gd.uid
 create mode 100644 docs/development/evidence/shared39-cue-reference-bits/runs/cue-bits-native1/source/files/scripts/hud.gd
 create mode 100644 docs/development/evidence/shared39-cue-reference-bits/runs/cue-bits-native1/source/files/scripts/hud.gd.uid
 create mode 100644 docs/development/evidence/shared39-cue-reference-bits/runs/cue-bits-native1/source/files/scripts/lab_bench.gd
 create mode 100644 docs/development/evidence/shared39-cue-reference-bits/runs/cue-bits-native1/source/files/scripts/lab_bench.gd.uid
 create mode 100644 docs/development/evidence/shared39-cue-reference-bits/runs/cue-bits-native1/source/files/scripts/pixel_sprite.gd
 create mode 100644 docs/development/evidence/shared39-cue-reference-bits/runs/cue-bits-native1/source/files/scripts/pixel_sprite.gd.uid
 create mode 100644 docs/development/evidence/shared39-cue-reference-bits/runs/cue-bits-native1/source/files/scripts/player.gd
 create mode 100644 docs/development/evidence/shared39-cue-reference-bits/runs/cue-bits-native1/source/files/scripts/player.gd.uid
 create mode 100644 docs/development/evidence/shared39-cue-reference-bits/runs/cue-bits-native1/source/files/scripts/practice_target.gd
 create mode 100644 docs/development/evidence/shared39-cue-reference-bits/runs/cue-bits-native1/source/files/scripts/practice_target.gd.uid
 create mode 100644 docs/development/evidence/shared39-cue-reference-bits/runs/cue-bits-native1/source/files/scripts/presentation/camera_framing.gd
 create mode 100644 docs/development/evidence/shared39-cue-reference-bits/runs/cue-bits-native1/source/files/scripts/presentation/camera_framing.gd.uid
 create mode 100644 docs/development/evidence/shared39-cue-reference-bits/runs/cue-bits-native1/source/files/scripts/settings/game_settings.gd
 create mode 100644 docs/development/evidence/shared39-cue-reference-bits/runs/cue-bits-native1/source/files/scripts/settings/game_settings.gd.uid
 create mode 100644 docs/development/evidence/shared39-cue-reference-bits/runs/cue-bits-native1/source/files/scripts/shotgun_flare.gd
 create mode 100644 docs/development/evidence/shared39-cue-reference-bits/runs/cue-bits-native1/source/files/scripts/shotgun_flare.gd.uid
 create mode 100644 docs/development/evidence/shared39-cue-reference-bits/runs/cue-bits-native1/source/files/scripts/ui/campaign_menu.gd
 create mode 100644 docs/development/evidence/shared39-cue-reference-bits/runs/cue-bits-native1/source/files/scripts/ui/campaign_menu.gd.uid
 create mode 100644 docs/development/evidence/shared39-cue-reference-bits/runs/cue-bits-native1/source/files/scripts/weapon_pickup.gd
 create mode 100644 docs/development/evidence/shared39-cue-reference-bits/runs/cue-bits-native1/source/files/scripts/weapon_pickup.gd.uid
 create mode 100644 docs/development/evidence/shared39-cue-reference-bits/runs/cue-bits-native1/source/files/tests/authored_echo_performance_smoke.gd
 create mode 100644 docs/development/evidence/shared39-cue-reference-bits/runs/cue-bits-native1/source/files/tests/authored_echo_performance_smoke.gd.uid
 create mode 100644 docs/development/evidence/shared39-cue-reference-bits/runs/cue-bits-native1/source/files/tests/authored_echo_playback_smoke.gd
 create mode 100644 docs/development/evidence/shared39-cue-reference-bits/runs/cue-bits-native1/source/files/tests/authored_echo_playback_smoke.gd.uid
 create mode 100644 docs/development/evidence/shared39-cue-reference-bits/runs/cue-bits-native1/source/files/tests/fixtures/authored_echo_actor.gd
 create mode 100644 docs/development/evidence/shared39-cue-reference-bits/runs/cue-bits-native1/source/files/tests/fixtures/authored_echo_actor.gd.uid
 create mode 100644 docs/development/evidence/shared39-cue-reference-bits/runs/cue-bits-native1/source/files/tests/fixtures/authored_echo_native_codec.gd
 create mode 100644 docs/development/evidence/shared39-cue-reference-bits/runs/cue-bits-native1/source/files/tests/fixtures/authored_echo_native_codec.gd.uid
 create mode 100644 docs/development/evidence/shared39-cue-reference-bits/runs/cue-bits-native1/source/files/tests/projected_cue_smoke.gd
 create mode 100644 docs/development/evidence/shared39-cue-reference-bits/runs/cue-bits-native1/source/files/tests/projected_cue_smoke.gd.uid
 create mode 100644 docs/development/evidence/shared39-cue-reference-bits/runs/cue-bits-native1/source/files/tests/threat_cue_reference_bits_smoke.gd
 create mode 100644 docs/development/evidence/shared39-cue-reference-bits/runs/cue-bits-native1/source/files/tests/threat_cue_reference_comparison_smoke.gd
 create mode 100644 docs/development/evidence/shared39-cue-reference-bits/runs/cue-bits-native1/source/files/tests/threat_cue_reference_comparison_smoke.gd.uid
 create mode 100644 docs/development/evidence/shared39-cue-reference-bits/runs/cue-bits-native1/source/manifest.json
 create mode 100644 docs/development/evidence/shared39-cue-reference-bits/runs/cue-bits-performance1/cue-bits-performance1-closure.json
 create mode 100644 docs/development/evidence/shared39-cue-reference-bits/runs/cue-bits-performance1/cue-bits-performance1-report.json
 create mode 100644 docs/development/evidence/shared39-cue-reference-bits/runs/cue-bits-performance1/cue-bits-performance1-submission.json
 create mode 100644 docs/development/evidence/shared39-cue-reference-bits/runs/cue-bits-performance1/cue-bits-performance1.native.log
 create mode 100644 docs/development/evidence/shared39-cue-reference-bits/runs/cue-bits-performance1/cue-bits-performance1.wrapper.log
 create mode 100644 docs/development/evidence/shared39-cue-reference-bits/runs/cue-bits-performance1/source/.gdignore
 create mode 100644 docs/development/evidence/shared39-cue-reference-bits/runs/cue-bits-performance1/source/files/.cinder/cue-bits-performance1-runner.py
 create mode 100644 docs/development/evidence/shared39-cue-reference-bits/runs/cue-bits-performance1/source/files/.cinder/cue-bits-performance1-submission.json
 create mode 100644 docs/development/evidence/shared39-cue-reference-bits/runs/cue-bits-performance1/source/files/.cinder/freeze_cursor37.py
 create mode 100644 docs/development/evidence/shared39-cue-reference-bits/runs/cue-bits-performance1/source/files/assets/characters/manifest.json
 create mode 100644 docs/development/evidence/shared39-cue-reference-bits/runs/cue-bits-performance1/source/files/assets/effects/manifest.json
 create mode 100644 docs/development/evidence/shared39-cue-reference-bits/runs/cue-bits-performance1/source/files/assets/references/manifest.json
 create mode 100644 docs/development/evidence/shared39-cue-reference-bits/runs/cue-bits-performance1/source/files/captures/character-blast.png
 create mode 100644 docs/development/evidence/shared39-cue-reference-bits/runs/cue-bits-performance1/source/files/captures/character-lab.png
 create mode 100644 docs/development/evidence/shared39-cue-reference-bits/runs/cue-bits-performance1/source/files/captures/character-primary.png
 create mode 100644 docs/development/evidence/shared39-cue-reference-bits/runs/cue-bits-performance1/source/files/captures/dash-plume-end.png
 create mode 100644 docs/development/evidence/shared39-cue-reference-bits/runs/cue-bits-performance1/source/files/captures/dash-plume-mid.png
 create mode 100644 docs/development/evidence/shared39-cue-reference-bits/runs/cue-bits-performance1/source/files/captures/enemy-recovery.png
 create mode 100644 docs/development/evidence/shared39-cue-reference-bits/runs/cue-bits-performance1/source/files/captures/enemy-warning.png
 create mode 100644 docs/development/evidence/shared39-cue-reference-bits/runs/cue-bits-performance1/source/files/captures/level-preview.png
 create mode 100644 docs/development/evidence/shared39-cue-reference-bits/runs/cue-bits-performance1/source/files/captures/loadout-bench.png
 create mode 100644 docs/development/evidence/shared39-cue-reference-bits/runs/cue-bits-performance1/source/files/captures/mechanics-lab.png
 create mode 100644 docs/development/evidence/shared39-cue-reference-bits/runs/cue-bits-performance1/source/files/captures/shot-flare-left.png
 create mode 100644 docs/development/evidence/shared39-cue-reference-bits/runs/cue-bits-performance1/source/files/captures/shot-flare-right.png
 create mode 100644 docs/development/evidence/shared39-cue-reference-bits/runs/cue-bits-performance1/source/files/captures/slash-arc.png
 create mode 100644 docs/development/evidence/shared39-cue-reference-bits/runs/cue-bits-performance1/source/files/data/campaign/registry.json
 create mode 100644 docs/development/evidence/shared39-cue-reference-bits/runs/cue-bits-performance1/source/files/data/design/difficulty_profiles.json
 create mode 100644 docs/development/evidence/shared39-cue-reference-bits/runs/cue-bits-performance1/source/files/data/design/player_equipment.json
 create mode 100644 docs/development/evidence/shared39-cue-reference-bits/runs/cue-bits-performance1/source/files/docs/concept-art/act1/generated-manifest.json
 create mode 100644 docs/development/evidence/shared39-cue-reference-bits/runs/cue-bits-performance1/source/files/docs/concept-art/act2/generated-manifest.json
 create mode 100644 docs/development/evidence/shared39-cue-reference-bits/runs/cue-bits-performance1/source/files/docs/concept-art/act3/generated-manifest.json
 create mode 100644 docs/development/evidence/shared39-cue-reference-bits/runs/cue-bits-performance1/source/files/docs/reference-library/act1/CREDITS.md
 create mode 100644 docs/development/evidence/shared39-cue-reference-bits/runs/cue-bits-performance1/source/files/docs/reference-library/act2/CREDITS.md
 create mode 100644 docs/development/evidence/shared39-cue-reference-bits/runs/cue-bits-performance1/source/files/docs/reference-library/act3/research/SOURCES.md
 create mode 100644 docs/development/evidence/shared39-cue-reference-bits/runs/cue-bits-performance1/source/files/project.godot
 create mode 100644 docs/development/evidence/shared39-cue-reference-bits/runs/cue-bits-performance1/source/files/scenes/campaign_main.tscn
 create mode 100644 docs/development/evidence/shared39-cue-reference-bits/runs/cue-bits-performance1/source/files/scenes/lab_arena.tscn
 create mode 100644 docs/development/evidence/shared39-cue-reference-bits/runs/cue-bits-performance1/source/files/scenes/player.tscn
 create mode 100644 docs/development/evidence/shared39-cue-reference-bits/runs/cue-bits-performance1/source/files/scenes/practice_target.tscn
 create mode 100644 docs/development/evidence/shared39-cue-reference-bits/runs/cue-bits-performance1/source/files/scripts/attack_footprint.gd
 create mode 100644 docs/development/evidence/shared39-cue-reference-bits/runs/cue-bits-performance1/source/files/scripts/attack_footprint.gd.uid
 create mode 100644 docs/development/evidence/shared39-cue-reference-bits/runs/cue-bits-performance1/source/files/scripts/campaign/attempts.gd
 create mode 100644 docs/development/evidence/shared39-cue-reference-bits/runs/cue-bits-performance1/source/files/scripts/campaign/attempts.gd.uid
 create mode 100644 docs/development/evidence/shared39-cue-reference-bits/runs/cue-bits-performance1/source/files/scripts/campaign/exact_json.gd
 create mode 100644 docs/development/evidence/shared39-cue-reference-bits/runs/cue-bits-performance1/source/files/scripts/campaign/exact_json.gd.uid
 create mode 100644 docs/development/evidence/shared39-cue-reference-bits/runs/cue-bits-performance1/source/files/scripts/campaign/level.gd
 create mode 100644 docs/development/evidence/shared39-cue-reference-bits/runs/cue-bits-performance1/source/files/scripts/campaign/level.gd.uid
 create mode 100644 docs/development/evidence/shared39-cue-reference-bits/runs/cue-bits-performance1/source/files/scripts/campaign/registry.gd
 create mode 100644 docs/development/evidence/shared39-cue-reference-bits/runs/cue-bits-performance1/source/files/scripts/campaign/registry.gd.uid
 create mode 100644 docs/development/evidence/shared39-cue-reference-bits/runs/cue-bits-performance1/source/files/scripts/campaign/save_store.gd
 create mode 100644 docs/development/evidence/shared39-cue-reference-bits/runs/cue-bits-performance1/source/files/scripts/campaign/save_store.gd.uid
 create mode 100644 docs/development/evidence/shared39-cue-reference-bits/runs/cue-bits-performance1/source/files/scripts/campaign/shell.gd
 create mode 100644 docs/development/evidence/shared39-cue-reference-bits/runs/cue-bits-performance1/source/files/scripts/campaign/shell.gd.uid
 create mode 100644 docs/development/evidence/shared39-cue-reference-bits/runs/cue-bits-performance1/source/files/scripts/campaign/snapshot_codec.gd
 create mode 100644 docs/development/evidence/shared39-cue-reference-bits/runs/cue-bits-performance1/source/files/scripts/campaign/snapshot_codec.gd.uid
 create mode 100644 docs/development/evidence/shared39-cue-reference-bits/runs/cue-bits-performance1/source/files/scripts/character/player_presentations.gd
 create mode 100644 docs/development/evidence/shared39-cue-reference-bits/runs/cue-bits-performance1/source/files/scripts/character/player_presentations.gd.uid
 create mode 100644 docs/development/evidence/shared39-cue-reference-bits/runs/cue-bits-performance1/source/files/scripts/combat/action_capture.gd
 create mode 100644 docs/development/evidence/shared39-cue-reference-bits/runs/cue-bits-performance1/source/files/scripts/combat/action_capture.gd.uid
 create mode 100644 docs/development/evidence/shared39-cue-reference-bits/runs/cue-bits-performance1/source/files/scripts/combat/authored_echo_cycle_journal.gd
 create mode 100644 docs/development/evidence/shared39-cue-reference-bits/runs/cue-bits-performance1/source/files/scripts/combat/authored_echo_cycle_journal.gd.uid
 create mode 100644 docs/development/evidence/shared39-cue-reference-bits/runs/cue-bits-performance1/source/files/scripts/combat/authored_echo_renderer.gd
 create mode 100644 docs/development/evidence/shared39-cue-reference-bits/runs/cue-bits-performance1/source/files/scripts/combat/authored_echo_renderer.gd.uid
 create mode 100644 docs/development/evidence/shared39-cue-reference-bits/runs/cue-bits-performance1/source/files/scripts/combat/authored_echo_terminal_receipt.gd
 create mode 100644 docs/development/evidence/shared39-cue-reference-bits/runs/cue-bits-performance1/source/files/scripts/combat/authored_echo_terminal_receipt.gd.uid
 create mode 100644 docs/development/evidence/shared39-cue-reference-bits/runs/cue-bits-performance1/source/files/scripts/combat/authored_enemy_sequence.gd
 create mode 100644 docs/development/evidence/shared39-cue-reference-bits/runs/cue-bits-performance1/source/files/scripts/combat/authored_enemy_sequence.gd.uid
 create mode 100644 docs/development/evidence/shared39-cue-reference-bits/runs/cue-bits-performance1/source/files/scripts/combat/body_sweep.gd
 create mode 100644 docs/development/evidence/shared39-cue-reference-bits/runs/cue-bits-performance1/source/files/scripts/combat/body_sweep.gd.uid
 create mode 100644 docs/development/evidence/shared39-cue-reference-bits/runs/cue-bits-performance1/source/files/scripts/combat/difficulty.gd
 create mode 100644 docs/development/evidence/shared39-cue-reference-bits/runs/cue-bits-performance1/source/files/scripts/combat/difficulty.gd.uid
 create mode 100644 docs/development/evidence/shared39-cue-reference-bits/runs/cue-bits-performance1/source/files/scripts/combat/lunge_motion.gd
 create mode 100644 docs/development/evidence/shared39-cue-reference-bits/runs/cue-bits-performance1/source/files/scripts/combat/lunge_motion.gd.uid
 create mode 100644 docs/development/evidence/shared39-cue-reference-bits/runs/cue-bits-performance1/source/files/scripts/combat/replay_cursor.gd
 create mode 100644 docs/development/evidence/shared39-cue-reference-bits/runs/cue-bits-performance1/source/files/scripts/combat/replay_cursor.gd.uid
 create mode 100644 docs/development/evidence/shared39-cue-reference-bits/runs/cue-bits-performance1/source/files/scripts/combat/replay_footprint.gd
 create mode 100644 docs/development/evidence/shared39-cue-reference-bits/runs/cue-bits-performance1/source/files/scripts/combat/replay_footprint.gd.uid
 create mode 100644 docs/development/evidence/shared39-cue-reference-bits/runs/cue-bits-performance1/source/files/scripts/combat/replay_playback.gd
 create mode 100644 docs/development/evidence/shared39-cue-reference-bits/runs/cue-bits-performance1/source/files/scripts/combat/replay_playback.gd.uid
 create mode 100644 docs/development/evidence/shared39-cue-reference-bits/runs/cue-bits-performance1/source/files/scripts/combat/replay_program.gd
 create mode 100644 docs/development/evidence/shared39-cue-reference-bits/runs/cue-bits-performance1/source/files/scripts/combat/replay_program.gd.uid
 create mode 100644 docs/development/evidence/shared39-cue-reference-bits/runs/cue-bits-performance1/source/files/scripts/combat/replay_sequence.gd
 create mode 100644 docs/development/evidence/shared39-cue-reference-bits/runs/cue-bits-performance1/source/files/scripts/combat/replay_sequence.gd.uid
 create mode 100644 docs/development/evidence/shared39-cue-reference-bits/runs/cue-bits-performance1/source/files/scripts/combat/replay_witness.gd
 create mode 100644 docs/development/evidence/shared39-cue-reference-bits/runs/cue-bits-performance1/source/files/scripts/combat/replay_witness.gd.uid
 create mode 100644 docs/development/evidence/shared39-cue-reference-bits/runs/cue-bits-performance1/source/files/scripts/combat/threat_geometry.gd
 create mode 100644 docs/development/evidence/shared39-cue-reference-bits/runs/cue-bits-performance1/source/files/scripts/combat/threat_geometry.gd.uid
 create mode 100644 docs/development/evidence/shared39-cue-reference-bits/runs/cue-bits-performance1/source/files/scripts/combat/threat_scheduler.gd
 create mode 100644 docs/development/evidence/shared39-cue-reference-bits/runs/cue-bits-performance1/source/files/scripts/combat/threat_scheduler.gd.uid
 create mode 100644 docs/development/evidence/shared39-cue-reference-bits/runs/cue-bits-performance1/source/files/scripts/cues/cue_mesh.gd
 create mode 100644 docs/development/evidence/shared39-cue-reference-bits/runs/cue-bits-performance1/source/files/scripts/cues/cue_mesh.gd.uid
 create mode 100644 docs/development/evidence/shared39-cue-reference-bits/runs/cue-bits-performance1/source/files/scripts/cues/threat_cue.gd
 create mode 100644 docs/development/evidence/shared39-cue-reference-bits/runs/cue-bits-performance1/source/files/scripts/cues/threat_cue.gd.uid
 create mode 100644 docs/development/evidence/shared39-cue-reference-bits/runs/cue-bits-performance1/source/files/scripts/curling_smoke.gd
 create mode 100644 docs/development/evidence/shared39-cue-reference-bits/runs/cue-bits-performance1/source/files/scripts/curling_smoke.gd.uid
 create mode 100644 docs/development/evidence/shared39-cue-reference-bits/runs/cue-bits-performance1/source/files/scripts/dev/dev.py
 create mode 100644 docs/development/evidence/shared39-cue-reference-bits/runs/cue-bits-performance1/source/files/scripts/effects.gd
 create mode 100644 docs/development/evidence/shared39-cue-reference-bits/runs/cue-bits-performance1/source/files/scripts/effects.gd.uid
 create mode 100644 docs/development/evidence/shared39-cue-reference-bits/runs/cue-bits-performance1/source/files/scripts/enemy.gd
 create mode 100644 docs/development/evidence/shared39-cue-reference-bits/runs/cue-bits-performance1/source/files/scripts/enemy.gd.uid
 create mode 100644 docs/development/evidence/shared39-cue-reference-bits/runs/cue-bits-performance1/source/files/scripts/equipment.gd
 create mode 100644 docs/development/evidence/shared39-cue-reference-bits/runs/cue-bits-performance1/source/files/scripts/equipment.gd.uid
 create mode 100644 docs/development/evidence/shared39-cue-reference-bits/runs/cue-bits-performance1/source/files/scripts/game.gd
 create mode 100644 docs/development/evidence/shared39-cue-reference-bits/runs/cue-bits-performance1/source/files/scripts/game.gd.uid
 create mode 100644 docs/development/evidence/shared39-cue-reference-bits/runs/cue-bits-performance1/source/files/scripts/hud.gd
 create mode 100644 docs/development/evidence/shared39-cue-reference-bits/runs/cue-bits-performance1/source/files/scripts/hud.gd.uid
 create mode 100644 docs/development/evidence/shared39-cue-reference-bits/runs/cue-bits-performance1/source/files/scripts/lab_bench.gd
 create mode 100644 docs/development/evidence/shared39-cue-reference-bits/runs/cue-bits-performance1/source/files/scripts/lab_bench.gd.uid
 create mode 100644 docs/development/evidence/shared39-cue-reference-bits/runs/cue-bits-performance1/source/files/scripts/pixel_sprite.gd
 create mode 100644 docs/development/evidence/shared39-cue-reference-bits/runs/cue-bits-performance1/source/files/scripts/pixel_sprite.gd.uid
 create mode 100644 docs/development/evidence/shared39-cue-reference-bits/runs/cue-bits-performance1/source/files/scripts/player.gd
 create mode 100644 docs/development/evidence/shared39-cue-reference-bits/runs/cue-bits-performance1/source/files/scripts/player.gd.uid
 create mode 100644 docs/development/evidence/shared39-cue-reference-bits/runs/cue-bits-performance1/source/files/scripts/practice_target.gd
 create mode 100644 docs/development/evidence/shared39-cue-reference-bits/runs/cue-bits-performance1/source/files/scripts/practice_target.gd.uid
 create mode 100644 docs/development/evidence/shared39-cue-reference-bits/runs/cue-bits-performance1/source/files/scripts/presentation/camera_framing.gd
 create mode 100644 docs/development/evidence/shared39-cue-reference-bits/runs/cue-bits-performance1/source/files/scripts/presentation/camera_framing.gd.uid
 create mode 100644 docs/development/evidence/shared39-cue-reference-bits/runs/cue-bits-performance1/source/files/scripts/settings/game_settings.gd
 create mode 100644 docs/development/evidence/shared39-cue-reference-bits/runs/cue-bits-performance1/source/files/scripts/settings/game_settings.gd.uid
 create mode 100644 docs/development/evidence/shared39-cue-reference-bits/runs/cue-bits-performance1/source/files/scripts/shotgun_flare.gd
 create mode 100644 docs/development/evidence/shared39-cue-reference-bits/runs/cue-bits-performance1/source/files/scripts/shotgun_flare.gd.uid
 create mode 100644 docs/development/evidence/shared39-cue-reference-bits/runs/cue-bits-performance1/source/files/scripts/ui/campaign_menu.gd
 create mode 100644 docs/development/evidence/shared39-cue-reference-bits/runs/cue-bits-performance1/source/files/scripts/ui/campaign_menu.gd.uid
 create mode 100644 docs/development/evidence/shared39-cue-reference-bits/runs/cue-bits-performance1/source/files/scripts/weapon_pickup.gd
 create mode 100644 docs/development/evidence/shared39-cue-reference-bits/runs/cue-bits-performance1/source/files/scripts/weapon_pickup.gd.uid
 create mode 100644 docs/development/evidence/shared39-cue-reference-bits/runs/cue-bits-performance1/source/files/tests/authored_echo_performance_smoke.gd
 create mode 100644 docs/development/evidence/shared39-cue-reference-bits/runs/cue-bits-performance1/source/files/tests/authored_echo_performance_smoke.gd.uid
 create mode 100644 docs/development/evidence/shared39-cue-reference-bits/runs/cue-bits-performance1/source/files/tests/authored_echo_playback_smoke.gd
 create mode 100644 docs/development/evidence/shared39-cue-reference-bits/runs/cue-bits-performance1/source/files/tests/authored_echo_playback_smoke.gd.uid
 create mode 100644 docs/development/evidence/shared39-cue-reference-bits/runs/cue-bits-performance1/source/files/tests/fixtures/authored_echo_actor.gd
 create mode 100644 docs/development/evidence/shared39-cue-reference-bits/runs/cue-bits-performance1/source/files/tests/fixtures/authored_echo_actor.gd.uid
 create mode 100644 docs/development/evidence/shared39-cue-reference-bits/runs/cue-bits-performance1/source/files/tests/fixtures/authored_echo_native_codec.gd
 create mode 100644 docs/development/evidence/shared39-cue-reference-bits/runs/cue-bits-performance1/source/files/tests/fixtures/authored_echo_native_codec.gd.uid
 create mode 100644 docs/development/evidence/shared39-cue-reference-bits/runs/cue-bits-performance1/source/manifest.json
 create mode 100644 docs/development/evidence/shared39-cue-reference-bits/runs/cue-bits-performance2/cue-bits-performance2-closure.json
 create mode 100644 docs/development/evidence/shared39-cue-reference-bits/runs/cue-bits-performance2/cue-bits-performance2-report.json
 create mode 100644 docs/development/evidence/shared39-cue-reference-bits/runs/cue-bits-performance2/cue-bits-performance2-submission.json
 create mode 100644 docs/development/evidence/shared39-cue-reference-bits/runs/cue-bits-performance2/cue-bits-performance2.native.log
 create mode 100644 docs/development/evidence/shared39-cue-reference-bits/runs/cue-bits-performance2/cue-bits-performance2.wrapper.log
 create mode 100644 docs/development/evidence/shared39-cue-reference-bits/runs/cue-bits-performance2/source/.gdignore
 create mode 100644 docs/development/evidence/shared39-cue-reference-bits/runs/cue-bits-performance2/source/files/.cinder/cue-bits-performance2-runner.py
 create mode 100644 docs/development/evidence/shared39-cue-reference-bits/runs/cue-bits-performance2/source/files/.cinder/cue-bits-performance2-submission.json
 create mode 100644 docs/development/evidence/shared39-cue-reference-bits/runs/cue-bits-performance2/source/files/.cinder/freeze_cursor37.py
 create mode 100644 docs/development/evidence/shared39-cue-reference-bits/runs/cue-bits-performance2/source/files/assets/characters/manifest.json
 create mode 100644 docs/development/evidence/shared39-cue-reference-bits/runs/cue-bits-performance2/source/files/assets/effects/manifest.json
 create mode 100644 docs/development/evidence/shared39-cue-reference-bits/runs/cue-bits-performance2/source/files/assets/references/manifest.json
 create mode 100644 docs/development/evidence/shared39-cue-reference-bits/runs/cue-bits-performance2/source/files/captures/character-blast.png
 create mode 100644 docs/development/evidence/shared39-cue-reference-bits/runs/cue-bits-performance2/source/files/captures/character-lab.png
 create mode 100644 docs/development/evidence/shared39-cue-reference-bits/runs/cue-bits-performance2/source/files/captures/character-primary.png
 create mode 100644 docs/development/evidence/shared39-cue-reference-bits/runs/cue-bits-performance2/source/files/captures/dash-plume-end.png
 create mode 100644 docs/development/evidence/shared39-cue-reference-bits/runs/cue-bits-performance2/source/files/captures/dash-plume-mid.png
 create mode 100644 docs/development/evidence/shared39-cue-reference-bits/runs/cue-bits-performance2/source/files/captures/enemy-recovery.png
 create mode 100644 docs/development/evidence/shared39-cue-reference-bits/runs/cue-bits-performance2/source/files/captures/enemy-warning.png
 create mode 100644 docs/development/evidence/shared39-cue-reference-bits/runs/cue-bits-performance2/source/files/captures/level-preview.png
 create mode 100644 docs/development/evidence/shared39-cue-reference-bits/runs/cue-bits-performance2/source/files/captures/loadout-bench.png
 create mode 100644 docs/development/evidence/shared39-cue-reference-bits/runs/cue-bits-performance2/source/files/captures/mechanics-lab.png
 create mode 100644 docs/development/evidence/shared39-cue-reference-bits/runs/cue-bits-performance2/source/files/captures/shot-flare-left.png
 create mode 100644 docs/development/evidence/shared39-cue-reference-bits/runs/cue-bits-performance2/source/files/captures/shot-flare-right.png
 create mode 100644 docs/development/evidence/shared39-cue-reference-bits/runs/cue-bits-performance2/source/files/captures/slash-arc.png
 create mode 100644 docs/development/evidence/shared39-cue-reference-bits/runs/cue-bits-performance2/source/files/data/campaign/registry.json
 create mode 100644 docs/development/evidence/shared39-cue-reference-bits/runs/cue-bits-performance2/source/files/data/design/difficulty_profiles.json
 create mode 100644 docs/development/evidence/shared39-cue-reference-bits/runs/cue-bits-performance2/source/files/data/design/player_equipment.json
 create mode 100644 docs/development/evidence/shared39-cue-reference-bits/runs/cue-bits-performance2/source/files/docs/concept-art/act1/generated-manifest.json
 create mode 100644 docs/development/evidence/shared39-cue-reference-bits/runs/cue-bits-performance2/source/files/docs/concept-art/act2/generated-manifest.json
 create mode 100644 docs/development/evidence/shared39-cue-reference-bits/runs/cue-bits-performance2/source/files/docs/concept-art/act3/generated-manifest.json
 create mode 100644 docs/development/evidence/shared39-cue-reference-bits/runs/cue-bits-performance2/source/files/docs/reference-library/act1/CREDITS.md
 create mode 100644 docs/development/evidence/shared39-cue-reference-bits/runs/cue-bits-performance2/source/files/docs/reference-library/act2/CREDITS.md
 create mode 100644 docs/development/evidence/shared39-cue-reference-bits/runs/cue-bits-performance2/source/files/docs/reference-library/act3/research/SOURCES.md
 create mode 100644 docs/development/evidence/shared39-cue-reference-bits/runs/cue-bits-performance2/source/files/project.godot
 create mode 100644 docs/development/evidence/shared39-cue-reference-bits/runs/cue-bits-performance2/source/files/scenes/campaign_main.tscn
 create mode 100644 docs/development/evidence/shared39-cue-reference-bits/runs/cue-bits-performance2/source/files/scenes/lab_arena.tscn
 create mode 100644 docs/development/evidence/shared39-cue-reference-bits/runs/cue-bits-performance2/source/files/scenes/player.tscn
 create mode 100644 docs/development/evidence/shared39-cue-reference-bits/runs/cue-bits-performance2/source/files/scenes/practice_target.tscn
 create mode 100644 docs/development/evidence/shared39-cue-reference-bits/runs/cue-bits-performance2/source/files/scripts/attack_footprint.gd
 create mode 100644 docs/development/evidence/shared39-cue-reference-bits/runs/cue-bits-performance2/source/files/scripts/attack_footprint.gd.uid
 create mode 100644 docs/development/evidence/shared39-cue-reference-bits/runs/cue-bits-performance2/source/files/scripts/campaign/attempts.gd
 create mode 100644 docs/development/evidence/shared39-cue-reference-bits/runs/cue-bits-performance2/source/files/scripts/campaign/attempts.gd.uid
 create mode 100644 docs/development/evidence/shared39-cue-reference-bits/runs/cue-bits-performance2/source/files/scripts/campaign/exact_json.gd
 create mode 100644 docs/development/evidence/shared39-cue-reference-bits/runs/cue-bits-performance2/source/files/scripts/campaign/exact_json.gd.uid
 create mode 100644 docs/development/evidence/shared39-cue-reference-bits/runs/cue-bits-performance2/source/files/scripts/campaign/level.gd
 create mode 100644 docs/development/evidence/shared39-cue-reference-bits/runs/cue-bits-performance2/source/files/scripts/campaign/level.gd.uid
 create mode 100644 docs/development/evidence/shared39-cue-reference-bits/runs/cue-bits-performance2/source/files/scripts/campaign/registry.gd
 create mode 100644 docs/development/evidence/shared39-cue-reference-bits/runs/cue-bits-performance2/source/files/scripts/campaign/registry.gd.uid
 create mode 100644 docs/development/evidence/shared39-cue-reference-bits/runs/cue-bits-performance2/source/files/scripts/campaign/save_store.gd
 create mode 100644 docs/development/evidence/shared39-cue-reference-bits/runs/cue-bits-performance2/source/files/scripts/campaign/save_store.gd.uid
 create mode 100644 docs/development/evidence/shared39-cue-reference-bits/runs/cue-bits-performance2/source/files/scripts/campaign/shell.gd
 create mode 100644 docs/development/evidence/shared39-cue-reference-bits/runs/cue-bits-performance2/source/files/scripts/campaign/shell.gd.uid
 create mode 100644 docs/development/evidence/shared39-cue-reference-bits/runs/cue-bits-performance2/source/files/scripts/campaign/snapshot_codec.gd
 create mode 100644 docs/development/evidence/shared39-cue-reference-bits/runs/cue-bits-performance2/source/files/scripts/campaign/snapshot_codec.gd.uid
 create mode 100644 docs/development/evidence/shared39-cue-reference-bits/runs/cue-bits-performance2/source/files/scripts/character/player_presentations.gd
 create mode 100644 docs/development/evidence/shared39-cue-reference-bits/runs/cue-bits-performance2/source/files/scripts/character/player_presentations.gd.uid
 create mode 100644 docs/development/evidence/shared39-cue-reference-bits/runs/cue-bits-performance2/source/files/scripts/combat/action_capture.gd
 create mode 100644 docs/development/evidence/shared39-cue-reference-bits/runs/cue-bits-performance2/source/files/scripts/combat/action_capture.gd.uid
 create mode 100644 docs/development/evidence/shared39-cue-reference-bits/runs/cue-bits-performance2/source/files/scripts/combat/authored_echo_cycle_journal.gd
 create mode 100644 docs/development/evidence/shared39-cue-reference-bits/runs/cue-bits-performance2/source/files/scripts/combat/authored_echo_cycle_journal.gd.uid
 create mode 100644 docs/development/evidence/shared39-cue-reference-bits/runs/cue-bits-performance2/source/files/scripts/combat/authored_echo_renderer.gd
 create mode 100644 docs/development/evidence/shared39-cue-reference-bits/runs/cue-bits-performance2/source/files/scripts/combat/authored_echo_renderer.gd.uid
 create mode 100644 docs/development/evidence/shared39-cue-reference-bits/runs/cue-bits-performance2/source/files/scripts/combat/authored_echo_terminal_receipt.gd
 create mode 100644 docs/development/evidence/shared39-cue-reference-bits/runs/cue-bits-performance2/source/files/scripts/combat/authored_echo_terminal_receipt.gd.uid
 create mode 100644 docs/development/evidence/shared39-cue-reference-bits/runs/cue-bits-performance2/source/files/scripts/combat/authored_enemy_sequence.gd
 create mode 100644 docs/development/evidence/shared39-cue-reference-bits/runs/cue-bits-performance2/source/files/scripts/combat/authored_enemy_sequence.gd.uid
 create mode 100644 docs/development/evidence/shared39-cue-reference-bits/runs/cue-bits-performance2/source/files/scripts/combat/body_sweep.gd
 create mode 100644 docs/development/evidence/shared39-cue-reference-bits/runs/cue-bits-performance2/source/files/scripts/combat/body_sweep.gd.uid
 create mode 100644 docs/development/evidence/shared39-cue-reference-bits/runs/cue-bits-performance2/source/files/scripts/combat/difficulty.gd
 create mode 100644 docs/development/evidence/shared39-cue-reference-bits/runs/cue-bits-performance2/source/files/scripts/combat/difficulty.gd.uid
 create mode 100644 docs/development/evidence/shared39-cue-reference-bits/runs/cue-bits-performance2/source/files/scripts/combat/lunge_motion.gd
 create mode 100644 docs/development/evidence/shared39-cue-reference-bits/runs/cue-bits-performance2/source/files/scripts/combat/lunge_motion.gd.uid
 create mode 100644 docs/development/evidence/shared39-cue-reference-bits/runs/cue-bits-performance2/source/files/scripts/combat/replay_cursor.gd
 create mode 100644 docs/development/evidence/shared39-cue-reference-bits/runs/cue-bits-performance2/source/files/scripts/combat/replay_cursor.gd.uid
 create mode 100644 docs/development/evidence/shared39-cue-reference-bits/runs/cue-bits-performance2/source/files/scripts/combat/replay_footprint.gd
 create mode 100644 docs/development/evidence/shared39-cue-reference-bits/runs/cue-bits-performance2/source/files/scripts/combat/replay_footprint.gd.uid
 create mode 100644 docs/development/evidence/shared39-cue-reference-bits/runs/cue-bits-performance2/source/files/scripts/combat/replay_playback.gd
 create mode 100644 docs/development/evidence/shared39-cue-reference-bits/runs/cue-bits-performance2/source/files/scripts/combat/replay_playback.gd.uid
 create mode 100644 docs/development/evidence/shared39-cue-reference-bits/runs/cue-bits-performance2/source/files/scripts/combat/replay_program.gd
 create mode 100644 docs/development/evidence/shared39-cue-reference-bits/runs/cue-bits-performance2/source/files/scripts/combat/replay_program.gd.uid
 create mode 100644 docs/development/evidence/shared39-cue-reference-bits/runs/cue-bits-performance2/source/files/scripts/combat/replay_sequence.gd
 create mode 100644 docs/development/evidence/shared39-cue-reference-bits/runs/cue-bits-performance2/source/files/scripts/combat/replay_sequence.gd.uid
 create mode 100644 docs/development/evidence/shared39-cue-reference-bits/runs/cue-bits-performance2/source/files/scripts/combat/replay_witness.gd
 create mode 100644 docs/development/evidence/shared39-cue-reference-bits/runs/cue-bits-performance2/source/files/scripts/combat/replay_witness.gd.uid
 create mode 100644 docs/development/evidence/shared39-cue-reference-bits/runs/cue-bits-performance2/source/files/scripts/combat/threat_geometry.gd
 create mode 100644 docs/development/evidence/shared39-cue-reference-bits/runs/cue-bits-performance2/source/files/scripts/combat/threat_geometry.gd.uid
 create mode 100644 docs/development/evidence/shared39-cue-reference-bits/runs/cue-bits-performance2/source/files/scripts/combat/threat_scheduler.gd
 create mode 100644 docs/development/evidence/shared39-cue-reference-bits/runs/cue-bits-performance2/source/files/scripts/combat/threat_scheduler.gd.uid
 create mode 100644 docs/development/evidence/shared39-cue-reference-bits/runs/cue-bits-performance2/source/files/scripts/cues/cue_mesh.gd
 create mode 100644 docs/development/evidence/shared39-cue-reference-bits/runs/cue-bits-performance2/source/files/scripts/cues/cue_mesh.gd.uid
 create mode 100644 docs/development/evidence/shared39-cue-reference-bits/runs/cue-bits-performance2/source/files/scripts/cues/threat_cue.gd
 create mode 100644 docs/development/evidence/shared39-cue-reference-bits/runs/cue-bits-performance2/source/files/scripts/cues/threat_cue.gd.uid
 create mode 100644 docs/development/evidence/shared39-cue-reference-bits/runs/cue-bits-performance2/source/files/scripts/curling_smoke.gd
 create mode 100644 docs/development/evidence/shared39-cue-reference-bits/runs/cue-bits-performance2/source/files/scripts/curling_smoke.gd.uid
 create mode 100644 docs/development/evidence/shared39-cue-reference-bits/runs/cue-bits-performance2/source/files/scripts/dev/dev.py
 create mode 100644 docs/development/evidence/shared39-cue-reference-bits/runs/cue-bits-performance2/source/files/scripts/effects.gd
 create mode 100644 docs/development/evidence/shared39-cue-reference-bits/runs/cue-bits-performance2/source/files/scripts/effects.gd.uid
 create mode 100644 docs/development/evidence/shared39-cue-reference-bits/runs/cue-bits-performance2/source/files/scripts/enemy.gd
 create mode 100644 docs/development/evidence/shared39-cue-reference-bits/runs/cue-bits-performance2/source/files/scripts/enemy.gd.uid
 create mode 100644 docs/development/evidence/shared39-cue-reference-bits/runs/cue-bits-performance2/source/files/scripts/equipment.gd
 create mode 100644 docs/development/evidence/shared39-cue-reference-bits/runs/cue-bits-performance2/source/files/scripts/equipment.gd.uid
 create mode 100644 docs/development/evidence/shared39-cue-reference-bits/runs/cue-bits-performance2/source/files/scripts/game.gd
 create mode 100644 docs/development/evidence/shared39-cue-reference-bits/runs/cue-bits-performance2/source/files/scripts/game.gd.uid
 create mode 100644 docs/development/evidence/shared39-cue-reference-bits/runs/cue-bits-performance2/source/files/scripts/hud.gd
 create mode 100644 docs/development/evidence/shared39-cue-reference-bits/runs/cue-bits-performance2/source/files/scripts/hud.gd.uid
 create mode 100644 docs/development/evidence/shared39-cue-reference-bits/runs/cue-bits-performance2/source/files/scripts/lab_bench.gd
 create mode 100644 docs/development/evidence/shared39-cue-reference-bits/runs/cue-bits-performance2/source/files/scripts/lab_bench.gd.uid
 create mode 100644 docs/development/evidence/shared39-cue-reference-bits/runs/cue-bits-performance2/source/files/scripts/pixel_sprite.gd
 create mode 100644 docs/development/evidence/shared39-cue-reference-bits/runs/cue-bits-performance2/source/files/scripts/pixel_sprite.gd.uid
 create mode 100644 docs/development/evidence/shared39-cue-reference-bits/runs/cue-bits-performance2/source/files/scripts/player.gd
 create mode 100644 docs/development/evidence/shared39-cue-reference-bits/runs/cue-bits-performance2/source/files/scripts/player.gd.uid
 create mode 100644 docs/development/evidence/shared39-cue-reference-bits/runs/cue-bits-performance2/source/files/scripts/practice_target.gd
 create mode 100644 docs/development/evidence/shared39-cue-reference-bits/runs/cue-bits-performance2/source/files/scripts/practice_target.gd.uid
 create mode 100644 docs/development/evidence/shared39-cue-reference-bits/runs/cue-bits-performance2/source/files/scripts/presentation/camera_framing.gd
 create mode 100644 docs/development/evidence/shared39-cue-reference-bits/runs/cue-bits-performance2/source/files/scripts/presentation/camera_framing.gd.uid
 create mode 100644 docs/development/evidence/shared39-cue-reference-bits/runs/cue-bits-performance2/source/files/scripts/settings/game_settings.gd
 create mode 100644 docs/development/evidence/shared39-cue-reference-bits/runs/cue-bits-performance2/source/files/scripts/settings/game_settings.gd.uid
 create mode 100644 docs/development/evidence/shared39-cue-reference-bits/runs/cue-bits-performance2/source/files/scripts/shotgun_flare.gd
 create mode 100644 docs/development/evidence/shared39-cue-reference-bits/runs/cue-bits-performance2/source/files/scripts/shotgun_flare.gd.uid
 create mode 100644 docs/development/evidence/shared39-cue-reference-bits/runs/cue-bits-performance2/source/files/scripts/ui/campaign_menu.gd
 create mode 100644 docs/development/evidence/shared39-cue-reference-bits/runs/cue-bits-performance2/source/files/scripts/ui/campaign_menu.gd.uid
 create mode 100644 docs/development/evidence/shared39-cue-reference-bits/runs/cue-bits-performance2/source/files/scripts/weapon_pickup.gd
 create mode 100644 docs/development/evidence/shared39-cue-reference-bits/runs/cue-bits-performance2/source/files/scripts/weapon_pickup.gd.uid
 create mode 100644 docs/development/evidence/shared39-cue-reference-bits/runs/cue-bits-performance2/source/files/tests/authored_echo_performance_smoke.gd
 create mode 100644 docs/development/evidence/shared39-cue-reference-bits/runs/cue-bits-performance2/source/files/tests/authored_echo_performance_smoke.gd.uid
 create mode 100644 docs/development/evidence/shared39-cue-reference-bits/runs/cue-bits-performance2/source/files/tests/authored_echo_playback_smoke.gd
 create mode 100644 docs/development/evidence/shared39-cue-reference-bits/runs/cue-bits-performance2/source/files/tests/authored_echo_playback_smoke.gd.uid
 create mode 100644 docs/development/evidence/shared39-cue-reference-bits/runs/cue-bits-performance2/source/files/tests/fixtures/authored_echo_actor.gd
 create mode 100644 docs/development/evidence/shared39-cue-reference-bits/runs/cue-bits-performance2/source/files/tests/fixtures/authored_echo_actor.gd.uid
 create mode 100644 docs/development/evidence/shared39-cue-reference-bits/runs/cue-bits-performance2/source/files/tests/fixtures/authored_echo_native_codec.gd
 create mode 100644 docs/development/evidence/shared39-cue-reference-bits/runs/cue-bits-performance2/source/files/tests/fixtures/authored_echo_native_codec.gd.uid
 create mode 100644 docs/development/evidence/shared39-cue-reference-bits/runs/cue-bits-performance2/source/manifest.json
 create mode 100644 tests/threat_cue_reference_bits_smoke.gd
