Merge made by the 'ort' strategy.
 docs/development/CAMPAIGN_MEMORY.md                |    7 +
 docs/development/RUNTIME_COMPARISON_COST.md        |    5 +
 .../SHARED40_SOURCE_REFERENCE_VERIFICATION.json    |   33 +
 docs/development/SHARED_CONTRACT.md                |    2 +-
 docs/development/SHARED_PROGRESS.md                |    7 +
 docs/development/SOURCE_GUARD_REFERENCE.md         |   43 +
 .../evidence/shared40-source-reference/.gdignore   |    0
 .../shared40-source-reference/.gitattributes       |    1 +
 .../baseline-profile/closure.json                  |   34 +
 .../baseline-profile/native.log                    |  117 +
 .../baseline-profile/report.json                   | 1209 ++++++++
 .../baseline-profile/wrapper.log                   |  117 +
 .../candidate-profile/closure.json                 |   34 +
 .../candidate-profile/native.log                   |  117 +
 .../candidate-profile/report.json                  | 1209 ++++++++
 .../candidate-profile/wrapper.log                  |  117 +
 .../shared40-source-reference/comparison.json      |   35 +
 .../controls/closure.json                          |   80 +
 .../controls/original-catalogue.bin                |   11 +
 .../controls/release-manifest.json                 |  550 ++++
 .../controls/submission.json                       |   32 +
 .../controls/tool-closure.json                     |    9 +
 .../evidence/shared40-source-reference/index.json  | 2708 +++++++++++++++++
 .../logs/correctness-native.log                    |  650 +++++
 .../logs/correctness-wrapper.log                   |  655 +++++
 .../public-leaf/closure.json                       |   20 +
 .../public-leaf/wrapper.log                        |  144 +
 .../sources/baseline-profile/.gdignore             |    0
 .../.cinder/authored-reference-baseline1-runner.py |   15 +
 .../authored-reference-baseline1-submission.json   |   20 +
 .../files/.cinder/freeze_cursor37.py               |   19 +
 .../baseline-profile/files/.cinder/local.json      |    5 +
 .../files/assets/characters/manifest.json          |  222 ++
 .../files/assets/effects/manifest.json             |  118 +
 .../files/assets/references/manifest.json          |   31 +
 .../files/captures/character-blast.png             |  Bin 0 -> 46350 bytes
 .../files/captures/character-lab.png               |  Bin 0 -> 43458 bytes
 .../files/captures/character-primary.png           |  Bin 0 -> 47294 bytes
 .../files/captures/dash-plume-end.png              |  Bin 0 -> 46039 bytes
 .../files/captures/dash-plume-mid.png              |  Bin 0 -> 44475 bytes
 .../files/captures/enemy-recovery.png              |  Bin 0 -> 38409 bytes
 .../files/captures/enemy-warning.png               |  Bin 0 -> 39107 bytes
 .../files/captures/level-preview.png               |  Bin 0 -> 20745 bytes
 .../files/captures/loadout-bench.png               |  Bin 0 -> 148324 bytes
 .../files/captures/mechanics-lab.png               |  Bin 0 -> 46497 bytes
 .../files/captures/shot-flare-left.png             |  Bin 0 -> 50287 bytes
 .../files/captures/shot-flare-right.png            |  Bin 0 -> 50089 bytes
 .../baseline-profile/files/captures/slash-arc.png  |  Bin 0 -> 49204 bytes
 .../files/data/campaign/registry.json              |  361 +++
 .../files/data/design/difficulty_profiles.json     |   11 +
 .../files/data/design/player_equipment.json        | 1179 ++++++++
 .../docs/concept-art/act1/generated-manifest.json  | 1110 +++++++
 .../docs/concept-art/act2/generated-manifest.json  |  494 ++++
 .../docs/concept-art/act3/generated-manifest.json  |  679 +++++
 .../files/docs/reference-library/act1/CREDITS.md   |  598 ++++
 .../files/docs/reference-library/act2/CREDITS.md   |   70 +
 .../reference-library/act3/research/SOURCES.md     |   43 +
 .../sources/baseline-profile/files/project.godot   |   34 +
 .../files/scenes/campaign_main.tscn                |    6 +
 .../baseline-profile/files/scenes/lab_arena.tscn   |  724 +++++
 .../baseline-profile/files/scenes/player.tscn      |   41 +
 .../files/scenes/practice_target.tscn              |    6 +
 .../files/scripts/attack_footprint.gd              |   88 +
 .../files/scripts/attack_footprint.gd.uid          |    1 +
 .../files/scripts/campaign/attempts.gd             |  371 +++
 .../files/scripts/campaign/attempts.gd.uid         |    1 +
 .../files/scripts/campaign/exact_json.gd           |  247 ++
 .../files/scripts/campaign/exact_json.gd.uid       |    1 +
 .../files/scripts/campaign/level.gd                |  505 ++++
 .../files/scripts/campaign/level.gd.uid            |    1 +
 .../files/scripts/campaign/registry.gd             |  147 +
 .../files/scripts/campaign/registry.gd.uid         |    1 +
 .../files/scripts/campaign/save_store.gd           |  179 ++
 .../files/scripts/campaign/save_store.gd.uid       |    1 +
 .../files/scripts/campaign/shell.gd                |  879 ++++++
 .../files/scripts/campaign/shell.gd.uid            |    1 +
 .../files/scripts/campaign/snapshot_codec.gd       |   94 +
 .../files/scripts/campaign/snapshot_codec.gd.uid   |    1 +
 .../scripts/character/player_presentations.gd      |  233 ++
 .../scripts/character/player_presentations.gd.uid  |    1 +
 .../files/scripts/combat/action_capture.gd         |  315 ++
 .../files/scripts/combat/action_capture.gd.uid     |    1 +
 .../scripts/combat/authored_echo_cycle_journal.gd  |   78 +
 .../combat/authored_echo_cycle_journal.gd.uid      |    1 +
 .../files/scripts/combat/authored_echo_renderer.gd |  348 +++
 .../scripts/combat/authored_echo_renderer.gd.uid   |    1 +
 .../combat/authored_echo_terminal_receipt.gd       |  208 ++
 .../combat/authored_echo_terminal_receipt.gd.uid   |    1 +
 .../scripts/combat/authored_enemy_sequence.gd      |  539 ++++
 .../scripts/combat/authored_enemy_sequence.gd.uid  |    1 +
 .../files/scripts/combat/body_sweep.gd             |  288 ++
 .../files/scripts/combat/body_sweep.gd.uid         |    1 +
 .../files/scripts/combat/difficulty.gd             |   99 +
 .../files/scripts/combat/difficulty.gd.uid         |    1 +
 .../files/scripts/combat/lunge_motion.gd           |  188 ++
 .../files/scripts/combat/lunge_motion.gd.uid       |    1 +
 .../files/scripts/combat/replay_cursor.gd          |  324 +++
 .../files/scripts/combat/replay_cursor.gd.uid      |    1 +
 .../files/scripts/combat/replay_footprint.gd       |  648 +++++
 .../files/scripts/combat/replay_footprint.gd.uid   |    1 +
 .../files/scripts/combat/replay_playback.gd        | 2144 ++++++++++++++
 .../files/scripts/combat/replay_playback.gd.uid    |    1 +
 .../files/scripts/combat/replay_program.gd         |  107 +
 .../files/scripts/combat/replay_program.gd.uid     |    1 +
 .../files/scripts/combat/replay_sequence.gd        |  189 ++
 .../files/scripts/combat/replay_sequence.gd.uid    |    1 +
 .../files/scripts/combat/replay_witness.gd         |  385 +++
 .../files/scripts/combat/replay_witness.gd.uid     |    1 +
 .../files/scripts/combat/threat_geometry.gd        |  265 ++
 .../files/scripts/combat/threat_geometry.gd.uid    |    1 +
 .../files/scripts/combat/threat_scheduler.gd       | 3039 ++++++++++++++++++++
 .../files/scripts/combat/threat_scheduler.gd.uid   |    1 +
 .../files/scripts/cues/cue_mesh.gd                 |  200 ++
 .../files/scripts/cues/cue_mesh.gd.uid             |    1 +
 .../files/scripts/cues/threat_cue.gd               |  723 +++++
 .../files/scripts/cues/threat_cue.gd.uid           |    1 +
 .../files/scripts/curling_smoke.gd                 |  323 +++
 .../files/scripts/curling_smoke.gd.uid             |    1 +
 .../baseline-profile/files/scripts/dev/dev.py      |  574 ++++
 .../baseline-profile/files/scripts/effects.gd      |  532 ++++
 .../baseline-profile/files/scripts/effects.gd.uid  |    1 +
 .../baseline-profile/files/scripts/enemy.gd        |  903 ++++++
 .../baseline-profile/files/scripts/enemy.gd.uid    |    1 +
 .../baseline-profile/files/scripts/equipment.gd    |  212 ++
 .../files/scripts/equipment.gd.uid                 |    1 +
 .../sources/baseline-profile/files/scripts/game.gd |  827 ++++++
 .../baseline-profile/files/scripts/game.gd.uid     |    1 +
 .../sources/baseline-profile/files/scripts/hud.gd  |  416 +++
 .../baseline-profile/files/scripts/hud.gd.uid      |    1 +
 .../baseline-profile/files/scripts/lab_bench.gd    |  140 +
 .../files/scripts/lab_bench.gd.uid                 |    1 +
 .../baseline-profile/files/scripts/pixel_sprite.gd |  618 ++++
 .../files/scripts/pixel_sprite.gd.uid              |    1 +
 .../baseline-profile/files/scripts/player.gd       | 1006 +++++++
 .../baseline-profile/files/scripts/player.gd.uid   |    1 +
 .../files/scripts/practice_target.gd               |  124 +
 .../files/scripts/practice_target.gd.uid           |    1 +
 .../files/scripts/presentation/camera_framing.gd   |  151 +
 .../scripts/presentation/camera_framing.gd.uid     |    1 +
 .../files/scripts/settings/game_settings.gd        |  295 ++
 .../files/scripts/settings/game_settings.gd.uid    |    1 +
 .../files/scripts/shotgun_flare.gd                 |  147 +
 .../files/scripts/shotgun_flare.gd.uid             |    1 +
 .../files/scripts/ui/campaign_menu.gd              |  742 +++++
 .../files/scripts/ui/campaign_menu.gd.uid          |    1 +
 .../files/scripts/weapon_pickup.gd                 |   49 +
 .../files/scripts/weapon_pickup.gd.uid             |    1 +
 .../files/tests/authored_echo_performance_smoke.gd |  285 ++
 .../tests/authored_echo_performance_smoke.gd.uid   |    1 +
 .../files/tests/authored_echo_playback_smoke.gd    |  597 ++++
 .../tests/authored_echo_playback_smoke.gd.uid      |    1 +
 .../files/tests/fixtures/authored_echo_actor.gd    |  207 ++
 .../tests/fixtures/authored_echo_actor.gd.uid      |    1 +
 .../tests/fixtures/authored_echo_native_codec.gd   |  107 +
 .../fixtures/authored_echo_native_codec.gd.uid     |    1 +
 .../sources/baseline-profile/manifest.json         |  785 +++++
 .../sources/candidate-profile/.gdignore            |    0
 .../authored-reference-performance1-runner.py      |   15 +
 ...authored-reference-performance1-submission.json |   20 +
 .../files/.cinder/freeze_cursor37.py               |   19 +
 .../candidate-profile/files/.cinder/local.json     |    5 +
 .../files/assets/characters/manifest.json          |  222 ++
 .../files/assets/effects/manifest.json             |  118 +
 .../files/assets/references/manifest.json          |   31 +
 .../files/captures/character-blast.png             |  Bin 0 -> 46350 bytes
 .../files/captures/character-lab.png               |  Bin 0 -> 43458 bytes
 .../files/captures/character-primary.png           |  Bin 0 -> 47294 bytes
 .../files/captures/dash-plume-end.png              |  Bin 0 -> 46039 bytes
 .../files/captures/dash-plume-mid.png              |  Bin 0 -> 44475 bytes
 .../files/captures/enemy-recovery.png              |  Bin 0 -> 38409 bytes
 .../files/captures/enemy-warning.png               |  Bin 0 -> 39107 bytes
 .../files/captures/level-preview.png               |  Bin 0 -> 20745 bytes
 .../files/captures/loadout-bench.png               |  Bin 0 -> 148324 bytes
 .../files/captures/mechanics-lab.png               |  Bin 0 -> 46497 bytes
 .../files/captures/shot-flare-left.png             |  Bin 0 -> 50287 bytes
 .../files/captures/shot-flare-right.png            |  Bin 0 -> 50089 bytes
 .../candidate-profile/files/captures/slash-arc.png |  Bin 0 -> 49204 bytes
 .../files/data/campaign/registry.json              |  361 +++
 .../files/data/design/difficulty_profiles.json     |   11 +
 .../files/data/design/player_equipment.json        | 1179 ++++++++
 .../docs/concept-art/act1/generated-manifest.json  | 1110 +++++++
 .../docs/concept-art/act2/generated-manifest.json  |  494 ++++
 .../docs/concept-art/act3/generated-manifest.json  |  679 +++++
 .../files/docs/reference-library/act1/CREDITS.md   |  598 ++++
 .../files/docs/reference-library/act2/CREDITS.md   |   70 +
 .../reference-library/act3/research/SOURCES.md     |   43 +
 .../sources/candidate-profile/files/project.godot  |   34 +
 .../files/scenes/campaign_main.tscn                |    6 +
 .../candidate-profile/files/scenes/lab_arena.tscn  |  724 +++++
 .../candidate-profile/files/scenes/player.tscn     |   41 +
 .../files/scenes/practice_target.tscn              |    6 +
 .../files/scripts/attack_footprint.gd              |   88 +
 .../files/scripts/attack_footprint.gd.uid          |    1 +
 .../files/scripts/campaign/attempts.gd             |  371 +++
 .../files/scripts/campaign/attempts.gd.uid         |    1 +
 .../files/scripts/campaign/exact_json.gd           |  247 ++
 .../files/scripts/campaign/exact_json.gd.uid       |    1 +
 .../files/scripts/campaign/level.gd                |  505 ++++
 .../files/scripts/campaign/level.gd.uid            |    1 +
 .../files/scripts/campaign/registry.gd             |  147 +
 .../files/scripts/campaign/registry.gd.uid         |    1 +
 .../files/scripts/campaign/save_store.gd           |  179 ++
 .../files/scripts/campaign/save_store.gd.uid       |    1 +
 .../files/scripts/campaign/shell.gd                |  879 ++++++
 .../files/scripts/campaign/shell.gd.uid            |    1 +
 .../files/scripts/campaign/snapshot_codec.gd       |   94 +
 .../files/scripts/campaign/snapshot_codec.gd.uid   |    1 +
 .../scripts/character/player_presentations.gd      |  233 ++
 .../scripts/character/player_presentations.gd.uid  |    1 +
 .../files/scripts/combat/action_capture.gd         |  315 ++
 .../files/scripts/combat/action_capture.gd.uid     |    1 +
 .../scripts/combat/authored_echo_cycle_journal.gd  |   78 +
 .../combat/authored_echo_cycle_journal.gd.uid      |    1 +
 .../files/scripts/combat/authored_echo_renderer.gd |  348 +++
 .../scripts/combat/authored_echo_renderer.gd.uid   |    1 +
 .../combat/authored_echo_terminal_receipt.gd       |  208 ++
 .../combat/authored_echo_terminal_receipt.gd.uid   |    1 +
 .../scripts/combat/authored_enemy_sequence.gd      |  584 ++++
 .../scripts/combat/authored_enemy_sequence.gd.uid  |    1 +
 .../files/scripts/combat/body_sweep.gd             |  288 ++
 .../files/scripts/combat/body_sweep.gd.uid         |    1 +
 .../files/scripts/combat/difficulty.gd             |   99 +
 .../files/scripts/combat/difficulty.gd.uid         |    1 +
 .../files/scripts/combat/lunge_motion.gd           |  188 ++
 .../files/scripts/combat/lunge_motion.gd.uid       |    1 +
 .../files/scripts/combat/replay_cursor.gd          |  324 +++
 .../files/scripts/combat/replay_cursor.gd.uid      |    1 +
 .../files/scripts/combat/replay_footprint.gd       |  648 +++++
 .../files/scripts/combat/replay_footprint.gd.uid   |    1 +
 .../files/scripts/combat/replay_playback.gd        | 2144 ++++++++++++++
 .../files/scripts/combat/replay_playback.gd.uid    |    1 +
 .../files/scripts/combat/replay_program.gd         |  107 +
 .../files/scripts/combat/replay_program.gd.uid     |    1 +
 .../files/scripts/combat/replay_sequence.gd        |  189 ++
 .../files/scripts/combat/replay_sequence.gd.uid    |    1 +
 .../files/scripts/combat/replay_witness.gd         |  385 +++
 .../files/scripts/combat/replay_witness.gd.uid     |    1 +
 .../files/scripts/combat/threat_geometry.gd        |  265 ++
 .../files/scripts/combat/threat_geometry.gd.uid    |    1 +
 .../files/scripts/combat/threat_scheduler.gd       | 3039 ++++++++++++++++++++
 .../files/scripts/combat/threat_scheduler.gd.uid   |    1 +
 .../files/scripts/cues/cue_mesh.gd                 |  200 ++
 .../files/scripts/cues/cue_mesh.gd.uid             |    1 +
 .../files/scripts/cues/threat_cue.gd               |  723 +++++
 .../files/scripts/cues/threat_cue.gd.uid           |    1 +
 .../files/scripts/curling_smoke.gd                 |  323 +++
 .../files/scripts/curling_smoke.gd.uid             |    1 +
 .../candidate-profile/files/scripts/dev/dev.py     |  574 ++++
 .../candidate-profile/files/scripts/effects.gd     |  532 ++++
 .../candidate-profile/files/scripts/effects.gd.uid |    1 +
 .../candidate-profile/files/scripts/enemy.gd       |  903 ++++++
 .../candidate-profile/files/scripts/enemy.gd.uid   |    1 +
 .../candidate-profile/files/scripts/equipment.gd   |  212 ++
 .../files/scripts/equipment.gd.uid                 |    1 +
 .../candidate-profile/files/scripts/game.gd        |  827 ++++++
 .../candidate-profile/files/scripts/game.gd.uid    |    1 +
 .../sources/candidate-profile/files/scripts/hud.gd |  416 +++
 .../candidate-profile/files/scripts/hud.gd.uid     |    1 +
 .../candidate-profile/files/scripts/lab_bench.gd   |  140 +
 .../files/scripts/lab_bench.gd.uid                 |    1 +
 .../files/scripts/pixel_sprite.gd                  |  618 ++++
 .../files/scripts/pixel_sprite.gd.uid              |    1 +
 .../candidate-profile/files/scripts/player.gd      | 1006 +++++++
 .../candidate-profile/files/scripts/player.gd.uid  |    1 +
 .../files/scripts/practice_target.gd               |  124 +
 .../files/scripts/practice_target.gd.uid           |    1 +
 .../files/scripts/presentation/camera_framing.gd   |  151 +
 .../scripts/presentation/camera_framing.gd.uid     |    1 +
 .../files/scripts/settings/game_settings.gd        |  295 ++
 .../files/scripts/settings/game_settings.gd.uid    |    1 +
 .../files/scripts/shotgun_flare.gd                 |  147 +
 .../files/scripts/shotgun_flare.gd.uid             |    1 +
 .../files/scripts/ui/campaign_menu.gd              |  742 +++++
 .../files/scripts/ui/campaign_menu.gd.uid          |    1 +
 .../files/scripts/weapon_pickup.gd                 |   49 +
 .../files/scripts/weapon_pickup.gd.uid             |    1 +
 .../files/tests/authored_echo_performance_smoke.gd |  285 ++
 .../tests/authored_echo_performance_smoke.gd.uid   |    1 +
 .../files/tests/authored_echo_playback_smoke.gd    |  597 ++++
 .../tests/authored_echo_playback_smoke.gd.uid      |    1 +
 .../files/tests/fixtures/authored_echo_actor.gd    |  207 ++
 .../tests/fixtures/authored_echo_actor.gd.uid      |    1 +
 .../tests/fixtures/authored_echo_native_codec.gd   |  107 +
 .../fixtures/authored_echo_native_codec.gd.uid     |    1 +
 .../sources/candidate-profile/manifest.json        |  785 +++++
 .../sources/correctness/.gdignore                  |    0
 .../authored-reference-candidate1/README.md        |    9 +
 .../authored_enemy_sequence.candidate.gd           |  584 ++++
 .../authored_enemy_sequence.original.gd            |  539 ++++
 .../run_controlled_fixture.py                      |  261 ++
 .../source-proposal.json                           |   12 +
 .../source_reuse_smoke.gd                          |  439 +++
 .../correctness/files/.cinder/freeze_cursor37.py   |   19 +
 .../sources/correctness/files/.cinder/local.json   |    5 +
 .../manifest.json                                  |  162 ++
 .../files/assets/characters/manifest.json          |  222 ++
 .../correctness/files/assets/effects/manifest.json |  118 +
 .../files/assets/references/manifest.json          |   31 +
 .../correctness/files/captures/character-blast.png |  Bin 0 -> 46350 bytes
 .../correctness/files/captures/character-lab.png   |  Bin 0 -> 43458 bytes
 .../files/captures/character-primary.png           |  Bin 0 -> 47294 bytes
 .../correctness/files/captures/dash-plume-end.png  |  Bin 0 -> 46039 bytes
 .../correctness/files/captures/dash-plume-mid.png  |  Bin 0 -> 44475 bytes
 .../correctness/files/captures/enemy-recovery.png  |  Bin 0 -> 38409 bytes
 .../correctness/files/captures/enemy-warning.png   |  Bin 0 -> 39107 bytes
 .../correctness/files/captures/level-preview.png   |  Bin 0 -> 20745 bytes
 .../correctness/files/captures/loadout-bench.png   |  Bin 0 -> 148324 bytes
 .../correctness/files/captures/mechanics-lab.png   |  Bin 0 -> 46497 bytes
 .../correctness/files/captures/shot-flare-left.png |  Bin 0 -> 50287 bytes
 .../files/captures/shot-flare-right.png            |  Bin 0 -> 50089 bytes
 .../correctness/files/captures/slash-arc.png       |  Bin 0 -> 49204 bytes
 .../correctness/files/data/campaign/registry.json  |  361 +++
 .../files/data/design/difficulty_profiles.json     |   11 +
 .../files/data/design/player_equipment.json        | 1179 ++++++++
 .../docs/concept-art/act1/generated-manifest.json  | 1110 +++++++
 .../docs/concept-art/act2/generated-manifest.json  |  494 ++++
 .../docs/concept-art/act3/generated-manifest.json  |  679 +++++
 .../files/docs/reference-library/act1/CREDITS.md   |  598 ++++
 .../files/docs/reference-library/act2/CREDITS.md   |   70 +
 .../reference-library/act3/research/SOURCES.md     |   43 +
 .../sources/correctness/files/project.godot        |   34 +
 .../correctness/files/scenes/campaign_main.tscn    |    6 +
 .../correctness/files/scenes/lab_arena.tscn        |  724 +++++
 .../sources/correctness/files/scenes/player.tscn   |   41 +
 .../correctness/files/scenes/practice_target.tscn  |    6 +
 .../correctness/files/scripts/attack_footprint.gd  |   88 +
 .../files/scripts/attack_footprint.gd.uid          |    1 +
 .../correctness/files/scripts/campaign/attempts.gd |  371 +++
 .../files/scripts/campaign/attempts.gd.uid         |    1 +
 .../files/scripts/campaign/exact_json.gd           |  247 ++
 .../files/scripts/campaign/exact_json.gd.uid       |    1 +
 .../correctness/files/scripts/campaign/level.gd    |  505 ++++
 .../files/scripts/campaign/level.gd.uid            |    1 +
 .../correctness/files/scripts/campaign/registry.gd |  147 +
 .../files/scripts/campaign/registry.gd.uid         |    1 +
 .../files/scripts/campaign/save_store.gd           |  179 ++
 .../files/scripts/campaign/save_store.gd.uid       |    1 +
 .../correctness/files/scripts/campaign/shell.gd    |  879 ++++++
 .../files/scripts/campaign/shell.gd.uid            |    1 +
 .../files/scripts/campaign/snapshot_codec.gd       |   94 +
 .../files/scripts/campaign/snapshot_codec.gd.uid   |    1 +
 .../scripts/character/player_presentations.gd      |  233 ++
 .../scripts/character/player_presentations.gd.uid  |    1 +
 .../files/scripts/combat/action_capture.gd         |  315 ++
 .../files/scripts/combat/action_capture.gd.uid     |    1 +
 .../scripts/combat/authored_echo_cycle_journal.gd  |   78 +
 .../combat/authored_echo_cycle_journal.gd.uid      |    1 +
 .../files/scripts/combat/authored_echo_renderer.gd |  348 +++
 .../scripts/combat/authored_echo_renderer.gd.uid   |    1 +
 .../combat/authored_echo_terminal_receipt.gd       |  208 ++
 .../combat/authored_echo_terminal_receipt.gd.uid   |    1 +
 .../scripts/combat/authored_enemy_sequence.gd      |  584 ++++
 .../scripts/combat/authored_enemy_sequence.gd.uid  |    1 +
 .../correctness/files/scripts/combat/body_sweep.gd |  288 ++
 .../files/scripts/combat/body_sweep.gd.uid         |    1 +
 .../correctness/files/scripts/combat/difficulty.gd |   99 +
 .../files/scripts/combat/difficulty.gd.uid         |    1 +
 .../files/scripts/combat/lunge_motion.gd           |  188 ++
 .../files/scripts/combat/lunge_motion.gd.uid       |    1 +
 .../files/scripts/combat/replay_cursor.gd          |  324 +++
 .../files/scripts/combat/replay_cursor.gd.uid      |    1 +
 .../files/scripts/combat/replay_footprint.gd       |  648 +++++
 .../files/scripts/combat/replay_footprint.gd.uid   |    1 +
 .../files/scripts/combat/replay_playback.gd        | 2144 ++++++++++++++
 .../files/scripts/combat/replay_playback.gd.uid    |    1 +
 .../files/scripts/combat/replay_program.gd         |  107 +
 .../files/scripts/combat/replay_program.gd.uid     |    1 +
 .../files/scripts/combat/replay_sequence.gd        |  189 ++
 .../files/scripts/combat/replay_sequence.gd.uid    |    1 +
 .../files/scripts/combat/replay_witness.gd         |  385 +++
 .../files/scripts/combat/replay_witness.gd.uid     |    1 +
 .../files/scripts/combat/threat_geometry.gd        |  265 ++
 .../files/scripts/combat/threat_geometry.gd.uid    |    1 +
 .../files/scripts/combat/threat_scheduler.gd       | 3039 ++++++++++++++++++++
 .../files/scripts/combat/threat_scheduler.gd.uid   |    1 +
 .../correctness/files/scripts/cues/cue_mesh.gd     |  200 ++
 .../correctness/files/scripts/cues/cue_mesh.gd.uid |    1 +
 .../correctness/files/scripts/cues/threat_cue.gd   |  723 +++++
 .../files/scripts/cues/threat_cue.gd.uid           |    1 +
 .../correctness/files/scripts/curling_smoke.gd     |  323 +++
 .../correctness/files/scripts/curling_smoke.gd.uid |    1 +
 .../sources/correctness/files/scripts/dev/dev.py   |  574 ++++
 .../sources/correctness/files/scripts/effects.gd   |  532 ++++
 .../correctness/files/scripts/effects.gd.uid       |    1 +
 .../sources/correctness/files/scripts/enemy.gd     |  903 ++++++
 .../sources/correctness/files/scripts/enemy.gd.uid |    1 +
 .../sources/correctness/files/scripts/equipment.gd |  212 ++
 .../correctness/files/scripts/equipment.gd.uid     |    1 +
 .../sources/correctness/files/scripts/game.gd      |  827 ++++++
 .../sources/correctness/files/scripts/game.gd.uid  |    1 +
 .../sources/correctness/files/scripts/hud.gd       |  416 +++
 .../sources/correctness/files/scripts/hud.gd.uid   |    1 +
 .../sources/correctness/files/scripts/lab_bench.gd |  140 +
 .../correctness/files/scripts/lab_bench.gd.uid     |    1 +
 .../correctness/files/scripts/pixel_sprite.gd      |  618 ++++
 .../correctness/files/scripts/pixel_sprite.gd.uid  |    1 +
 .../sources/correctness/files/scripts/player.gd    | 1006 +++++++
 .../correctness/files/scripts/player.gd.uid        |    1 +
 .../correctness/files/scripts/practice_target.gd   |  124 +
 .../files/scripts/practice_target.gd.uid           |    1 +
 .../files/scripts/presentation/camera_framing.gd   |  151 +
 .../scripts/presentation/camera_framing.gd.uid     |    1 +
 .../files/scripts/settings/game_settings.gd        |  295 ++
 .../files/scripts/settings/game_settings.gd.uid    |    1 +
 .../correctness/files/scripts/shotgun_flare.gd     |  147 +
 .../correctness/files/scripts/shotgun_flare.gd.uid |    1 +
 .../correctness/files/scripts/ui/campaign_menu.gd  |  742 +++++
 .../files/scripts/ui/campaign_menu.gd.uid          |    1 +
 .../correctness/files/scripts/weapon_pickup.gd     |   49 +
 .../correctness/files/scripts/weapon_pickup.gd.uid |    1 +
 .../files/tests/authored_echo_playback_smoke.gd    |  597 ++++
 .../tests/authored_echo_playback_smoke.gd.uid      |    1 +
 .../files/tests/fixtures/authored_echo_actor.gd    |  207 ++
 .../tests/fixtures/authored_echo_actor.gd.uid      |    1 +
 .../tests/fixtures/authored_echo_native_codec.gd   |  107 +
 .../fixtures/authored_echo_native_codec.gd.uid     |    1 +
 .../sources/correctness/manifest.json              |  807 ++++++
 .../sources/public-leaf/.gdignore                  |    0
 .../authored-reference-public-leaf1-runner.py      |   15 +
 ...authored-reference-public-leaf1-submission.json |   12 +
 .../public-leaf/files/.cinder/freeze_cursor37.py   |   19 +
 .../sources/public-leaf/files/.cinder/local.json   |    5 +
 .../files/assets/characters/manifest.json          |  222 ++
 .../public-leaf/files/assets/effects/manifest.json |  118 +
 .../files/assets/references/manifest.json          |   31 +
 .../public-leaf/files/captures/character-blast.png |  Bin 0 -> 46350 bytes
 .../public-leaf/files/captures/character-lab.png   |  Bin 0 -> 43458 bytes
 .../files/captures/character-primary.png           |  Bin 0 -> 47294 bytes
 .../public-leaf/files/captures/dash-plume-end.png  |  Bin 0 -> 46039 bytes
 .../public-leaf/files/captures/dash-plume-mid.png  |  Bin 0 -> 44475 bytes
 .../public-leaf/files/captures/enemy-recovery.png  |  Bin 0 -> 38409 bytes
 .../public-leaf/files/captures/enemy-warning.png   |  Bin 0 -> 39107 bytes
 .../public-leaf/files/captures/level-preview.png   |  Bin 0 -> 20745 bytes
 .../public-leaf/files/captures/loadout-bench.png   |  Bin 0 -> 148324 bytes
 .../public-leaf/files/captures/mechanics-lab.png   |  Bin 0 -> 46497 bytes
 .../public-leaf/files/captures/shot-flare-left.png |  Bin 0 -> 50287 bytes
 .../files/captures/shot-flare-right.png            |  Bin 0 -> 50089 bytes
 .../public-leaf/files/captures/slash-arc.png       |  Bin 0 -> 49204 bytes
 .../public-leaf/files/data/campaign/registry.json  |  361 +++
 .../files/data/design/difficulty_profiles.json     |   11 +
 .../files/data/design/player_equipment.json        | 1179 ++++++++
 .../docs/concept-art/act1/generated-manifest.json  | 1110 +++++++
 .../docs/concept-art/act2/generated-manifest.json  |  494 ++++
 .../docs/concept-art/act3/generated-manifest.json  |  679 +++++
 .../files/docs/reference-library/act1/CREDITS.md   |  598 ++++
 .../files/docs/reference-library/act2/CREDITS.md   |   70 +
 .../reference-library/act3/research/SOURCES.md     |   43 +
 .../sources/public-leaf/files/project.godot        |   34 +
 .../public-leaf/files/scenes/campaign_main.tscn    |    6 +
 .../public-leaf/files/scenes/lab_arena.tscn        |  724 +++++
 .../sources/public-leaf/files/scenes/player.tscn   |   41 +
 .../public-leaf/files/scenes/practice_target.tscn  |    6 +
 .../public-leaf/files/scripts/attack_footprint.gd  |   88 +
 .../files/scripts/attack_footprint.gd.uid          |    1 +
 .../public-leaf/files/scripts/campaign/attempts.gd |  371 +++
 .../files/scripts/campaign/attempts.gd.uid         |    1 +
 .../files/scripts/campaign/exact_json.gd           |  247 ++
 .../files/scripts/campaign/exact_json.gd.uid       |    1 +
 .../public-leaf/files/scripts/campaign/level.gd    |  505 ++++
 .../files/scripts/campaign/level.gd.uid            |    1 +
 .../public-leaf/files/scripts/campaign/registry.gd |  147 +
 .../files/scripts/campaign/registry.gd.uid         |    1 +
 .../files/scripts/campaign/save_store.gd           |  179 ++
 .../files/scripts/campaign/save_store.gd.uid       |    1 +
 .../public-leaf/files/scripts/campaign/shell.gd    |  879 ++++++
 .../files/scripts/campaign/shell.gd.uid            |    1 +
 .../files/scripts/campaign/snapshot_codec.gd       |   94 +
 .../files/scripts/campaign/snapshot_codec.gd.uid   |    1 +
 .../scripts/character/player_presentations.gd      |  233 ++
 .../scripts/character/player_presentations.gd.uid  |    1 +
 .../files/scripts/combat/action_capture.gd         |  315 ++
 .../files/scripts/combat/action_capture.gd.uid     |    1 +
 .../scripts/combat/authored_echo_cycle_journal.gd  |   78 +
 .../combat/authored_echo_cycle_journal.gd.uid      |    1 +
 .../files/scripts/combat/authored_echo_renderer.gd |  348 +++
 .../scripts/combat/authored_echo_renderer.gd.uid   |    1 +
 .../combat/authored_echo_terminal_receipt.gd       |  208 ++
 .../combat/authored_echo_terminal_receipt.gd.uid   |    1 +
 .../scripts/combat/authored_enemy_sequence.gd      |  584 ++++
 .../scripts/combat/authored_enemy_sequence.gd.uid  |    1 +
 .../public-leaf/files/scripts/combat/body_sweep.gd |  288 ++
 .../files/scripts/combat/body_sweep.gd.uid         |    1 +
 .../public-leaf/files/scripts/combat/difficulty.gd |   99 +
 .../files/scripts/combat/difficulty.gd.uid         |    1 +
 .../files/scripts/combat/lunge_motion.gd           |  188 ++
 .../files/scripts/combat/lunge_motion.gd.uid       |    1 +
 .../files/scripts/combat/replay_cursor.gd          |  324 +++
 .../files/scripts/combat/replay_cursor.gd.uid      |    1 +
 .../files/scripts/combat/replay_footprint.gd       |  648 +++++
 .../files/scripts/combat/replay_footprint.gd.uid   |    1 +
 .../files/scripts/combat/replay_playback.gd        | 2144 ++++++++++++++
 .../files/scripts/combat/replay_playback.gd.uid    |    1 +
 .../files/scripts/combat/replay_program.gd         |  107 +
 .../files/scripts/combat/replay_program.gd.uid     |    1 +
 .../files/scripts/combat/replay_sequence.gd        |  189 ++
 .../files/scripts/combat/replay_sequence.gd.uid    |    1 +
 .../files/scripts/combat/replay_witness.gd         |  385 +++
 .../files/scripts/combat/replay_witness.gd.uid     |    1 +
 .../files/scripts/combat/threat_geometry.gd        |  265 ++
 .../files/scripts/combat/threat_geometry.gd.uid    |    1 +
 .../files/scripts/combat/threat_scheduler.gd       | 3039 ++++++++++++++++++++
 .../files/scripts/combat/threat_scheduler.gd.uid   |    1 +
 .../public-leaf/files/scripts/cues/cue_mesh.gd     |  200 ++
 .../public-leaf/files/scripts/cues/cue_mesh.gd.uid |    1 +
 .../public-leaf/files/scripts/cues/threat_cue.gd   |  723 +++++
 .../files/scripts/cues/threat_cue.gd.uid           |    1 +
 .../public-leaf/files/scripts/curling_smoke.gd     |  323 +++
 .../public-leaf/files/scripts/curling_smoke.gd.uid |    1 +
 .../sources/public-leaf/files/scripts/dev/dev.py   |  575 ++++
 .../sources/public-leaf/files/scripts/effects.gd   |  532 ++++
 .../public-leaf/files/scripts/effects.gd.uid       |    1 +
 .../sources/public-leaf/files/scripts/enemy.gd     |  903 ++++++
 .../sources/public-leaf/files/scripts/enemy.gd.uid |    1 +
 .../sources/public-leaf/files/scripts/equipment.gd |  212 ++
 .../public-leaf/files/scripts/equipment.gd.uid     |    1 +
 .../sources/public-leaf/files/scripts/game.gd      |  827 ++++++
 .../sources/public-leaf/files/scripts/game.gd.uid  |    1 +
 .../sources/public-leaf/files/scripts/hud.gd       |  416 +++
 .../sources/public-leaf/files/scripts/hud.gd.uid   |    1 +
 .../sources/public-leaf/files/scripts/lab_bench.gd |  140 +
 .../public-leaf/files/scripts/lab_bench.gd.uid     |    1 +
 .../public-leaf/files/scripts/pixel_sprite.gd      |  618 ++++
 .../public-leaf/files/scripts/pixel_sprite.gd.uid  |    1 +
 .../sources/public-leaf/files/scripts/player.gd    | 1006 +++++++
 .../public-leaf/files/scripts/player.gd.uid        |    1 +
 .../public-leaf/files/scripts/practice_target.gd   |  124 +
 .../files/scripts/practice_target.gd.uid           |    1 +
 .../files/scripts/presentation/camera_framing.gd   |  151 +
 .../scripts/presentation/camera_framing.gd.uid     |    1 +
 .../files/scripts/settings/game_settings.gd        |  295 ++
 .../files/scripts/settings/game_settings.gd.uid    |    1 +
 .../public-leaf/files/scripts/shotgun_flare.gd     |  147 +
 .../public-leaf/files/scripts/shotgun_flare.gd.uid |    1 +
 .../public-leaf/files/scripts/ui/campaign_menu.gd  |  742 +++++
 .../files/scripts/ui/campaign_menu.gd.uid          |    1 +
 .../public-leaf/files/scripts/weapon_pickup.gd     |   49 +
 .../public-leaf/files/scripts/weapon_pickup.gd.uid |    1 +
 .../files/tests/authored_enemy_sequence_smoke.gd   |  358 +++
 .../tests/authored_enemy_sequence_smoke.gd.uid     |    1 +
 .../tests/authored_source_guard_reference_smoke.gd |  109 +
 .../sources/public-leaf/manifest.json              |  755 +++++
 scripts/combat/authored_enemy_sequence.gd          |   47 +-
 scripts/dev/dev.py                                 |    1 +
 tests/authored_source_guard_reference_smoke.gd     |  109 +
 544 files changed, 119982 insertions(+), 2 deletions(-)
 create mode 100644 docs/development/SHARED40_SOURCE_REFERENCE_VERIFICATION.json
 create mode 100644 docs/development/SOURCE_GUARD_REFERENCE.md
 create mode 100644 docs/development/evidence/shared40-source-reference/.gdignore
 create mode 100644 docs/development/evidence/shared40-source-reference/.gitattributes
 create mode 100644 docs/development/evidence/shared40-source-reference/baseline-profile/closure.json
 create mode 100644 docs/development/evidence/shared40-source-reference/baseline-profile/native.log
 create mode 100644 docs/development/evidence/shared40-source-reference/baseline-profile/report.json
 create mode 100644 docs/development/evidence/shared40-source-reference/baseline-profile/wrapper.log
 create mode 100644 docs/development/evidence/shared40-source-reference/candidate-profile/closure.json
 create mode 100644 docs/development/evidence/shared40-source-reference/candidate-profile/native.log
 create mode 100644 docs/development/evidence/shared40-source-reference/candidate-profile/report.json
 create mode 100644 docs/development/evidence/shared40-source-reference/candidate-profile/wrapper.log
 create mode 100644 docs/development/evidence/shared40-source-reference/comparison.json
 create mode 100644 docs/development/evidence/shared40-source-reference/controls/closure.json
 create mode 100644 docs/development/evidence/shared40-source-reference/controls/original-catalogue.bin
 create mode 100644 docs/development/evidence/shared40-source-reference/controls/release-manifest.json
 create mode 100644 docs/development/evidence/shared40-source-reference/controls/submission.json
 create mode 100644 docs/development/evidence/shared40-source-reference/controls/tool-closure.json
 create mode 100644 docs/development/evidence/shared40-source-reference/index.json
 create mode 100644 docs/development/evidence/shared40-source-reference/logs/correctness-native.log
 create mode 100644 docs/development/evidence/shared40-source-reference/logs/correctness-wrapper.log
 create mode 100644 docs/development/evidence/shared40-source-reference/public-leaf/closure.json
 create mode 100644 docs/development/evidence/shared40-source-reference/public-leaf/wrapper.log
 create mode 100644 docs/development/evidence/shared40-source-reference/sources/baseline-profile/.gdignore
 create mode 100644 docs/development/evidence/shared40-source-reference/sources/baseline-profile/files/.cinder/authored-reference-baseline1-runner.py
 create mode 100644 docs/development/evidence/shared40-source-reference/sources/baseline-profile/files/.cinder/authored-reference-baseline1-submission.json
 create mode 100644 docs/development/evidence/shared40-source-reference/sources/baseline-profile/files/.cinder/freeze_cursor37.py
 create mode 100644 docs/development/evidence/shared40-source-reference/sources/baseline-profile/files/.cinder/local.json
 create mode 100644 docs/development/evidence/shared40-source-reference/sources/baseline-profile/files/assets/characters/manifest.json
 create mode 100644 docs/development/evidence/shared40-source-reference/sources/baseline-profile/files/assets/effects/manifest.json
 create mode 100644 docs/development/evidence/shared40-source-reference/sources/baseline-profile/files/assets/references/manifest.json
 create mode 100644 docs/development/evidence/shared40-source-reference/sources/baseline-profile/files/captures/character-blast.png
 create mode 100644 docs/development/evidence/shared40-source-reference/sources/baseline-profile/files/captures/character-lab.png
 create mode 100644 docs/development/evidence/shared40-source-reference/sources/baseline-profile/files/captures/character-primary.png
 create mode 100644 docs/development/evidence/shared40-source-reference/sources/baseline-profile/files/captures/dash-plume-end.png
 create mode 100644 docs/development/evidence/shared40-source-reference/sources/baseline-profile/files/captures/dash-plume-mid.png
 create mode 100644 docs/development/evidence/shared40-source-reference/sources/baseline-profile/files/captures/enemy-recovery.png
 create mode 100644 docs/development/evidence/shared40-source-reference/sources/baseline-profile/files/captures/enemy-warning.png
 create mode 100644 docs/development/evidence/shared40-source-reference/sources/baseline-profile/files/captures/level-preview.png
 create mode 100644 docs/development/evidence/shared40-source-reference/sources/baseline-profile/files/captures/loadout-bench.png
 create mode 100644 docs/development/evidence/shared40-source-reference/sources/baseline-profile/files/captures/mechanics-lab.png
 create mode 100644 docs/development/evidence/shared40-source-reference/sources/baseline-profile/files/captures/shot-flare-left.png
 create mode 100644 docs/development/evidence/shared40-source-reference/sources/baseline-profile/files/captures/shot-flare-right.png
 create mode 100644 docs/development/evidence/shared40-source-reference/sources/baseline-profile/files/captures/slash-arc.png
 create mode 100644 docs/development/evidence/shared40-source-reference/sources/baseline-profile/files/data/campaign/registry.json
 create mode 100644 docs/development/evidence/shared40-source-reference/sources/baseline-profile/files/data/design/difficulty_profiles.json
 create mode 100644 docs/development/evidence/shared40-source-reference/sources/baseline-profile/files/data/design/player_equipment.json
 create mode 100644 docs/development/evidence/shared40-source-reference/sources/baseline-profile/files/docs/concept-art/act1/generated-manifest.json
 create mode 100644 docs/development/evidence/shared40-source-reference/sources/baseline-profile/files/docs/concept-art/act2/generated-manifest.json
 create mode 100644 docs/development/evidence/shared40-source-reference/sources/baseline-profile/files/docs/concept-art/act3/generated-manifest.json
 create mode 100644 docs/development/evidence/shared40-source-reference/sources/baseline-profile/files/docs/reference-library/act1/CREDITS.md
 create mode 100644 docs/development/evidence/shared40-source-reference/sources/baseline-profile/files/docs/reference-library/act2/CREDITS.md
 create mode 100644 docs/development/evidence/shared40-source-reference/sources/baseline-profile/files/docs/reference-library/act3/research/SOURCES.md
 create mode 100644 docs/development/evidence/shared40-source-reference/sources/baseline-profile/files/project.godot
 create mode 100644 docs/development/evidence/shared40-source-reference/sources/baseline-profile/files/scenes/campaign_main.tscn
 create mode 100644 docs/development/evidence/shared40-source-reference/sources/baseline-profile/files/scenes/lab_arena.tscn
 create mode 100644 docs/development/evidence/shared40-source-reference/sources/baseline-profile/files/scenes/player.tscn
 create mode 100644 docs/development/evidence/shared40-source-reference/sources/baseline-profile/files/scenes/practice_target.tscn
 create mode 100644 docs/development/evidence/shared40-source-reference/sources/baseline-profile/files/scripts/attack_footprint.gd
 create mode 100644 docs/development/evidence/shared40-source-reference/sources/baseline-profile/files/scripts/attack_footprint.gd.uid
 create mode 100644 docs/development/evidence/shared40-source-reference/sources/baseline-profile/files/scripts/campaign/attempts.gd
 create mode 100644 docs/development/evidence/shared40-source-reference/sources/baseline-profile/files/scripts/campaign/attempts.gd.uid
 create mode 100644 docs/development/evidence/shared40-source-reference/sources/baseline-profile/files/scripts/campaign/exact_json.gd
 create mode 100644 docs/development/evidence/shared40-source-reference/sources/baseline-profile/files/scripts/campaign/exact_json.gd.uid
 create mode 100644 docs/development/evidence/shared40-source-reference/sources/baseline-profile/files/scripts/campaign/level.gd
 create mode 100644 docs/development/evidence/shared40-source-reference/sources/baseline-profile/files/scripts/campaign/level.gd.uid
 create mode 100644 docs/development/evidence/shared40-source-reference/sources/baseline-profile/files/scripts/campaign/registry.gd
 create mode 100644 docs/development/evidence/shared40-source-reference/sources/baseline-profile/files/scripts/campaign/registry.gd.uid
 create mode 100644 docs/development/evidence/shared40-source-reference/sources/baseline-profile/files/scripts/campaign/save_store.gd
 create mode 100644 docs/development/evidence/shared40-source-reference/sources/baseline-profile/files/scripts/campaign/save_store.gd.uid
 create mode 100644 docs/development/evidence/shared40-source-reference/sources/baseline-profile/files/scripts/campaign/shell.gd
 create mode 100644 docs/development/evidence/shared40-source-reference/sources/baseline-profile/files/scripts/campaign/shell.gd.uid
 create mode 100644 docs/development/evidence/shared40-source-reference/sources/baseline-profile/files/scripts/campaign/snapshot_codec.gd
 create mode 100644 docs/development/evidence/shared40-source-reference/sources/baseline-profile/files/scripts/campaign/snapshot_codec.gd.uid
 create mode 100644 docs/development/evidence/shared40-source-reference/sources/baseline-profile/files/scripts/character/player_presentations.gd
 create mode 100644 docs/development/evidence/shared40-source-reference/sources/baseline-profile/files/scripts/character/player_presentations.gd.uid
 create mode 100644 docs/development/evidence/shared40-source-reference/sources/baseline-profile/files/scripts/combat/action_capture.gd
 create mode 100644 docs/development/evidence/shared40-source-reference/sources/baseline-profile/files/scripts/combat/action_capture.gd.uid
 create mode 100644 docs/development/evidence/shared40-source-reference/sources/baseline-profile/files/scripts/combat/authored_echo_cycle_journal.gd
 create mode 100644 docs/development/evidence/shared40-source-reference/sources/baseline-profile/files/scripts/combat/authored_echo_cycle_journal.gd.uid
 create mode 100644 docs/development/evidence/shared40-source-reference/sources/baseline-profile/files/scripts/combat/authored_echo_renderer.gd
 create mode 100644 docs/development/evidence/shared40-source-reference/sources/baseline-profile/files/scripts/combat/authored_echo_renderer.gd.uid
 create mode 100644 docs/development/evidence/shared40-source-reference/sources/baseline-profile/files/scripts/combat/authored_echo_terminal_receipt.gd
 create mode 100644 docs/development/evidence/shared40-source-reference/sources/baseline-profile/files/scripts/combat/authored_echo_terminal_receipt.gd.uid
 create mode 100644 docs/development/evidence/shared40-source-reference/sources/baseline-profile/files/scripts/combat/authored_enemy_sequence.gd
 create mode 100644 docs/development/evidence/shared40-source-reference/sources/baseline-profile/files/scripts/combat/authored_enemy_sequence.gd.uid
 create mode 100644 docs/development/evidence/shared40-source-reference/sources/baseline-profile/files/scripts/combat/body_sweep.gd
 create mode 100644 docs/development/evidence/shared40-source-reference/sources/baseline-profile/files/scripts/combat/body_sweep.gd.uid
 create mode 100644 docs/development/evidence/shared40-source-reference/sources/baseline-profile/files/scripts/combat/difficulty.gd
 create mode 100644 docs/development/evidence/shared40-source-reference/sources/baseline-profile/files/scripts/combat/difficulty.gd.uid
 create mode 100644 docs/development/evidence/shared40-source-reference/sources/baseline-profile/files/scripts/combat/lunge_motion.gd
 create mode 100644 docs/development/evidence/shared40-source-reference/sources/baseline-profile/files/scripts/combat/lunge_motion.gd.uid
 create mode 100644 docs/development/evidence/shared40-source-reference/sources/baseline-profile/files/scripts/combat/replay_cursor.gd
 create mode 100644 docs/development/evidence/shared40-source-reference/sources/baseline-profile/files/scripts/combat/replay_cursor.gd.uid
 create mode 100644 docs/development/evidence/shared40-source-reference/sources/baseline-profile/files/scripts/combat/replay_footprint.gd
 create mode 100644 docs/development/evidence/shared40-source-reference/sources/baseline-profile/files/scripts/combat/replay_footprint.gd.uid
 create mode 100644 docs/development/evidence/shared40-source-reference/sources/baseline-profile/files/scripts/combat/replay_playback.gd
 create mode 100644 docs/development/evidence/shared40-source-reference/sources/baseline-profile/files/scripts/combat/replay_playback.gd.uid
 create mode 100644 docs/development/evidence/shared40-source-reference/sources/baseline-profile/files/scripts/combat/replay_program.gd
 create mode 100644 docs/development/evidence/shared40-source-reference/sources/baseline-profile/files/scripts/combat/replay_program.gd.uid
 create mode 100644 docs/development/evidence/shared40-source-reference/sources/baseline-profile/files/scripts/combat/replay_sequence.gd
 create mode 100644 docs/development/evidence/shared40-source-reference/sources/baseline-profile/files/scripts/combat/replay_sequence.gd.uid
 create mode 100644 docs/development/evidence/shared40-source-reference/sources/baseline-profile/files/scripts/combat/replay_witness.gd
 create mode 100644 docs/development/evidence/shared40-source-reference/sources/baseline-profile/files/scripts/combat/replay_witness.gd.uid
 create mode 100644 docs/development/evidence/shared40-source-reference/sources/baseline-profile/files/scripts/combat/threat_geometry.gd
 create mode 100644 docs/development/evidence/shared40-source-reference/sources/baseline-profile/files/scripts/combat/threat_geometry.gd.uid
 create mode 100644 docs/development/evidence/shared40-source-reference/sources/baseline-profile/files/scripts/combat/threat_scheduler.gd
 create mode 100644 docs/development/evidence/shared40-source-reference/sources/baseline-profile/files/scripts/combat/threat_scheduler.gd.uid
 create mode 100644 docs/development/evidence/shared40-source-reference/sources/baseline-profile/files/scripts/cues/cue_mesh.gd
 create mode 100644 docs/development/evidence/shared40-source-reference/sources/baseline-profile/files/scripts/cues/cue_mesh.gd.uid
 create mode 100644 docs/development/evidence/shared40-source-reference/sources/baseline-profile/files/scripts/cues/threat_cue.gd
 create mode 100644 docs/development/evidence/shared40-source-reference/sources/baseline-profile/files/scripts/cues/threat_cue.gd.uid
 create mode 100644 docs/development/evidence/shared40-source-reference/sources/baseline-profile/files/scripts/curling_smoke.gd
 create mode 100644 docs/development/evidence/shared40-source-reference/sources/baseline-profile/files/scripts/curling_smoke.gd.uid
 create mode 100644 docs/development/evidence/shared40-source-reference/sources/baseline-profile/files/scripts/dev/dev.py
 create mode 100644 docs/development/evidence/shared40-source-reference/sources/baseline-profile/files/scripts/effects.gd
 create mode 100644 docs/development/evidence/shared40-source-reference/sources/baseline-profile/files/scripts/effects.gd.uid
 create mode 100644 docs/development/evidence/shared40-source-reference/sources/baseline-profile/files/scripts/enemy.gd
 create mode 100644 docs/development/evidence/shared40-source-reference/sources/baseline-profile/files/scripts/enemy.gd.uid
 create mode 100644 docs/development/evidence/shared40-source-reference/sources/baseline-profile/files/scripts/equipment.gd
 create mode 100644 docs/development/evidence/shared40-source-reference/sources/baseline-profile/files/scripts/equipment.gd.uid
 create mode 100644 docs/development/evidence/shared40-source-reference/sources/baseline-profile/files/scripts/game.gd
 create mode 100644 docs/development/evidence/shared40-source-reference/sources/baseline-profile/files/scripts/game.gd.uid
 create mode 100644 docs/development/evidence/shared40-source-reference/sources/baseline-profile/files/scripts/hud.gd
 create mode 100644 docs/development/evidence/shared40-source-reference/sources/baseline-profile/files/scripts/hud.gd.uid
 create mode 100644 docs/development/evidence/shared40-source-reference/sources/baseline-profile/files/scripts/lab_bench.gd
 create mode 100644 docs/development/evidence/shared40-source-reference/sources/baseline-profile/files/scripts/lab_bench.gd.uid
 create mode 100644 docs/development/evidence/shared40-source-reference/sources/baseline-profile/files/scripts/pixel_sprite.gd
 create mode 100644 docs/development/evidence/shared40-source-reference/sources/baseline-profile/files/scripts/pixel_sprite.gd.uid
 create mode 100644 docs/development/evidence/shared40-source-reference/sources/baseline-profile/files/scripts/player.gd
 create mode 100644 docs/development/evidence/shared40-source-reference/sources/baseline-profile/files/scripts/player.gd.uid
 create mode 100644 docs/development/evidence/shared40-source-reference/sources/baseline-profile/files/scripts/practice_target.gd
 create mode 100644 docs/development/evidence/shared40-source-reference/sources/baseline-profile/files/scripts/practice_target.gd.uid
 create mode 100644 docs/development/evidence/shared40-source-reference/sources/baseline-profile/files/scripts/presentation/camera_framing.gd
 create mode 100644 docs/development/evidence/shared40-source-reference/sources/baseline-profile/files/scripts/presentation/camera_framing.gd.uid
 create mode 100644 docs/development/evidence/shared40-source-reference/sources/baseline-profile/files/scripts/settings/game_settings.gd
 create mode 100644 docs/development/evidence/shared40-source-reference/sources/baseline-profile/files/scripts/settings/game_settings.gd.uid
 create mode 100644 docs/development/evidence/shared40-source-reference/sources/baseline-profile/files/scripts/shotgun_flare.gd
 create mode 100644 docs/development/evidence/shared40-source-reference/sources/baseline-profile/files/scripts/shotgun_flare.gd.uid
 create mode 100644 docs/development/evidence/shared40-source-reference/sources/baseline-profile/files/scripts/ui/campaign_menu.gd
 create mode 100644 docs/development/evidence/shared40-source-reference/sources/baseline-profile/files/scripts/ui/campaign_menu.gd.uid
 create mode 100644 docs/development/evidence/shared40-source-reference/sources/baseline-profile/files/scripts/weapon_pickup.gd
 create mode 100644 docs/development/evidence/shared40-source-reference/sources/baseline-profile/files/scripts/weapon_pickup.gd.uid
 create mode 100644 docs/development/evidence/shared40-source-reference/sources/baseline-profile/files/tests/authored_echo_performance_smoke.gd
 create mode 100644 docs/development/evidence/shared40-source-reference/sources/baseline-profile/files/tests/authored_echo_performance_smoke.gd.uid
 create mode 100644 docs/development/evidence/shared40-source-reference/sources/baseline-profile/files/tests/authored_echo_playback_smoke.gd
 create mode 100644 docs/development/evidence/shared40-source-reference/sources/baseline-profile/files/tests/authored_echo_playback_smoke.gd.uid
 create mode 100644 docs/development/evidence/shared40-source-reference/sources/baseline-profile/files/tests/fixtures/authored_echo_actor.gd
 create mode 100644 docs/development/evidence/shared40-source-reference/sources/baseline-profile/files/tests/fixtures/authored_echo_actor.gd.uid
 create mode 100644 docs/development/evidence/shared40-source-reference/sources/baseline-profile/files/tests/fixtures/authored_echo_native_codec.gd
 create mode 100644 docs/development/evidence/shared40-source-reference/sources/baseline-profile/files/tests/fixtures/authored_echo_native_codec.gd.uid
 create mode 100644 docs/development/evidence/shared40-source-reference/sources/baseline-profile/manifest.json
 create mode 100644 docs/development/evidence/shared40-source-reference/sources/candidate-profile/.gdignore
 create mode 100644 docs/development/evidence/shared40-source-reference/sources/candidate-profile/files/.cinder/authored-reference-performance1-runner.py
 create mode 100644 docs/development/evidence/shared40-source-reference/sources/candidate-profile/files/.cinder/authored-reference-performance1-submission.json
 create mode 100644 docs/development/evidence/shared40-source-reference/sources/candidate-profile/files/.cinder/freeze_cursor37.py
 create mode 100644 docs/development/evidence/shared40-source-reference/sources/candidate-profile/files/.cinder/local.json
 create mode 100644 docs/development/evidence/shared40-source-reference/sources/candidate-profile/files/assets/characters/manifest.json
 create mode 100644 docs/development/evidence/shared40-source-reference/sources/candidate-profile/files/assets/effects/manifest.json
 create mode 100644 docs/development/evidence/shared40-source-reference/sources/candidate-profile/files/assets/references/manifest.json
 create mode 100644 docs/development/evidence/shared40-source-reference/sources/candidate-profile/files/captures/character-blast.png
 create mode 100644 docs/development/evidence/shared40-source-reference/sources/candidate-profile/files/captures/character-lab.png
 create mode 100644 docs/development/evidence/shared40-source-reference/sources/candidate-profile/files/captures/character-primary.png
 create mode 100644 docs/development/evidence/shared40-source-reference/sources/candidate-profile/files/captures/dash-plume-end.png
 create mode 100644 docs/development/evidence/shared40-source-reference/sources/candidate-profile/files/captures/dash-plume-mid.png
 create mode 100644 docs/development/evidence/shared40-source-reference/sources/candidate-profile/files/captures/enemy-recovery.png
 create mode 100644 docs/development/evidence/shared40-source-reference/sources/candidate-profile/files/captures/enemy-warning.png
 create mode 100644 docs/development/evidence/shared40-source-reference/sources/candidate-profile/files/captures/level-preview.png
 create mode 100644 docs/development/evidence/shared40-source-reference/sources/candidate-profile/files/captures/loadout-bench.png
 create mode 100644 docs/development/evidence/shared40-source-reference/sources/candidate-profile/files/captures/mechanics-lab.png
 create mode 100644 docs/development/evidence/shared40-source-reference/sources/candidate-profile/files/captures/shot-flare-left.png
 create mode 100644 docs/development/evidence/shared40-source-reference/sources/candidate-profile/files/captures/shot-flare-right.png
 create mode 100644 docs/development/evidence/shared40-source-reference/sources/candidate-profile/files/captures/slash-arc.png
 create mode 100644 docs/development/evidence/shared40-source-reference/sources/candidate-profile/files/data/campaign/registry.json
 create mode 100644 docs/development/evidence/shared40-source-reference/sources/candidate-profile/files/data/design/difficulty_profiles.json
 create mode 100644 docs/development/evidence/shared40-source-reference/sources/candidate-profile/files/data/design/player_equipment.json
 create mode 100644 docs/development/evidence/shared40-source-reference/sources/candidate-profile/files/docs/concept-art/act1/generated-manifest.json
 create mode 100644 docs/development/evidence/shared40-source-reference/sources/candidate-profile/files/docs/concept-art/act2/generated-manifest.json
 create mode 100644 docs/development/evidence/shared40-source-reference/sources/candidate-profile/files/docs/concept-art/act3/generated-manifest.json
 create mode 100644 docs/development/evidence/shared40-source-reference/sources/candidate-profile/files/docs/reference-library/act1/CREDITS.md
 create mode 100644 docs/development/evidence/shared40-source-reference/sources/candidate-profile/files/docs/reference-library/act2/CREDITS.md
 create mode 100644 docs/development/evidence/shared40-source-reference/sources/candidate-profile/files/docs/reference-library/act3/research/SOURCES.md
 create mode 100644 docs/development/evidence/shared40-source-reference/sources/candidate-profile/files/project.godot
 create mode 100644 docs/development/evidence/shared40-source-reference/sources/candidate-profile/files/scenes/campaign_main.tscn
 create mode 100644 docs/development/evidence/shared40-source-reference/sources/candidate-profile/files/scenes/lab_arena.tscn
 create mode 100644 docs/development/evidence/shared40-source-reference/sources/candidate-profile/files/scenes/player.tscn
 create mode 100644 docs/development/evidence/shared40-source-reference/sources/candidate-profile/files/scenes/practice_target.tscn
 create mode 100644 docs/development/evidence/shared40-source-reference/sources/candidate-profile/files/scripts/attack_footprint.gd
 create mode 100644 docs/development/evidence/shared40-source-reference/sources/candidate-profile/files/scripts/attack_footprint.gd.uid
 create mode 100644 docs/development/evidence/shared40-source-reference/sources/candidate-profile/files/scripts/campaign/attempts.gd
 create mode 100644 docs/development/evidence/shared40-source-reference/sources/candidate-profile/files/scripts/campaign/attempts.gd.uid
 create mode 100644 docs/development/evidence/shared40-source-reference/sources/candidate-profile/files/scripts/campaign/exact_json.gd
 create mode 100644 docs/development/evidence/shared40-source-reference/sources/candidate-profile/files/scripts/campaign/exact_json.gd.uid
 create mode 100644 docs/development/evidence/shared40-source-reference/sources/candidate-profile/files/scripts/campaign/level.gd
 create mode 100644 docs/development/evidence/shared40-source-reference/sources/candidate-profile/files/scripts/campaign/level.gd.uid
 create mode 100644 docs/development/evidence/shared40-source-reference/sources/candidate-profile/files/scripts/campaign/registry.gd
 create mode 100644 docs/development/evidence/shared40-source-reference/sources/candidate-profile/files/scripts/campaign/registry.gd.uid
 create mode 100644 docs/development/evidence/shared40-source-reference/sources/candidate-profile/files/scripts/campaign/save_store.gd
 create mode 100644 docs/development/evidence/shared40-source-reference/sources/candidate-profile/files/scripts/campaign/save_store.gd.uid
 create mode 100644 docs/development/evidence/shared40-source-reference/sources/candidate-profile/files/scripts/campaign/shell.gd
 create mode 100644 docs/development/evidence/shared40-source-reference/sources/candidate-profile/files/scripts/campaign/shell.gd.uid
 create mode 100644 docs/development/evidence/shared40-source-reference/sources/candidate-profile/files/scripts/campaign/snapshot_codec.gd
 create mode 100644 docs/development/evidence/shared40-source-reference/sources/candidate-profile/files/scripts/campaign/snapshot_codec.gd.uid
 create mode 100644 docs/development/evidence/shared40-source-reference/sources/candidate-profile/files/scripts/character/player_presentations.gd
 create mode 100644 docs/development/evidence/shared40-source-reference/sources/candidate-profile/files/scripts/character/player_presentations.gd.uid
 create mode 100644 docs/development/evidence/shared40-source-reference/sources/candidate-profile/files/scripts/combat/action_capture.gd
 create mode 100644 docs/development/evidence/shared40-source-reference/sources/candidate-profile/files/scripts/combat/action_capture.gd.uid
 create mode 100644 docs/development/evidence/shared40-source-reference/sources/candidate-profile/files/scripts/combat/authored_echo_cycle_journal.gd
 create mode 100644 docs/development/evidence/shared40-source-reference/sources/candidate-profile/files/scripts/combat/authored_echo_cycle_journal.gd.uid
 create mode 100644 docs/development/evidence/shared40-source-reference/sources/candidate-profile/files/scripts/combat/authored_echo_renderer.gd
 create mode 100644 docs/development/evidence/shared40-source-reference/sources/candidate-profile/files/scripts/combat/authored_echo_renderer.gd.uid
 create mode 100644 docs/development/evidence/shared40-source-reference/sources/candidate-profile/files/scripts/combat/authored_echo_terminal_receipt.gd
 create mode 100644 docs/development/evidence/shared40-source-reference/sources/candidate-profile/files/scripts/combat/authored_echo_terminal_receipt.gd.uid
 create mode 100644 docs/development/evidence/shared40-source-reference/sources/candidate-profile/files/scripts/combat/authored_enemy_sequence.gd
 create mode 100644 docs/development/evidence/shared40-source-reference/sources/candidate-profile/files/scripts/combat/authored_enemy_sequence.gd.uid
 create mode 100644 docs/development/evidence/shared40-source-reference/sources/candidate-profile/files/scripts/combat/body_sweep.gd
 create mode 100644 docs/development/evidence/shared40-source-reference/sources/candidate-profile/files/scripts/combat/body_sweep.gd.uid
 create mode 100644 docs/development/evidence/shared40-source-reference/sources/candidate-profile/files/scripts/combat/difficulty.gd
 create mode 100644 docs/development/evidence/shared40-source-reference/sources/candidate-profile/files/scripts/combat/difficulty.gd.uid
 create mode 100644 docs/development/evidence/shared40-source-reference/sources/candidate-profile/files/scripts/combat/lunge_motion.gd
 create mode 100644 docs/development/evidence/shared40-source-reference/sources/candidate-profile/files/scripts/combat/lunge_motion.gd.uid
 create mode 100644 docs/development/evidence/shared40-source-reference/sources/candidate-profile/files/scripts/combat/replay_cursor.gd
 create mode 100644 docs/development/evidence/shared40-source-reference/sources/candidate-profile/files/scripts/combat/replay_cursor.gd.uid
 create mode 100644 docs/development/evidence/shared40-source-reference/sources/candidate-profile/files/scripts/combat/replay_footprint.gd
 create mode 100644 docs/development/evidence/shared40-source-reference/sources/candidate-profile/files/scripts/combat/replay_footprint.gd.uid
 create mode 100644 docs/development/evidence/shared40-source-reference/sources/candidate-profile/files/scripts/combat/replay_playback.gd
 create mode 100644 docs/development/evidence/shared40-source-reference/sources/candidate-profile/files/scripts/combat/replay_playback.gd.uid
 create mode 100644 docs/development/evidence/shared40-source-reference/sources/candidate-profile/files/scripts/combat/replay_program.gd
 create mode 100644 docs/development/evidence/shared40-source-reference/sources/candidate-profile/files/scripts/combat/replay_program.gd.uid
 create mode 100644 docs/development/evidence/shared40-source-reference/sources/candidate-profile/files/scripts/combat/replay_sequence.gd
 create mode 100644 docs/development/evidence/shared40-source-reference/sources/candidate-profile/files/scripts/combat/replay_sequence.gd.uid
 create mode 100644 docs/development/evidence/shared40-source-reference/sources/candidate-profile/files/scripts/combat/replay_witness.gd
 create mode 100644 docs/development/evidence/shared40-source-reference/sources/candidate-profile/files/scripts/combat/replay_witness.gd.uid
 create mode 100644 docs/development/evidence/shared40-source-reference/sources/candidate-profile/files/scripts/combat/threat_geometry.gd
 create mode 100644 docs/development/evidence/shared40-source-reference/sources/candidate-profile/files/scripts/combat/threat_geometry.gd.uid
 create mode 100644 docs/development/evidence/shared40-source-reference/sources/candidate-profile/files/scripts/combat/threat_scheduler.gd
 create mode 100644 docs/development/evidence/shared40-source-reference/sources/candidate-profile/files/scripts/combat/threat_scheduler.gd.uid
 create mode 100644 docs/development/evidence/shared40-source-reference/sources/candidate-profile/files/scripts/cues/cue_mesh.gd
 create mode 100644 docs/development/evidence/shared40-source-reference/sources/candidate-profile/files/scripts/cues/cue_mesh.gd.uid
 create mode 100644 docs/development/evidence/shared40-source-reference/sources/candidate-profile/files/scripts/cues/threat_cue.gd
 create mode 100644 docs/development/evidence/shared40-source-reference/sources/candidate-profile/files/scripts/cues/threat_cue.gd.uid
 create mode 100644 docs/development/evidence/shared40-source-reference/sources/candidate-profile/files/scripts/curling_smoke.gd
 create mode 100644 docs/development/evidence/shared40-source-reference/sources/candidate-profile/files/scripts/curling_smoke.gd.uid
 create mode 100644 docs/development/evidence/shared40-source-reference/sources/candidate-profile/files/scripts/dev/dev.py
 create mode 100644 docs/development/evidence/shared40-source-reference/sources/candidate-profile/files/scripts/effects.gd
 create mode 100644 docs/development/evidence/shared40-source-reference/sources/candidate-profile/files/scripts/effects.gd.uid
 create mode 100644 docs/development/evidence/shared40-source-reference/sources/candidate-profile/files/scripts/enemy.gd
 create mode 100644 docs/development/evidence/shared40-source-reference/sources/candidate-profile/files/scripts/enemy.gd.uid
 create mode 100644 docs/development/evidence/shared40-source-reference/sources/candidate-profile/files/scripts/equipment.gd
 create mode 100644 docs/development/evidence/shared40-source-reference/sources/candidate-profile/files/scripts/equipment.gd.uid
 create mode 100644 docs/development/evidence/shared40-source-reference/sources/candidate-profile/files/scripts/game.gd
 create mode 100644 docs/development/evidence/shared40-source-reference/sources/candidate-profile/files/scripts/game.gd.uid
 create mode 100644 docs/development/evidence/shared40-source-reference/sources/candidate-profile/files/scripts/hud.gd
 create mode 100644 docs/development/evidence/shared40-source-reference/sources/candidate-profile/files/scripts/hud.gd.uid
 create mode 100644 docs/development/evidence/shared40-source-reference/sources/candidate-profile/files/scripts/lab_bench.gd
 create mode 100644 docs/development/evidence/shared40-source-reference/sources/candidate-profile/files/scripts/lab_bench.gd.uid
 create mode 100644 docs/development/evidence/shared40-source-reference/sources/candidate-profile/files/scripts/pixel_sprite.gd
 create mode 100644 docs/development/evidence/shared40-source-reference/sources/candidate-profile/files/scripts/pixel_sprite.gd.uid
 create mode 100644 docs/development/evidence/shared40-source-reference/sources/candidate-profile/files/scripts/player.gd
 create mode 100644 docs/development/evidence/shared40-source-reference/sources/candidate-profile/files/scripts/player.gd.uid
 create mode 100644 docs/development/evidence/shared40-source-reference/sources/candidate-profile/files/scripts/practice_target.gd
 create mode 100644 docs/development/evidence/shared40-source-reference/sources/candidate-profile/files/scripts/practice_target.gd.uid
 create mode 100644 docs/development/evidence/shared40-source-reference/sources/candidate-profile/files/scripts/presentation/camera_framing.gd
 create mode 100644 docs/development/evidence/shared40-source-reference/sources/candidate-profile/files/scripts/presentation/camera_framing.gd.uid
 create mode 100644 docs/development/evidence/shared40-source-reference/sources/candidate-profile/files/scripts/settings/game_settings.gd
 create mode 100644 docs/development/evidence/shared40-source-reference/sources/candidate-profile/files/scripts/settings/game_settings.gd.uid
 create mode 100644 docs/development/evidence/shared40-source-reference/sources/candidate-profile/files/scripts/shotgun_flare.gd
 create mode 100644 docs/development/evidence/shared40-source-reference/sources/candidate-profile/files/scripts/shotgun_flare.gd.uid
 create mode 100644 docs/development/evidence/shared40-source-reference/sources/candidate-profile/files/scripts/ui/campaign_menu.gd
 create mode 100644 docs/development/evidence/shared40-source-reference/sources/candidate-profile/files/scripts/ui/campaign_menu.gd.uid
 create mode 100644 docs/development/evidence/shared40-source-reference/sources/candidate-profile/files/scripts/weapon_pickup.gd
 create mode 100644 docs/development/evidence/shared40-source-reference/sources/candidate-profile/files/scripts/weapon_pickup.gd.uid
 create mode 100644 docs/development/evidence/shared40-source-reference/sources/candidate-profile/files/tests/authored_echo_performance_smoke.gd
 create mode 100644 docs/development/evidence/shared40-source-reference/sources/candidate-profile/files/tests/authored_echo_performance_smoke.gd.uid
 create mode 100644 docs/development/evidence/shared40-source-reference/sources/candidate-profile/files/tests/authored_echo_playback_smoke.gd
 create mode 100644 docs/development/evidence/shared40-source-reference/sources/candidate-profile/files/tests/authored_echo_playback_smoke.gd.uid
 create mode 100644 docs/development/evidence/shared40-source-reference/sources/candidate-profile/files/tests/fixtures/authored_echo_actor.gd
 create mode 100644 docs/development/evidence/shared40-source-reference/sources/candidate-profile/files/tests/fixtures/authored_echo_actor.gd.uid
 create mode 100644 docs/development/evidence/shared40-source-reference/sources/candidate-profile/files/tests/fixtures/authored_echo_native_codec.gd
 create mode 100644 docs/development/evidence/shared40-source-reference/sources/candidate-profile/files/tests/fixtures/authored_echo_native_codec.gd.uid
 create mode 100644 docs/development/evidence/shared40-source-reference/sources/candidate-profile/manifest.json
 create mode 100644 docs/development/evidence/shared40-source-reference/sources/correctness/.gdignore
 create mode 100644 docs/development/evidence/shared40-source-reference/sources/correctness/files/.cinder/authored-reference-candidate1/README.md
 create mode 100644 docs/development/evidence/shared40-source-reference/sources/correctness/files/.cinder/authored-reference-candidate1/authored_enemy_sequence.candidate.gd
 create mode 100644 docs/development/evidence/shared40-source-reference/sources/correctness/files/.cinder/authored-reference-candidate1/authored_enemy_sequence.original.gd
 create mode 100644 docs/development/evidence/shared40-source-reference/sources/correctness/files/.cinder/authored-reference-candidate1/run_controlled_fixture.py
 create mode 100644 docs/development/evidence/shared40-source-reference/sources/correctness/files/.cinder/authored-reference-candidate1/source-proposal.json
 create mode 100644 docs/development/evidence/shared40-source-reference/sources/correctness/files/.cinder/authored-reference-candidate1/source_reuse_smoke.gd
 create mode 100644 docs/development/evidence/shared40-source-reference/sources/correctness/files/.cinder/freeze_cursor37.py
 create mode 100644 docs/development/evidence/shared40-source-reference/sources/correctness/files/.cinder/local.json
 create mode 100644 docs/development/evidence/shared40-source-reference/sources/correctness/files/.cinder/runtime-source-reuse-signature-safe/manifest.json
 create mode 100644 docs/development/evidence/shared40-source-reference/sources/correctness/files/assets/characters/manifest.json
 create mode 100644 docs/development/evidence/shared40-source-reference/sources/correctness/files/assets/effects/manifest.json
 create mode 100644 docs/development/evidence/shared40-source-reference/sources/correctness/files/assets/references/manifest.json
 create mode 100644 docs/development/evidence/shared40-source-reference/sources/correctness/files/captures/character-blast.png
 create mode 100644 docs/development/evidence/shared40-source-reference/sources/correctness/files/captures/character-lab.png
 create mode 100644 docs/development/evidence/shared40-source-reference/sources/correctness/files/captures/character-primary.png
 create mode 100644 docs/development/evidence/shared40-source-reference/sources/correctness/files/captures/dash-plume-end.png
 create mode 100644 docs/development/evidence/shared40-source-reference/sources/correctness/files/captures/dash-plume-mid.png
 create mode 100644 docs/development/evidence/shared40-source-reference/sources/correctness/files/captures/enemy-recovery.png
 create mode 100644 docs/development/evidence/shared40-source-reference/sources/correctness/files/captures/enemy-warning.png
 create mode 100644 docs/development/evidence/shared40-source-reference/sources/correctness/files/captures/level-preview.png
 create mode 100644 docs/development/evidence/shared40-source-reference/sources/correctness/files/captures/loadout-bench.png
 create mode 100644 docs/development/evidence/shared40-source-reference/sources/correctness/files/captures/mechanics-lab.png
 create mode 100644 docs/development/evidence/shared40-source-reference/sources/correctness/files/captures/shot-flare-left.png
 create mode 100644 docs/development/evidence/shared40-source-reference/sources/correctness/files/captures/shot-flare-right.png
 create mode 100644 docs/development/evidence/shared40-source-reference/sources/correctness/files/captures/slash-arc.png
 create mode 100644 docs/development/evidence/shared40-source-reference/sources/correctness/files/data/campaign/registry.json
 create mode 100644 docs/development/evidence/shared40-source-reference/sources/correctness/files/data/design/difficulty_profiles.json
 create mode 100644 docs/development/evidence/shared40-source-reference/sources/correctness/files/data/design/player_equipment.json
 create mode 100644 docs/development/evidence/shared40-source-reference/sources/correctness/files/docs/concept-art/act1/generated-manifest.json
 create mode 100644 docs/development/evidence/shared40-source-reference/sources/correctness/files/docs/concept-art/act2/generated-manifest.json
 create mode 100644 docs/development/evidence/shared40-source-reference/sources/correctness/files/docs/concept-art/act3/generated-manifest.json
 create mode 100644 docs/development/evidence/shared40-source-reference/sources/correctness/files/docs/reference-library/act1/CREDITS.md
 create mode 100644 docs/development/evidence/shared40-source-reference/sources/correctness/files/docs/reference-library/act2/CREDITS.md
 create mode 100644 docs/development/evidence/shared40-source-reference/sources/correctness/files/docs/reference-library/act3/research/SOURCES.md
 create mode 100644 docs/development/evidence/shared40-source-reference/sources/correctness/files/project.godot
 create mode 100644 docs/development/evidence/shared40-source-reference/sources/correctness/files/scenes/campaign_main.tscn
 create mode 100644 docs/development/evidence/shared40-source-reference/sources/correctness/files/scenes/lab_arena.tscn
 create mode 100644 docs/development/evidence/shared40-source-reference/sources/correctness/files/scenes/player.tscn
 create mode 100644 docs/development/evidence/shared40-source-reference/sources/correctness/files/scenes/practice_target.tscn
 create mode 100644 docs/development/evidence/shared40-source-reference/sources/correctness/files/scripts/attack_footprint.gd
 create mode 100644 docs/development/evidence/shared40-source-reference/sources/correctness/files/scripts/attack_footprint.gd.uid
 create mode 100644 docs/development/evidence/shared40-source-reference/sources/correctness/files/scripts/campaign/attempts.gd
 create mode 100644 docs/development/evidence/shared40-source-reference/sources/correctness/files/scripts/campaign/attempts.gd.uid
 create mode 100644 docs/development/evidence/shared40-source-reference/sources/correctness/files/scripts/campaign/exact_json.gd
 create mode 100644 docs/development/evidence/shared40-source-reference/sources/correctness/files/scripts/campaign/exact_json.gd.uid
 create mode 100644 docs/development/evidence/shared40-source-reference/sources/correctness/files/scripts/campaign/level.gd
 create mode 100644 docs/development/evidence/shared40-source-reference/sources/correctness/files/scripts/campaign/level.gd.uid
 create mode 100644 docs/development/evidence/shared40-source-reference/sources/correctness/files/scripts/campaign/registry.gd
 create mode 100644 docs/development/evidence/shared40-source-reference/sources/correctness/files/scripts/campaign/registry.gd.uid
 create mode 100644 docs/development/evidence/shared40-source-reference/sources/correctness/files/scripts/campaign/save_store.gd
 create mode 100644 docs/development/evidence/shared40-source-reference/sources/correctness/files/scripts/campaign/save_store.gd.uid
 create mode 100644 docs/development/evidence/shared40-source-reference/sources/correctness/files/scripts/campaign/shell.gd
 create mode 100644 docs/development/evidence/shared40-source-reference/sources/correctness/files/scripts/campaign/shell.gd.uid
 create mode 100644 docs/development/evidence/shared40-source-reference/sources/correctness/files/scripts/campaign/snapshot_codec.gd
 create mode 100644 docs/development/evidence/shared40-source-reference/sources/correctness/files/scripts/campaign/snapshot_codec.gd.uid
 create mode 100644 docs/development/evidence/shared40-source-reference/sources/correctness/files/scripts/character/player_presentations.gd
 create mode 100644 docs/development/evidence/shared40-source-reference/sources/correctness/files/scripts/character/player_presentations.gd.uid
 create mode 100644 docs/development/evidence/shared40-source-reference/sources/correctness/files/scripts/combat/action_capture.gd
 create mode 100644 docs/development/evidence/shared40-source-reference/sources/correctness/files/scripts/combat/action_capture.gd.uid
 create mode 100644 docs/development/evidence/shared40-source-reference/sources/correctness/files/scripts/combat/authored_echo_cycle_journal.gd
 create mode 100644 docs/development/evidence/shared40-source-reference/sources/correctness/files/scripts/combat/authored_echo_cycle_journal.gd.uid
 create mode 100644 docs/development/evidence/shared40-source-reference/sources/correctness/files/scripts/combat/authored_echo_renderer.gd
 create mode 100644 docs/development/evidence/shared40-source-reference/sources/correctness/files/scripts/combat/authored_echo_renderer.gd.uid
 create mode 100644 docs/development/evidence/shared40-source-reference/sources/correctness/files/scripts/combat/authored_echo_terminal_receipt.gd
 create mode 100644 docs/development/evidence/shared40-source-reference/sources/correctness/files/scripts/combat/authored_echo_terminal_receipt.gd.uid
 create mode 100644 docs/development/evidence/shared40-source-reference/sources/correctness/files/scripts/combat/authored_enemy_sequence.gd
 create mode 100644 docs/development/evidence/shared40-source-reference/sources/correctness/files/scripts/combat/authored_enemy_sequence.gd.uid
 create mode 100644 docs/development/evidence/shared40-source-reference/sources/correctness/files/scripts/combat/body_sweep.gd
 create mode 100644 docs/development/evidence/shared40-source-reference/sources/correctness/files/scripts/combat/body_sweep.gd.uid
 create mode 100644 docs/development/evidence/shared40-source-reference/sources/correctness/files/scripts/combat/difficulty.gd
 create mode 100644 docs/development/evidence/shared40-source-reference/sources/correctness/files/scripts/combat/difficulty.gd.uid
 create mode 100644 docs/development/evidence/shared40-source-reference/sources/correctness/files/scripts/combat/lunge_motion.gd
 create mode 100644 docs/development/evidence/shared40-source-reference/sources/correctness/files/scripts/combat/lunge_motion.gd.uid
 create mode 100644 docs/development/evidence/shared40-source-reference/sources/correctness/files/scripts/combat/replay_cursor.gd
 create mode 100644 docs/development/evidence/shared40-source-reference/sources/correctness/files/scripts/combat/replay_cursor.gd.uid
 create mode 100644 docs/development/evidence/shared40-source-reference/sources/correctness/files/scripts/combat/replay_footprint.gd
 create mode 100644 docs/development/evidence/shared40-source-reference/sources/correctness/files/scripts/combat/replay_footprint.gd.uid
 create mode 100644 docs/development/evidence/shared40-source-reference/sources/correctness/files/scripts/combat/replay_playback.gd
 create mode 100644 docs/development/evidence/shared40-source-reference/sources/correctness/files/scripts/combat/replay_playback.gd.uid
 create mode 100644 docs/development/evidence/shared40-source-reference/sources/correctness/files/scripts/combat/replay_program.gd
 create mode 100644 docs/development/evidence/shared40-source-reference/sources/correctness/files/scripts/combat/replay_program.gd.uid
 create mode 100644 docs/development/evidence/shared40-source-reference/sources/correctness/files/scripts/combat/replay_sequence.gd
 create mode 100644 docs/development/evidence/shared40-source-reference/sources/correctness/files/scripts/combat/replay_sequence.gd.uid
 create mode 100644 docs/development/evidence/shared40-source-reference/sources/correctness/files/scripts/combat/replay_witness.gd
 create mode 100644 docs/development/evidence/shared40-source-reference/sources/correctness/files/scripts/combat/replay_witness.gd.uid
 create mode 100644 docs/development/evidence/shared40-source-reference/sources/correctness/files/scripts/combat/threat_geometry.gd
 create mode 100644 docs/development/evidence/shared40-source-reference/sources/correctness/files/scripts/combat/threat_geometry.gd.uid
 create mode 100644 docs/development/evidence/shared40-source-reference/sources/correctness/files/scripts/combat/threat_scheduler.gd
 create mode 100644 docs/development/evidence/shared40-source-reference/sources/correctness/files/scripts/combat/threat_scheduler.gd.uid
 create mode 100644 docs/development/evidence/shared40-source-reference/sources/correctness/files/scripts/cues/cue_mesh.gd
 create mode 100644 docs/development/evidence/shared40-source-reference/sources/correctness/files/scripts/cues/cue_mesh.gd.uid
 create mode 100644 docs/development/evidence/shared40-source-reference/sources/correctness/files/scripts/cues/threat_cue.gd
 create mode 100644 docs/development/evidence/shared40-source-reference/sources/correctness/files/scripts/cues/threat_cue.gd.uid
 create mode 100644 docs/development/evidence/shared40-source-reference/sources/correctness/files/scripts/curling_smoke.gd
 create mode 100644 docs/development/evidence/shared40-source-reference/sources/correctness/files/scripts/curling_smoke.gd.uid
 create mode 100644 docs/development/evidence/shared40-source-reference/sources/correctness/files/scripts/dev/dev.py
 create mode 100644 docs/development/evidence/shared40-source-reference/sources/correctness/files/scripts/effects.gd
 create mode 100644 docs/development/evidence/shared40-source-reference/sources/correctness/files/scripts/effects.gd.uid
 create mode 100644 docs/development/evidence/shared40-source-reference/sources/correctness/files/scripts/enemy.gd
 create mode 100644 docs/development/evidence/shared40-source-reference/sources/correctness/files/scripts/enemy.gd.uid
 create mode 100644 docs/development/evidence/shared40-source-reference/sources/correctness/files/scripts/equipment.gd
 create mode 100644 docs/development/evidence/shared40-source-reference/sources/correctness/files/scripts/equipment.gd.uid
 create mode 100644 docs/development/evidence/shared40-source-reference/sources/correctness/files/scripts/game.gd
 create mode 100644 docs/development/evidence/shared40-source-reference/sources/correctness/files/scripts/game.gd.uid
 create mode 100644 docs/development/evidence/shared40-source-reference/sources/correctness/files/scripts/hud.gd
 create mode 100644 docs/development/evidence/shared40-source-reference/sources/correctness/files/scripts/hud.gd.uid
 create mode 100644 docs/development/evidence/shared40-source-reference/sources/correctness/files/scripts/lab_bench.gd
 create mode 100644 docs/development/evidence/shared40-source-reference/sources/correctness/files/scripts/lab_bench.gd.uid
 create mode 100644 docs/development/evidence/shared40-source-reference/sources/correctness/files/scripts/pixel_sprite.gd
 create mode 100644 docs/development/evidence/shared40-source-reference/sources/correctness/files/scripts/pixel_sprite.gd.uid
 create mode 100644 docs/development/evidence/shared40-source-reference/sources/correctness/files/scripts/player.gd
 create mode 100644 docs/development/evidence/shared40-source-reference/sources/correctness/files/scripts/player.gd.uid
 create mode 100644 docs/development/evidence/shared40-source-reference/sources/correctness/files/scripts/practice_target.gd
 create mode 100644 docs/development/evidence/shared40-source-reference/sources/correctness/files/scripts/practice_target.gd.uid
 create mode 100644 docs/development/evidence/shared40-source-reference/sources/correctness/files/scripts/presentation/camera_framing.gd
 create mode 100644 docs/development/evidence/shared40-source-reference/sources/correctness/files/scripts/presentation/camera_framing.gd.uid
 create mode 100644 docs/development/evidence/shared40-source-reference/sources/correctness/files/scripts/settings/game_settings.gd
 create mode 100644 docs/development/evidence/shared40-source-reference/sources/correctness/files/scripts/settings/game_settings.gd.uid
 create mode 100644 docs/development/evidence/shared40-source-reference/sources/correctness/files/scripts/shotgun_flare.gd
 create mode 100644 docs/development/evidence/shared40-source-reference/sources/correctness/files/scripts/shotgun_flare.gd.uid
 create mode 100644 docs/development/evidence/shared40-source-reference/sources/correctness/files/scripts/ui/campaign_menu.gd
 create mode 100644 docs/development/evidence/shared40-source-reference/sources/correctness/files/scripts/ui/campaign_menu.gd.uid
 create mode 100644 docs/development/evidence/shared40-source-reference/sources/correctness/files/scripts/weapon_pickup.gd
 create mode 100644 docs/development/evidence/shared40-source-reference/sources/correctness/files/scripts/weapon_pickup.gd.uid
 create mode 100644 docs/development/evidence/shared40-source-reference/sources/correctness/files/tests/authored_echo_playback_smoke.gd
 create mode 100644 docs/development/evidence/shared40-source-reference/sources/correctness/files/tests/authored_echo_playback_smoke.gd.uid
 create mode 100644 docs/development/evidence/shared40-source-reference/sources/correctness/files/tests/fixtures/authored_echo_actor.gd
 create mode 100644 docs/development/evidence/shared40-source-reference/sources/correctness/files/tests/fixtures/authored_echo_actor.gd.uid
 create mode 100644 docs/development/evidence/shared40-source-reference/sources/correctness/files/tests/fixtures/authored_echo_native_codec.gd
 create mode 100644 docs/development/evidence/shared40-source-reference/sources/correctness/files/tests/fixtures/authored_echo_native_codec.gd.uid
 create mode 100644 docs/development/evidence/shared40-source-reference/sources/correctness/manifest.json
 create mode 100644 docs/development/evidence/shared40-source-reference/sources/public-leaf/.gdignore
 create mode 100644 docs/development/evidence/shared40-source-reference/sources/public-leaf/files/.cinder/authored-reference-public-leaf1-runner.py
 create mode 100644 docs/development/evidence/shared40-source-reference/sources/public-leaf/files/.cinder/authored-reference-public-leaf1-submission.json
 create mode 100644 docs/development/evidence/shared40-source-reference/sources/public-leaf/files/.cinder/freeze_cursor37.py
 create mode 100644 docs/development/evidence/shared40-source-reference/sources/public-leaf/files/.cinder/local.json
 create mode 100644 docs/development/evidence/shared40-source-reference/sources/public-leaf/files/assets/characters/manifest.json
 create mode 100644 docs/development/evidence/shared40-source-reference/sources/public-leaf/files/assets/effects/manifest.json
 create mode 100644 docs/development/evidence/shared40-source-reference/sources/public-leaf/files/assets/references/manifest.json
 create mode 100644 docs/development/evidence/shared40-source-reference/sources/public-leaf/files/captures/character-blast.png
 create mode 100644 docs/development/evidence/shared40-source-reference/sources/public-leaf/files/captures/character-lab.png
 create mode 100644 docs/development/evidence/shared40-source-reference/sources/public-leaf/files/captures/character-primary.png
 create mode 100644 docs/development/evidence/shared40-source-reference/sources/public-leaf/files/captures/dash-plume-end.png
 create mode 100644 docs/development/evidence/shared40-source-reference/sources/public-leaf/files/captures/dash-plume-mid.png
 create mode 100644 docs/development/evidence/shared40-source-reference/sources/public-leaf/files/captures/enemy-recovery.png
 create mode 100644 docs/development/evidence/shared40-source-reference/sources/public-leaf/files/captures/enemy-warning.png
 create mode 100644 docs/development/evidence/shared40-source-reference/sources/public-leaf/files/captures/level-preview.png
 create mode 100644 docs/development/evidence/shared40-source-reference/sources/public-leaf/files/captures/loadout-bench.png
 create mode 100644 docs/development/evidence/shared40-source-reference/sources/public-leaf/files/captures/mechanics-lab.png
 create mode 100644 docs/development/evidence/shared40-source-reference/sources/public-leaf/files/captures/shot-flare-left.png
 create mode 100644 docs/development/evidence/shared40-source-reference/sources/public-leaf/files/captures/shot-flare-right.png
 create mode 100644 docs/development/evidence/shared40-source-reference/sources/public-leaf/files/captures/slash-arc.png
 create mode 100644 docs/development/evidence/shared40-source-reference/sources/public-leaf/files/data/campaign/registry.json
 create mode 100644 docs/development/evidence/shared40-source-reference/sources/public-leaf/files/data/design/difficulty_profiles.json
 create mode 100644 docs/development/evidence/shared40-source-reference/sources/public-leaf/files/data/design/player_equipment.json
 create mode 100644 docs/development/evidence/shared40-source-reference/sources/public-leaf/files/docs/concept-art/act1/generated-manifest.json
 create mode 100644 docs/development/evidence/shared40-source-reference/sources/public-leaf/files/docs/concept-art/act2/generated-manifest.json
 create mode 100644 docs/development/evidence/shared40-source-reference/sources/public-leaf/files/docs/concept-art/act3/generated-manifest.json
 create mode 100644 docs/development/evidence/shared40-source-reference/sources/public-leaf/files/docs/reference-library/act1/CREDITS.md
 create mode 100644 docs/development/evidence/shared40-source-reference/sources/public-leaf/files/docs/reference-library/act2/CREDITS.md
 create mode 100644 docs/development/evidence/shared40-source-reference/sources/public-leaf/files/docs/reference-library/act3/research/SOURCES.md
 create mode 100644 docs/development/evidence/shared40-source-reference/sources/public-leaf/files/project.godot
 create mode 100644 docs/development/evidence/shared40-source-reference/sources/public-leaf/files/scenes/campaign_main.tscn
 create mode 100644 docs/development/evidence/shared40-source-reference/sources/public-leaf/files/scenes/lab_arena.tscn
 create mode 100644 docs/development/evidence/shared40-source-reference/sources/public-leaf/files/scenes/player.tscn
 create mode 100644 docs/development/evidence/shared40-source-reference/sources/public-leaf/files/scenes/practice_target.tscn
 create mode 100644 docs/development/evidence/shared40-source-reference/sources/public-leaf/files/scripts/attack_footprint.gd
 create mode 100644 docs/development/evidence/shared40-source-reference/sources/public-leaf/files/scripts/attack_footprint.gd.uid
 create mode 100644 docs/development/evidence/shared40-source-reference/sources/public-leaf/files/scripts/campaign/attempts.gd
 create mode 100644 docs/development/evidence/shared40-source-reference/sources/public-leaf/files/scripts/campaign/attempts.gd.uid
 create mode 100644 docs/development/evidence/shared40-source-reference/sources/public-leaf/files/scripts/campaign/exact_json.gd
 create mode 100644 docs/development/evidence/shared40-source-reference/sources/public-leaf/files/scripts/campaign/exact_json.gd.uid
 create mode 100644 docs/development/evidence/shared40-source-reference/sources/public-leaf/files/scripts/campaign/level.gd
 create mode 100644 docs/development/evidence/shared40-source-reference/sources/public-leaf/files/scripts/campaign/level.gd.uid
 create mode 100644 docs/development/evidence/shared40-source-reference/sources/public-leaf/files/scripts/campaign/registry.gd
 create mode 100644 docs/development/evidence/shared40-source-reference/sources/public-leaf/files/scripts/campaign/registry.gd.uid
 create mode 100644 docs/development/evidence/shared40-source-reference/sources/public-leaf/files/scripts/campaign/save_store.gd
 create mode 100644 docs/development/evidence/shared40-source-reference/sources/public-leaf/files/scripts/campaign/save_store.gd.uid
 create mode 100644 docs/development/evidence/shared40-source-reference/sources/public-leaf/files/scripts/campaign/shell.gd
 create mode 100644 docs/development/evidence/shared40-source-reference/sources/public-leaf/files/scripts/campaign/shell.gd.uid
 create mode 100644 docs/development/evidence/shared40-source-reference/sources/public-leaf/files/scripts/campaign/snapshot_codec.gd
 create mode 100644 docs/development/evidence/shared40-source-reference/sources/public-leaf/files/scripts/campaign/snapshot_codec.gd.uid
 create mode 100644 docs/development/evidence/shared40-source-reference/sources/public-leaf/files/scripts/character/player_presentations.gd
 create mode 100644 docs/development/evidence/shared40-source-reference/sources/public-leaf/files/scripts/character/player_presentations.gd.uid
 create mode 100644 docs/development/evidence/shared40-source-reference/sources/public-leaf/files/scripts/combat/action_capture.gd
 create mode 100644 docs/development/evidence/shared40-source-reference/sources/public-leaf/files/scripts/combat/action_capture.gd.uid
 create mode 100644 docs/development/evidence/shared40-source-reference/sources/public-leaf/files/scripts/combat/authored_echo_cycle_journal.gd
 create mode 100644 docs/development/evidence/shared40-source-reference/sources/public-leaf/files/scripts/combat/authored_echo_cycle_journal.gd.uid
 create mode 100644 docs/development/evidence/shared40-source-reference/sources/public-leaf/files/scripts/combat/authored_echo_renderer.gd
 create mode 100644 docs/development/evidence/shared40-source-reference/sources/public-leaf/files/scripts/combat/authored_echo_renderer.gd.uid
 create mode 100644 docs/development/evidence/shared40-source-reference/sources/public-leaf/files/scripts/combat/authored_echo_terminal_receipt.gd
 create mode 100644 docs/development/evidence/shared40-source-reference/sources/public-leaf/files/scripts/combat/authored_echo_terminal_receipt.gd.uid
 create mode 100644 docs/development/evidence/shared40-source-reference/sources/public-leaf/files/scripts/combat/authored_enemy_sequence.gd
 create mode 100644 docs/development/evidence/shared40-source-reference/sources/public-leaf/files/scripts/combat/authored_enemy_sequence.gd.uid
 create mode 100644 docs/development/evidence/shared40-source-reference/sources/public-leaf/files/scripts/combat/body_sweep.gd
 create mode 100644 docs/development/evidence/shared40-source-reference/sources/public-leaf/files/scripts/combat/body_sweep.gd.uid
 create mode 100644 docs/development/evidence/shared40-source-reference/sources/public-leaf/files/scripts/combat/difficulty.gd
 create mode 100644 docs/development/evidence/shared40-source-reference/sources/public-leaf/files/scripts/combat/difficulty.gd.uid
 create mode 100644 docs/development/evidence/shared40-source-reference/sources/public-leaf/files/scripts/combat/lunge_motion.gd
 create mode 100644 docs/development/evidence/shared40-source-reference/sources/public-leaf/files/scripts/combat/lunge_motion.gd.uid
 create mode 100644 docs/development/evidence/shared40-source-reference/sources/public-leaf/files/scripts/combat/replay_cursor.gd
 create mode 100644 docs/development/evidence/shared40-source-reference/sources/public-leaf/files/scripts/combat/replay_cursor.gd.uid
 create mode 100644 docs/development/evidence/shared40-source-reference/sources/public-leaf/files/scripts/combat/replay_footprint.gd
 create mode 100644 docs/development/evidence/shared40-source-reference/sources/public-leaf/files/scripts/combat/replay_footprint.gd.uid
 create mode 100644 docs/development/evidence/shared40-source-reference/sources/public-leaf/files/scripts/combat/replay_playback.gd
 create mode 100644 docs/development/evidence/shared40-source-reference/sources/public-leaf/files/scripts/combat/replay_playback.gd.uid
 create mode 100644 docs/development/evidence/shared40-source-reference/sources/public-leaf/files/scripts/combat/replay_program.gd
 create mode 100644 docs/development/evidence/shared40-source-reference/sources/public-leaf/files/scripts/combat/replay_program.gd.uid
 create mode 100644 docs/development/evidence/shared40-source-reference/sources/public-leaf/files/scripts/combat/replay_sequence.gd
 create mode 100644 docs/development/evidence/shared40-source-reference/sources/public-leaf/files/scripts/combat/replay_sequence.gd.uid
 create mode 100644 docs/development/evidence/shared40-source-reference/sources/public-leaf/files/scripts/combat/replay_witness.gd
 create mode 100644 docs/development/evidence/shared40-source-reference/sources/public-leaf/files/scripts/combat/replay_witness.gd.uid
 create mode 100644 docs/development/evidence/shared40-source-reference/sources/public-leaf/files/scripts/combat/threat_geometry.gd
 create mode 100644 docs/development/evidence/shared40-source-reference/sources/public-leaf/files/scripts/combat/threat_geometry.gd.uid
 create mode 100644 docs/development/evidence/shared40-source-reference/sources/public-leaf/files/scripts/combat/threat_scheduler.gd
 create mode 100644 docs/development/evidence/shared40-source-reference/sources/public-leaf/files/scripts/combat/threat_scheduler.gd.uid
 create mode 100644 docs/development/evidence/shared40-source-reference/sources/public-leaf/files/scripts/cues/cue_mesh.gd
 create mode 100644 docs/development/evidence/shared40-source-reference/sources/public-leaf/files/scripts/cues/cue_mesh.gd.uid
 create mode 100644 docs/development/evidence/shared40-source-reference/sources/public-leaf/files/scripts/cues/threat_cue.gd
 create mode 100644 docs/development/evidence/shared40-source-reference/sources/public-leaf/files/scripts/cues/threat_cue.gd.uid
 create mode 100644 docs/development/evidence/shared40-source-reference/sources/public-leaf/files/scripts/curling_smoke.gd
 create mode 100644 docs/development/evidence/shared40-source-reference/sources/public-leaf/files/scripts/curling_smoke.gd.uid
 create mode 100644 docs/development/evidence/shared40-source-reference/sources/public-leaf/files/scripts/dev/dev.py
 create mode 100644 docs/development/evidence/shared40-source-reference/sources/public-leaf/files/scripts/effects.gd
 create mode 100644 docs/development/evidence/shared40-source-reference/sources/public-leaf/files/scripts/effects.gd.uid
 create mode 100644 docs/development/evidence/shared40-source-reference/sources/public-leaf/files/scripts/enemy.gd
 create mode 100644 docs/development/evidence/shared40-source-reference/sources/public-leaf/files/scripts/enemy.gd.uid
 create mode 100644 docs/development/evidence/shared40-source-reference/sources/public-leaf/files/scripts/equipment.gd
 create mode 100644 docs/development/evidence/shared40-source-reference/sources/public-leaf/files/scripts/equipment.gd.uid
 create mode 100644 docs/development/evidence/shared40-source-reference/sources/public-leaf/files/scripts/game.gd
 create mode 100644 docs/development/evidence/shared40-source-reference/sources/public-leaf/files/scripts/game.gd.uid
 create mode 100644 docs/development/evidence/shared40-source-reference/sources/public-leaf/files/scripts/hud.gd
 create mode 100644 docs/development/evidence/shared40-source-reference/sources/public-leaf/files/scripts/hud.gd.uid
 create mode 100644 docs/development/evidence/shared40-source-reference/sources/public-leaf/files/scripts/lab_bench.gd
 create mode 100644 docs/development/evidence/shared40-source-reference/sources/public-leaf/files/scripts/lab_bench.gd.uid
 create mode 100644 docs/development/evidence/shared40-source-reference/sources/public-leaf/files/scripts/pixel_sprite.gd
 create mode 100644 docs/development/evidence/shared40-source-reference/sources/public-leaf/files/scripts/pixel_sprite.gd.uid
 create mode 100644 docs/development/evidence/shared40-source-reference/sources/public-leaf/files/scripts/player.gd
 create mode 100644 docs/development/evidence/shared40-source-reference/sources/public-leaf/files/scripts/player.gd.uid
 create mode 100644 docs/development/evidence/shared40-source-reference/sources/public-leaf/files/scripts/practice_target.gd
 create mode 100644 docs/development/evidence/shared40-source-reference/sources/public-leaf/files/scripts/practice_target.gd.uid
 create mode 100644 docs/development/evidence/shared40-source-reference/sources/public-leaf/files/scripts/presentation/camera_framing.gd
 create mode 100644 docs/development/evidence/shared40-source-reference/sources/public-leaf/files/scripts/presentation/camera_framing.gd.uid
 create mode 100644 docs/development/evidence/shared40-source-reference/sources/public-leaf/files/scripts/settings/game_settings.gd
 create mode 100644 docs/development/evidence/shared40-source-reference/sources/public-leaf/files/scripts/settings/game_settings.gd.uid
 create mode 100644 docs/development/evidence/shared40-source-reference/sources/public-leaf/files/scripts/shotgun_flare.gd
 create mode 100644 docs/development/evidence/shared40-source-reference/sources/public-leaf/files/scripts/shotgun_flare.gd.uid
 create mode 100644 docs/development/evidence/shared40-source-reference/sources/public-leaf/files/scripts/ui/campaign_menu.gd
 create mode 100644 docs/development/evidence/shared40-source-reference/sources/public-leaf/files/scripts/ui/campaign_menu.gd.uid
 create mode 100644 docs/development/evidence/shared40-source-reference/sources/public-leaf/files/scripts/weapon_pickup.gd
 create mode 100644 docs/development/evidence/shared40-source-reference/sources/public-leaf/files/scripts/weapon_pickup.gd.uid
 create mode 100644 docs/development/evidence/shared40-source-reference/sources/public-leaf/files/tests/authored_enemy_sequence_smoke.gd
 create mode 100644 docs/development/evidence/shared40-source-reference/sources/public-leaf/files/tests/authored_enemy_sequence_smoke.gd.uid
 create mode 100644 docs/development/evidence/shared40-source-reference/sources/public-leaf/files/tests/authored_source_guard_reference_smoke.gd
 create mode 100644 docs/development/evidence/shared40-source-reference/sources/public-leaf/manifest.json
 create mode 100644 tests/authored_source_guard_reference_smoke.gd
